Country,Title,Company,Location,Salary_Min,Salary_Max,Salary_period,Salary_Avg,Salary_Is_Predicted,Category,Description,Created_At,Work_Mode,URL
GB,Recruitment Consultant,Ganymede Solutions,"Leicester, Leicestershire",26500.0,30000.0,,30000.0,0,Sales Jobs,"Recruitment Consultant (360 Role) Location: Leicester (LE3) Remuneration: Up to £30,000 basic (DOE), Uncapped Commission, Benefits Tired of targets that feel endless - and progression that never comes? If you already know recruitment, but you’re starting to question ""what's next?"", you’re not alone. Many experienced consultants feel stuck: chasing KPIs, seeing desks reshuffled, and hearing promises about promotion that stay just out of reach. At ATA Recruitment, we help recruiters like you take…",2025-05-24T10:23:44Z,Onsite,https://www.adzuna.co.uk/jobs/land/ad/5214055129?se=DlsiD4E48BGKPBF8ALaCew&utm_medium=api&utm_source=25f3af84&v=AC33B4DFB2CEC8A51E17E11F82FDCC4DA5A44FA2
GB,Transport Administrator - Night Shift,Fresh Direct,"Middleton Stoney, Bicester",29624.14,29624.14,,29624.14,1,Logistics & Warehouse Jobs,"Job Description Transport Administrator £14.57 per hour (£31,063 per year) Shift detail: Working Night Shift, any 5 from 7 with typical shift pattern Sunday to Thursday 22:00 - 06:00, with some flexibility required 40 hour permanent contract Bicester If you're as ambitious as we are and eager to advance your career in Supply Chain Logistics, this is your opportunity to make a real impact. Join us as a Depot Transport Administrator on a permanent basis at our Fresh Direct depot (Sysco GB) in Bic…",2025-05-24T10:23:14Z,Onsite,https://www.adzuna.co.uk/jobs/details/5214055026?utm_medium=api&utm_source=25f3af84
GB,Continuous Insights Manager,KP Snacks,"Slough, Berkshire",38152.15,38152.15,,38152.15,1,IT Jobs,"Continuous Insights Manager Slough (our Head Office) Hybrid - minimum of 2 days per week on site Join our snack-loving team! We're looking for a Continuous Insights Manager to join our team at KP Snacks. Fancy being part of a group where your ideas matter and your growth is celebrated? Keep reading - this might just be your next adventure! This is a fast-paced, insight-driven role where you'll turn market data into powerful stories that help shape our brand strategies. You'll lead regular repor…",2025-05-24T10:22:50Z,Hybrid,https://www.adzuna.co.uk/jobs/land/ad/5214054957?se=DlsiD4E48BGKPBF8ALaCew&utm_medium=api&utm_source=25f3af84&v=5BE7175B150A68EDF82C2F95BEB919972028C533
GB,Team Leader,Bakkavor Group,"Tilmanstone, Deal",33380.0,33380.0,,33380.0,0,Manufacturing Jobs,"Production / Factory Team Leader( Food Manufacturing) Proud to deliver high quality products and develop a high-quality career Salary - £33,380 Based in Tilmanstone Day Shift- 4 on 2 off rotating, working hours 05:30 - 13:30, 08:00 - 16:00 Due to the shift pattern you are required to work bank holidays and weekends. The first two days of your shift you will work 08:00- 16:00 and for the other two days you will work 05:30- 13:30 Highly competitive reward package including life insurance, 25 days…",2025-05-24T10:22:25Z,Onsite,https://www.adzuna.co.uk/jobs/details/5214054317?utm_medium=api&utm_source=25f3af84
GB,Senior Account Manager Greater Manchester / Leeds,Dee Set,"Lees, Oldham",44327.81,44327.81,,44327.81,1,IT Jobs,"Are you a high-performing operator who thrives on data, delivers under pressure, and always finds a way forward? We're looking for a Senior Account Manager who is commercially astute, customer-obsessed, and hungry to make a measurable impact. This is more than a job, It's a platform for someone who",2025-05-24T10:21:53Z,Onsite,https://www.adzuna.co.uk/jobs/land/ad/5214054199?se=DlsiD4E48BGKPBF8ALaCew&utm_medium=api&utm_source=25f3af84&v=AA1C09E6281B5252739ABD97E938C77A6AB1880C
GB,Ecologist,Penguin Recruitment,"Grangetown, Cardiff",27000.0,32000.0,,32000.0,0,Consultancy Jobs,"Ecological Consultant - Cardiff (Hybrid) Environmental Consultancy | Terrestrial Ecology Salary: £27,000 - £32,000 (Dependent on Experience) Location: Cardiff, Wales, UK (Right to Work in the UK required) A well-established and forward-thinking environmental consultancy is looking for an experienced Ecological Consultant to join its Cardiff-based terrestrial ecology team. This is a hybrid position involving a mix of fieldwork, ecological report writing, and client engagement. Role Overview - Ec…",2025-05-24T10:21:40Z,Hybrid,https://www.adzuna.co.uk/jobs/details/5214054123?utm_medium=api&utm_source=25f3af84
GB,Direct Sales Agent,Alecto Recruitment,"Heeley, Sheffield",24000.0,25000.0,,25000.0,0,Sales Jobs,"Direct Sales Agent - Retention Team Location: Sheffield (S9) Hours: Monday to Friday, 9am-5pm (No weekends) Employment Type: Full-time Salary: £24,000-£25,000 base  uncapped commission (OTE £30,000-£40,000) A well-established organisation in the automotive sector is seeking experienced Telesales professionals to join its Retention Team. This is a fantastic opportunity for individuals who are confident on the phone and enjoy working in a supportive, target-driven environment. Unlike traditional …",2025-05-24T10:21:26Z,Onsite,https://www.adzuna.co.uk/jobs/details/5214054038?utm_medium=api&utm_source=25f3af84
GB,Infrastructure & Utilities Manager,Bakkavor Group,"Spalding, Lincolnshire",8400.0,8400.0,,8400.0,0,Engineering Jobs,"UK Infrastructure and Utilities Manager Hybrid working travel to sites across the UK Shift - Monday to Friday 8.30 - 17.00 Competitive Salary £8,400 Car Allowance Up to 20% Bonus Private Healthcare Life Assurance Relocation support (Ts & Cs apply) Highly competitive rewards package including Group Pension Excellent career progression prospects across the Bakkavor group We're proud to be able to offer careers with real scope for development. To reward your hard work and ambition, as a talented U…",2025-05-24T10:16:31Z,Hybrid,https://www.adzuna.co.uk/jobs/land/ad/5214053192?se=DlsiD4E48BGKPBF8ALaCew&utm_medium=api&utm_source=25f3af84&v=84F36C1431F3513F195092A55D010D7431F8479E
GB,Operations Support Specialist,Paysafe Group,UK,41473.45,41473.45,,41473.45,1,Accounting & Finance Jobs,"Paysafe is a leading payments platform with an extensive track record of serving merchants and consumers in the global entertainment sectors. Its core purpose is to enable businesses and consumers to connect and transact seamlessly through industry-leading capabilities in payment processing, digital wallet, and online cash solutions. With 29 years of online payment experience, an annualized transactional volume of $152 billion in 2024, and approximately 3,000 employees located in 12 countries, …",2025-05-24T10:13:26Z,Onsite,https://www.adzuna.co.uk/jobs/details/5214052561?utm_medium=api&utm_source=25f3af84
GB,Sales Enablement Specialist,Paysafe Group,UK,52553.0,52553.0,,52553.0,1,IT Jobs,"About Paysafe Paysafe is a leading payments platform with an extensive track record of serving merchants and consumers in the global entertainment sectors. Its core purpose is to enable businesses and consumers to connect and transact seamlessly through industry-leading capabilities in payment processing, digital wallet, and online cash solutions. With 29 years of online payment experience, an annualized transactional volume of $152 billion in 2024, and approximately 3,300 employees located in …",2025-05-24T10:13:26Z,Onsite,https://www.adzuna.co.uk/jobs/details/5214052585?utm_medium=api&utm_source=25f3af84
GB,Cyber Incident Responder,Paysafe Group,UK,52818.04,52818.04,,52818.04,1,IT Jobs,"Paysafe is a leading payments platform with an extensive track record of serving merchants and consumers in the global entertainment sectors. Its core purpose is to enable businesses and consumers to connect and transact seamlessly through industry-leading capabilities in payment processing, digital wallet, and online cash solutions. With 29 years of online payment experience, an annualized transactional volume of $152 billion in 2024, and approximately 3,000 employees located in 12 countries, …",2025-05-24T10:13:25Z,Onsite,https://www.adzuna.co.uk/jobs/details/5214052511?utm_medium=api&utm_source=25f3af84
GB,In-House Consultant SAP SuccessFactors,Muller,"Market Drayton, Shropshire",54251.41,54251.41,,54251.41,1,IT Jobs,"Müller UK & Ireland is wholly owned by Unternehmensgruppe Theo Müller which employs over 31,000 people throughout Europe. In the UK, Müller develops, manufactures and markets a wide range of branded and private label dairy products made with milk from 1,300 farmers in Britain.Müller is ranked within the top 20 in The Grocer’s Top 100 list of Britain’s Biggest Brands and is picked from shelves millions of times each year. Müller UK & Ireland includes: Müller Milk & Ingredients which aims to be B…",2025-05-24T10:13:19Z,Onsite,https://www.adzuna.co.uk/jobs/details/5214052401?utm_medium=api&utm_source=25f3af84
GB,Production Operative - Grade 2,Muller,UK,34611.01,34611.01,,34611.01,1,Manufacturing Jobs,"Müller UK & Ireland is wholly owned by Unternehmensgruppe Theo Müller which employs over 31,000 people throughout Europe. In the UK, Müller develops, manufactures and markets a wide range of branded and private label dairy products made with milk from 1,300 farmers in Britain.Müller is ranked within the top 20 in The Grocer’s Top 100 list of Britain’s Biggest Brands and is picked from shelves millions of times each year. Müller UK & Ireland includes: Müller Milk & Ingredients which aims to be B…",2025-05-24T10:13:19Z,Onsite,https://www.adzuna.co.uk/jobs/details/5214052405?utm_medium=api&utm_source=25f3af84
GB,Proposition Manager,Royal London Group,"Edinburgh, Scotland",54466.66,54466.66,,54466.66,1,Accounting & Finance Jobs,"Job Title: Proposition Manager Contract Type: Permanent Location: Edinburgh/ Alderley Park Working style: Hybrid 50% home/office based We are looking for a motivated and engaged Proposition Manager to join us in the Workplace pensions proposition team. This team forms part of our UK Customer division, responsible for ensuring our Workplace pension proposition meets the current and future needs of our customers. You will be responsible for helping customers achieve positive experiences and outco…",2025-05-24T09:58:57Z,Hybrid,https://www.adzuna.co.uk/jobs/details/5214047902?utm_medium=api&utm_source=25f3af84
GB,Project Support Analyst - GDO,Royal London Group,"Edinburgh, Scotland",39053.48,39053.48,,39053.48,1,Admin Jobs,"Job Title: Project Support Analyst Contract Type: Permanent Location: Edinburgh, Glasgow, Manchester, Alderley Edge Working style: Hybrid – 50% home/office based Closing date: 9th June 2025 We are seeking a talented Project Support Analyst to join our Data Transformation Delivery team. This is a fantastic opportunity for someone interested in entering the world of Project Management to support a diverse range of projects, all of which will contribute to the achievement of our strategic goals of…",2025-05-24T09:58:57Z,Hybrid,https://www.adzuna.co.uk/jobs/details/5214047904?utm_medium=api&utm_source=25f3af84
GB,Private Asset Valuation Analyst,Royal London Group,"London, UK",57642.43,57642.43,,57642.43,1,Property Jobs,"Job Title: Private Asset Valuation Analyst Contract Type: Permanent Location: London Working style: Hybrid 50% home/office based Closing date: 8th June 2025 We are currently looking for a Private Asset Valuation Analyst to join Royal London Asset Management (RLAM) on a permanent basis in London. The Private Asset Valuation Analyst will play a key role in supporting the valuation of Private Asset instruments, incl. private debt, real estate, infrastructure, ABS, and other alternative asset class…",2025-05-24T09:58:57Z,Hybrid,https://www.adzuna.co.uk/jobs/details/5214047896?utm_medium=api&utm_source=25f3af84
GB,Data Scientist,Newcastle University,"Newcastle Upon Tyne, Tyne & Wear",40109.56,40109.56,,40109.56,1,IT Jobs,"Salary: £35,116 to £37,174 with progression to £45,413 per annum Newcastle University is a great place to work, with excellent benefits . We have a generous holiday package; plus the opportunity to buy more, great pension schemes and a number of health and wellbeing initiatives to support you. Closing Date: 22 June 2025 The Role We are looking for a talented individual with excellent technical skills to join our team of data scientists within the National Innovation Centre for Data ~(NICD). Joi…",2025-05-24T09:58:56Z,Onsite,https://www.adzuna.co.uk/jobs/details/5214047895?utm_medium=api&utm_source=25f3af84
GB,Senior HRBP - Corporate Centre Transformation,Royal Mail Group,"Farringdon, Central London",56763.0,56763.0,,56763.0,1,HR & Recruitment Jobs,"​ Job reference 322707 Senior HRBP - Corporate Centre Transformation Competitive salary, plus car allowance, healthcare, 18% annual bonus potential, 27.5 days annual leave plus bank holidays rising with serve and a company pension scheme with highly competitive contribution rates. Contract: 12 Months Fixed Term, Full time Location: Royal Mail, 185 Farringdon Road, London, EC1A 1BB - hybrid working (3 days in-office) Are you a strategic HR professional ready to make a real impact? We're looking …",2025-05-24T09:56:58Z,Hybrid,https://www.adzuna.co.uk/jobs/details/5214046175?utm_medium=api&utm_source=25f3af84
GB,Head of Retail Mail,Royal Mail Group,"London, UK",50855.06,50855.06,,50855.06,1,Retail Jobs,"Role Title - Head of Retail Mail Location - London, Farringdon (Hybrid, 3 day in office) An exciting opportunity has arisen to join Royal Mails as the Head of Retail Mail. As Head of Retail Mails, you will oversee the entire Royal Mail UK product portfolio for Retail Letters. The focus will be on driving margin and increasing revenue and responsibilities include developing the strategy, leading customer discussions, performance management, product developments and the day to day running of the …",2025-05-24T09:56:58Z,Hybrid,https://www.adzuna.co.uk/jobs/details/5214046167?utm_medium=api&utm_source=25f3af84
GB,Agency Partnership Manager,Royal Mail Group,"London, UK",37614.93,37614.93,,37614.93,1,"PR, Advertising & Marketing Jobs","​ Job reference 324484 Agency Partnership Manager Competitive salary plus £4200 car allowance or £3700 cash equivalent, full family healthcare, 18% annual bonus potential, 27.5 days annual leave plus bank holidays rising with service and a company pension scheme with highly competitive contribution rates Permanent, Full time This is a Hybrid Working role with a requirement to attend our London Farringdon office on a regular basis, with flexibility required in line with business needs Direct mai…",2025-05-24T09:56:57Z,Hybrid,https://www.adzuna.co.uk/jobs/details/5214046152?utm_medium=api&utm_source=25f3af84
GB,Head of Legal UK,QED Legal,"North London, London",69214.4,69214.4,,69214.4,1,Legal Jobs,"Our client is a multinational company, looking for a Head of Legal for all legal, compliance and data protection related matters for all their UK legal entities. This position also comprises the role of company secretary. The successful candidate must have knowledge of public procurement in the UK. Based in North London this company has a hybrid working policy preferring employees to be in the office 3 days per week. Key responsibilities: Lead and support the legal department Draft and negotiat…",2025-05-24T09:52:50Z,Hybrid,https://www.adzuna.co.uk/jobs/details/5214043409?utm_medium=api&utm_source=25f3af84
GB,Data Analyst Apprentice,Historic England,UK,0.0,5.0,,5.0,0,Admin Jobs,"Job Description Summary Historic England are excited to be seeking a Data Analyst Apprentice. This is rare, exciting opportunity for the successful candidate to achieve a Level 4 Data Analyst Apprenticeship qualification, working within our Analytics team. With a Data Analyst apprenticeship, you will learn “on the job” how to analyse data managed by Historic England relating to the historic environment and the heritage sector as well as relevant data provided by external organisations. This rol…",2025-05-24T09:51:33Z,Onsite,https://www.adzuna.co.uk/jobs/details/5214042385?utm_medium=api&utm_source=25f3af84
GB,Marketing Executive,Motability Operations Ltd,UK,0.0,6357.0,,6357.0,0,"PR, Advertising & Marketing Jobs","About The Role We are looking for an experienced Marketing Executive to join our Marketing Team. In this role you’ll be working with our sponsors, ambassadors and partners. You’ll be executing contracts and creating content, assets and activations that shine and deliver value for Motability Operations and The Motability Scheme. About You Key Responsibilities: You’ll help us deliver high-impact sponsorship and ambassador activity by: Supporting the delivery of our sponsorship strategy and activa…",2025-05-24T09:51:33Z,Onsite,https://www.adzuna.co.uk/jobs/details/5214042386?utm_medium=api&utm_source=25f3af84
GB,Product Delivery Partner,Hippo Digital,UK,0.0,5.0,,5.0,0,IT Jobs,"About The Role Hippo is seeking a Product Delivery Partner who can strategically manage multidisciplinary deliveries and day-to-day commercial operations. This role demands a hands-on approach combined with a strong focus on product leadership, ensuring delivery excellence and client satisfaction while supporting Hippo’s long-term growth. While less senior than some other roles within the Delivery Partner cohort, this position is designed to provide room for progression and growth in the role. …",2025-05-24T09:51:33Z,Onsite,https://www.adzuna.co.uk/jobs/details/5214042384?utm_medium=api&utm_source=25f3af84
GB,Facilities Assistant - 25 hours per week,Historic England,UK,0.0,5.0,,5.0,0,Trade & Construction Jobs,"Job Description Summary We are the public body that looks after England’s historic environment. We champion historic places, helping people understand, value and care for them. Historic England have a fantastic opportunity for you to join us as our Facilities Assistant. We are looking for someone who is passionate about facilities, customer service and ensuring the successful running of the London office. This is a part time vacancy, five hours a day over five days. What you will be doing In th…",2025-05-24T09:51:32Z,Onsite,https://www.adzuna.co.uk/jobs/details/5214042367?utm_medium=api&utm_source=25f3af84
GB,Intermediate Agile Delivery Manager,Hippo Digital,UK,0.0,59.0,,59.0,0,IT Jobs,"About The Role Hippo is recruiting for Intermediate Delivery Managers to join our growing consultancy. Delivery Managers work with our clients to embed agile ways of working and support multi-disciplined teams to focus on the priorities to deliver the associated product or services. You’ll manage ceremonies aligned to scrum methodology, including daily synch meetings, sprint planning, sprint reviews, retrospectives and 'show and tells'. As an Intermediate Consultant, specialising in Delivery, y…",2025-05-24T09:51:32Z,Onsite,https://www.adzuna.co.uk/jobs/details/5214042369?utm_medium=api&utm_source=25f3af84
GB,Historic Environment Record Officer,Historic England,UK,0.0,5.0,,5.0,0,Scientific & QA Jobs,"Job Description Summary We are the public body that looks after England’s historic environment. We champion historic places, helping people understand, value and care for them. Historic England have a fantastic opportunity for you to join us as our Historic Environment Record Officer. This is Full Time, 12 months Fixed-Term Contract based in London with hybrid working. We offer a wide benefits package including a competitive pension scheme starting at 28.97% employer contributions, a generous 2…",2025-05-24T09:51:32Z,Hybrid,https://www.adzuna.co.uk/jobs/details/5214042377?utm_medium=api&utm_source=25f3af84
GB,Manufacturer Relations Account Manager (12-months FTC/Secondment),Motability Operations Ltd,UK,0.0,5.0,,5.0,0,Sales Jobs,About The Role Motability Operations are currently recruiting for a Manufacturer Relations Account Manager to join our team in Bristol or London on a 12-month FTC/secondment to cover a period of sabbatical leave. Your role will be to coordinate the relationship between Motability Operations and an appointed portfolio of vehicle manufacturers through the development of effective working relationships across all levels within their organisation. To ensure that vehicle manufacturers have a good un…,2025-05-24T09:51:32Z,Onsite,https://www.adzuna.co.uk/jobs/details/5214042370?utm_medium=api&utm_source=25f3af84
GB,Archaeological Archive Curator,Historic England,UK,0.0,5.0,,5.0,0,Scientific & QA Jobs,"Job Description Summary We are the public body that looks after England’s historic environment. We champion historic places, helping people understand, value and care for them. This is an exciting opportunity to join our Archaeological Archives Team (AAT)—a team unlike any other in UK archaeology. Based within our Archaeological Investigation Team, the AAT brings together expertise in archive management, digital data creation and archiving, and the publication of the Historic England Research R…",2025-05-24T09:51:31Z,Onsite,https://www.adzuna.co.uk/jobs/details/5214042354?utm_medium=api&utm_source=25f3af84
GB,Payroll Administrator,Historic England,UK,0.0,59.0,,59.0,0,Admin Jobs,"Job Description Summary We are the public body that looks after England’s historic environment. We champion historic places, helping people understand, value and care for them. Historic England have a fantastic opportunity for you to join us as our Payroll Administrator. This is a Full Time, 12 months Fixed-Term Contract based in Swindon with hybrid working. We offer a wide benefits package including a competitive pension scheme starting at 28.97% employer contributions, a generous 28 days holi…",2025-05-24T09:51:31Z,Hybrid,https://www.adzuna.co.uk/jobs/details/5214042358?utm_medium=api&utm_source=25f3af84
GB,Project Manager,Historic England,UK,0.0,5576.0,,5576.0,0,Scientific & QA Jobs,"Job Description Summary We are the public body that looks after England’s historic environment. We champion historic places, helping people understand, value and care for them. Historic England have a fantastic opportunity for you to join us as our Project Manager for Knowing The Heritage Sector. This is a Full Time, fixed term contract until March 2026. The location of this role is National where we offer hybrid working, you will be based in one of our following offices and from home - Manches…",2025-05-24T09:51:31Z,Hybrid,https://www.adzuna.co.uk/jobs/details/5214042365?utm_medium=api&utm_source=25f3af84
GB,"Marketing Team Lead - Web, Digital Experience, SEO, Paid Media",LexisNexis,"London, UK",39810.67,39810.67,,39810.67,1,IT Jobs,"Marketing Team Lead - Web, Digital Experience, SEO, Paid Media About our team: LexisNexis is the leading partner for professionals in the business and professional and legal sectors. Our mission? To ensure clients always have access to reliable, up-to-date data and groundbreaking technology. In addition to high-quality information solutions, we now also offer innovative AI-driven tools that help our clients work more efficiently and gain strategic insights. LexisNexis is on the brink of a new p…",2025-05-24T09:51:30Z,Onsite,https://www.adzuna.co.uk/jobs/details/5214042339?utm_medium=api&utm_source=25f3af84
GB,Senior Software Engineer,LexisNexis,"London, UK",59897.9,59897.9,,59897.9,1,IT Jobs,"Are you passionate about shaping the future of AI-driven IP tools in a collaborative, flexible environment? Want to join a dynamic team building cutting-edge AI solutions and analytics on impactful, global projects? About Us LexisNexis, a part of RELX, is a leading global provider of legal, regulatory, and business information. We help customers increase productivity and improve decision-making and outcomes. Our 10,500 experts and innovative tools help us shape a better world for our customers …",2025-05-24T09:51:30Z,Onsite,https://www.adzuna.co.uk/jobs/details/5214042337?utm_medium=api&utm_source=25f3af84
GB,"Associate, Treasury Accounting",European Bank for Reconstruction and Development,"London, UK",43711.0,43711.0,,43711.0,1,Accounting & Finance Jobs,"Purpose of Job A member of one of the Bank's three accounting specialist teams who, between them, maintain the financial records for both the Bank and the Donor Funds administrated by the Bank. In this role the Associate correctly applies the relevant accounting rules and provides meaningful and appropriate financial reporting. Accountabilities & Responsibilities Prepares sections of the year-end financial statements with all required disclosures and notes accurately and to a tight deadline Pre…",2025-05-24T09:51:30Z,Onsite,https://www.adzuna.co.uk/jobs/details/5214042342?utm_medium=api&utm_source=25f3af84
GB,Software Engineer,LexisNexis,"London, UK",54928.41,54928.41,,54928.41,1,IT Jobs,"Want to join a dynamic team building cutting-edge AI solutions and analytics on impactful, global projects? Are you passionate about shaping the future of AI-driven IP tools in a collaborative, flexible environment? About Us LexisNexis, a part of RELX, is a leading global provider of legal, regulatory, and business information. We help customers increase productivity and improve decision-making and outcomes. Our 10,500 experts and innovative tools help us shape a better world for our customers …",2025-05-24T09:51:29Z,Onsite,https://www.adzuna.co.uk/jobs/details/5214042326?utm_medium=api&utm_source=25f3af84
GB,Graduate Environmental & Quality Coordinator,Arrow Electronics,"Harrogate, North Yorkshire",33784.59,33784.59,,33784.59,1,Graduate Jobs,Position: Graduate Environmental & Quality Coordinator Job Description: Join Arrow's Graduate Program Designed for the Next Generation of Innovators We are looking for a Graduate Environmental & Quality Coordinator Our Arrow's EMEA Graduate Program is a 12-month journey designed specifically for graduates who completed their education not more than 2 years ago and are seeking to take part in a practical learning curriculum. We provide a platform to work with experienced mentors to accelerate an…,2025-05-24T09:51:29Z,Onsite,https://www.adzuna.co.uk/jobs/details/5214042330?utm_medium=api&utm_source=25f3af84
GB,Academy Performance Analyst (U19-U14),Derby County FC,"Oakwood, Derby",30944.32,30944.32,,30944.32,1,Teaching Jobs,"Derby County Football Club, established in 1884, is one of the founder members of the English Football League and has a rich and varied history, including two First Division titles in 1972 and 1975 and an FA Cup success in 1946. The club are currently playing in the Sky Bet Championship, the second tier of English Football following their promotion from League One in the 2023/24 season and is under the management of Head Coach John Eustace. The club also boasts a successful and respected Catego…",2025-05-24T09:51:27Z,Onsite,https://www.adzuna.co.uk/jobs/details/5214042276?utm_medium=api&utm_source=25f3af84
GB,First Team Club Doctor,Queens Park Rangers Football Club,"Cranford, Hounslow",60753.66,60753.66,,60753.66,1,Healthcare & Nursing Jobs,To apply please send a Cover Letter & CV to jobs@qpr.co.uk by 8th June . Within the application email please include details around salary expectations and any current commitments which need consideration/accommodation such as GP work and private clinics Job purpose As part of the clubs Performance Services team this role will be responsible for the clinical governance of the performance department with a particular focus on supporting the men’s first team and academy PDP while also overseeing …,2025-05-24T09:51:26Z,Onsite,https://www.adzuna.co.uk/jobs/details/5214042256?utm_medium=api&utm_source=25f3af84
GB,Physical Performance Coach (First Team),Queens Park Rangers Football Club,"Cranford, Hounslow",40000.0,50000.0,,50000.0,0,Teaching Jobs,"Job purpose As part of the overall Performance Departments support strategy the role will work collaboratively with Performance/Football staff and players to effectively design, deliver and review the pitch based physical development program as part of the club’s wider performance strategy and model. Specifically, this role will lead the performance elements of on-pitch training to all first team players and lead all aspects of physical development to the goalkeepers. This is to ensure players …",2025-05-24T09:51:26Z,Onsite,https://www.adzuna.co.uk/jobs/details/5214042224?utm_medium=api&utm_source=25f3af84
GB,Senior Product Analytics Manager - Acquiring,Wise,"London, UK",69951.25,69951.25,,69951.25,1,IT Jobs,"THE ROLE We're seeking a highly motivated and experienced Senior Analytics Manager to lead product analytics across the Acquiring Domain. In the Acquiring Domain several teams collaborate to enable small businesses to get paid internationally via Pay with Wise, cards and local payment methods for subscriptions, e-commerce checkouts etc. This is a great opportunity to build a 0-1 product and scale it massively. The goal? To create a truly differentiated product focused on getting paid internatio…",2025-05-24T09:51:19Z,Onsite,https://www.adzuna.co.uk/jobs/details/5214041901?utm_medium=api&utm_source=25f3af84
GB,Senior Business Development Manager - France & Southern Europe,Wise,"London, UK",46797.44,46797.44,,46797.44,1,Sales Jobs,"A bit about the role: We’ve launched partnerships globally, with the likes of BPCE Group, Morgan Stanley, N26, Qonto and Monzo. We’re looking for someone to drive the growth of Wise Platform in France and Southern Europe - by joining our Business Development team. You’ll work closely with the global Wise Platform Business Development team - as well as with other functions, including Pre-Sales, Product Management, Compliance & Legal, Implementation and Engineering. Your mission: • Work with the …",2025-05-24T09:51:19Z,Onsite,https://www.adzuna.co.uk/jobs/details/5214041896?utm_medium=api&utm_source=25f3af84
GB,"Specialist, Revenue Enablement",Checkout.com,"London, UK",43307.23,43307.23,,43307.23,1,IT Jobs,"The Revenue Enablement Specialist is responsible for supporting the wider Revenue Enablement team with content production, process management and improvements, reporting and communication. What you will be doing Collaborate cross-functionally with multiple stakeholders and teams such as Commercial, People, Product, Operations and Marketing teams. Build content and resources for in-person and e-learning training (including videos, slides, smartpages and certifications) Maintain content libraries…",2025-05-24T09:51:19Z,Onsite,https://www.adzuna.co.uk/jobs/details/5214041916?utm_medium=api&utm_source=25f3af84
GB,Retrofit Assessor,SMART ENERGIE LTD,"Harrow, London",35103.46,35103.46,,35103.46,1,Admin Jobs,"This role is to be able to complete surveys and energy assessments at domestic properties across England and Wales in line with PAS 200:2019 AND 2035. Liaising with the customer and arranging meetings for site visits and doing site surveying in accordance with ECO-4, LAD Schemes and GHG grants. Communicate with installers and Customers in the field and educate customers in understanding about energy-saving measures and help them save energy bills thereby contributing to Net Zero carbon. Prepari…",2025-05-24T09:49:15Z,Onsite,https://www.adzuna.co.uk/jobs/details/5214039043?utm_medium=api&utm_source=25f3af84
GB,Category & Insight Mgr,Pertemps,"Banbury, Oxfordshire",35000.0,45000.0,,45000.0,0,Retail Jobs,"Job Advert: Category and Insight Manager Location: Banbury, UK (100% Office-Based) Salary: £35,000 - £45,000 DOE  up to 20% performance-based bonus Type: Full-Time, Permanent Are you ready to make an impact in the fast-moving world of FMCG? Join our clients dynamic team as a Category and Insight Manager and play a key role in driving growth through data-driven strategies and insights. About Our Client We are an established and ambitious FMCG company based in Banbury, passionate about delivering…",2025-05-24T09:46:02Z,Onsite,https://www.adzuna.co.uk/jobs/details/5214037109?utm_medium=api&utm_source=25f3af84
GB,Junior Implementation Consultant,Pertemps,"Bristol, South West England",29000.0,32000.0,,32000.0,0,IT Jobs,"Job Title: Junior Implementation Consultant Location: Hybrid - Bristol (minimum 4 days in-office during probation) Salary: Up to £32,000 per annum (depending on experience) Contract: Full-time, 37 hours per week Closing Date: Tuesday 3rd June 2025 Join a fast-growing software company delivering asset management solutions across the UK and internationally. We're looking for a Junior Implementation Consultant to support the delivery of tailored software solutions to new and existing clients. This…",2025-05-24T09:46:01Z,Hybrid,https://www.adzuna.co.uk/jobs/details/5214037099?utm_medium=api&utm_source=25f3af84
GB,Business Office support,Pertemps,"West Midlands, UK",31428.0,31428.0,,31428.0,0,Admin Jobs,"Job Title: Business Office Support Location: Birmingham City Centre (Hybrid – 60% Office / 40% Home) Salary: £15.11 per hour Working Hours: 9:00 AM – 5:30 PM, Monday to Friday Contract Duration: ASAP Start – December 2025 About the Role We are currently seeking a proactive and organised Business Office Support professional client based in Birmingham City Centre. This is a hybrid role with a 60/40 office-to-home working pattern, offering the opportunity to contribute to the smooth operation of o…",2025-05-24T09:46:00Z,Hybrid,https://www.adzuna.co.uk/jobs/details/5214037073?utm_medium=api&utm_source=25f3af84
GB,Management Accountant,COREcruitment,"London, UK",50000.0,50000.0,,50000.0,0,Accounting & Finance Jobs,"This a hybrid role, 3 days per week in the office, 2 days hybrid.A fast-growing, award-winning property technology business is seeking a hands-on Management Accountant to support the day-to-day operations of its finance function.This is a key role supporting the Finance Director in driving financial accuracy, commercial insight, and operational efficiency. The Management Accountant will take ownership of core financial activities including management accounts, cashflow, reconciliations, budgeti…",2025-05-24T09:45:15Z,Hybrid,https://www.adzuna.co.uk/jobs/details/5214035959?utm_medium=api&utm_source=25f3af84
GB,Higher Level Teaching Assistant HLTA,Integra,"Northwich, Cheshire",31200.0,32500.0,,32500.0,0,Teaching Jobs,Are you an experienced Teaching Assistant looking to take the next step in your career Integra Education are currently recruiting for experienced Higher Level Teaching Assistants HLTA in Northwich to provide high-quality classroom support and make an real difference to a pupils education.Are you an experienced Teaching Assistant looking to take the next step in your career Integra Education are currently recruiting for experienced Higher Level Teaching Assistants HLTA in Northwich to provide hi…,2025-05-24T09:45:15Z,Onsite,https://www.adzuna.co.uk/jobs/details/5214035960?utm_medium=api&utm_source=25f3af84
GB,Assistant Property Manager,Additional Resources Ltd.,"Brentwood, Essex",163.0,25000.0,,25000.0,0,Property Jobs,"Assistant Property Manager, Junior Property Manager, Property Coordinator, Property AdministratorAn opportunity has arisen for an Assistant Property Manager to join a well-established property management services provider. This full-time role offers a starting salary of &163;25,000 and benefits. As an Assistant Property Manager, you will support a senior property manager with the day-to-day operations of a diverse residential block portfolio, ensuring the smooth running of communal areas and re…",2025-05-24T09:45:14Z,Onsite,https://www.adzuna.co.uk/jobs/details/5214035913?utm_medium=api&utm_source=25f3af84
GB,Property Manager,Additional Resources Ltd.,"Basingstoke, Hampshire",30000.0,30000.0,,30000.0,0,Property Jobs,"Property Manager, Block Manager, Lettings Manager, Estate Manager, Portfolio Manager, PropertyAn exciting opportunity has arisen for a Property Manager with 3 years&39; experience to join a well-established estate agency. This full-time role offers excellent benefits and a salary range of &163;30,000 - &163;35,000. As a Property Manager, you will oversee the check-out process, coordinate property repairs, and prepare homes for incoming tenants. You will be responsible for: Manage rent arrears, …",2025-05-24T09:45:13Z,Onsite,https://www.adzuna.co.uk/jobs/details/5214035863?utm_medium=api&utm_source=25f3af84
GB,1:1 Tutor - Kent,Integra,"Kent, South East England",0.0,62400.0,,62400.0,0,Teaching Jobs,"Integra Education is dedicated to supporting Looked After Children LAC, students with Special Educational Needs SEN, and young people facing Social, Emotional, and Mental Health SEMH challenges or those excluded from mainstream education. As many of our learners are working below age-related expectations, experience in this field is highly beneficial. Due to a significant increase in demand, we are receiving a high volume of tuition requests across Kent and surrounding areas.Integra Education i…",2025-05-24T09:45:12Z,Onsite,https://www.adzuna.co.uk/jobs/details/5214035840?utm_medium=api&utm_source=25f3af84
GB,Optical Assistant,Zest Business Group,"Birmingham, West Midlands",23400.0,24500.0,,24500.0,0,Customer Services Jobs,A full time Optical Customer Service Advisor is required to work for a lens manufacturer based in Birmingham within their customer service department. The company provides Optical lenses/glazing services to Opticians all across the country. This is a 12 month fixed term contract.A full time Optical Customer Service Advisor is required to work for a lens manufacturer based in Birmingham within their customer service department. The company provides Optical lenses/glazing services to Opticians al…,2025-05-24T09:45:11Z,Onsite,https://www.adzuna.co.uk/jobs/details/5214035810?utm_medium=api&utm_source=25f3af84
GB,Wholesale Account Manager,COREcruitment,"Kent, South East England",40000.0,46000.0,,46000.0,0,Sales Jobs,"Wholesale Account Manager &ndash; Iconic National Beer Brand &ndash; South Coast&nbsp; Up to &pound;46k, Car Allowance, Bonus My client is a leading and well known Craft Beer Brand operating at a National level, with an exceptional track record in growth across the On and Off trade. This brand is iconic and a symbol in almost all pubs you go to Personally its one of my favourites.As the Wholesale Account Manager you will be directly responsible for managing Wholesale &amp; RTM relationships acr…",2025-05-24T09:45:08Z,Onsite,https://www.adzuna.co.uk/jobs/details/5214035771?utm_medium=api&utm_source=25f3af84
GB,Senior Sales Consultant/Supervisor,C2 Recruitment Ltd,"Covent Garden, Central London",28000.0,34000.0,,34000.0,0,Retail Jobs,"Are you an experienced luxury retail professional ready for a new challenge Do you thrive in an elegant, boutique environment where every day brings something new Are you confident delivering exceptional service, supporting digital growth, and helping lead a high-performing team If so, this is an exceptional opportunity to join a highly respected, independent luxury brand with a loyal global following.Senior Sales Consultant / Supervisor &x2013; Luxury Showroom Notting Hill, Kensington &amp; Ch…",2025-05-24T09:45:08Z,Onsite,https://www.adzuna.co.uk/jobs/details/5214035775?utm_medium=api&utm_source=25f3af84
GB,Senior QA Engineer,Spectrum IT,"Cambridge, Cambridgeshire",40000.0,60000.0,,60000.0,0,IT Jobs,"Senior QA Engineer QA, Web / Mobile testing, Functional / Regression testing Salary circa £55,000 - £60,000 Remote working with occasional meet ups in either Cambridge or Manchester About the Role: Senior QA Engineer to join a fast growing start up / scale up financial services company. You will work closely with developers, product managers and other stakeholders to create and execute comprehensive testing strategies for web and mobile applications, APIs, and complex financial transaction flow…",2025-05-24T09:41:02Z,Remote,https://www.adzuna.co.uk/jobs/details/5214029362?utm_medium=api&utm_source=25f3af84
GB,Quality Engineer,Brook Street NMR,"Barry, The Vale of Glamorgan",0.0,30000.0,,30000.0,0,Engineering Jobs,"Quality Assurance Engineer Are you an experienced Quality Assurance professional looking to take the next step in your career? Our client is looking for somebody with ambitious career plans as they offer a pathway into Management. We are seeking a proactive and detail-oriented Quality Assurance Engineer to join a dynamic manufacturing environment in the Barry area. This employer offers some great benefits, including a 4.5 day working week, with an early finish every Friday at 1:30pm. There's al…",2025-05-24T09:35:09Z,Onsite,https://www.adzuna.co.uk/jobs/details/5214020428?utm_medium=api&utm_source=25f3af84
GB,Marketplace Catalogue Executive,Teemill Tech,"Isle Of Wight, South East England",32277.07,32277.07,,32277.07,1,IT Jobs,"As a Marketplace Catalogue Executive, you’ll play a key role in growing Teemill’s presence across third-party online marketplaces. From supporting the onboarding of new platforms to expanding product ranges, you’ll help ensure our brand and the brands we work with are discoverable, compliant, and set up for success. You’ll assist with uploading products, formatting data, integrating feeds, and ensuring listings meet the specific requirements of each marketplace. This role is ideal for someone w…",2025-05-24T09:25:11Z,Onsite,https://www.adzuna.co.uk/jobs/details/5214013557?utm_medium=api&utm_source=25f3af84
GB,Manufacturer Relations Account Manager (12-months FTC/Secondment),Motability Operations,"The City, Central London",45896.41,45896.41,,45896.41,1,Sales Jobs,Description Motability Operations are currently recruiting for a Manufacturer Relations Account Manager to join our team in Bristol or London on a 12-month FTC/secondment to cover a period of sabbatical leave. Your role will be to coordinate the relationship between Motability Operations and an appointed portfolio of vehicle manufacturers through the development of effective working relationships across all levels within their organisation. To ensure that vehicle manufacturers have a good under…,2025-05-24T09:16:53Z,Onsite,https://www.adzuna.co.uk/jobs/details/5214011323?utm_medium=api&utm_source=25f3af84
GB,Trainee Financial Analyst,Elite Hiring Ltd T/A Elite Hiring Solution,"West London, London",35000.0,35000.0,,35000.0,0,Accounting & Finance Jobs,"Are you a recent graduate eager to launch your career in finance? Were looking for a highly motivated and detail-oriented Trainee Financial Analyst to join our team. This entry-level role offers hands-on experience in financial analysis, investment evaluation, and strategic planningan ideal starting point for anyone with aspirations in the finance industry. Key Responsibilities: Assist in analyzing financial data to assess company performance and investment potential Support the preparation of …",2025-05-24T09:16:33Z,Onsite,https://www.adzuna.co.uk/jobs/details/5214011232?utm_medium=api&utm_source=25f3af84
GB,Counterbalance FLT Driver,The Recruitment Co.,"Middlesbrough, North Yorkshire",0.0,31200.0,,31200.0,0,Logistics & Warehouse Jobs,"My client based in Middlesbrough is looking for an experienced Counterbalance FLT Driver to join their growing team on nights. The role is to work for a well established manufacturing company, offering an immediate start for the right candidate To be considered for the role, you should have experience of driving a Counterbalance truck in a fast paced environment, and you should also have externally accredited tickets completed within the last 3 years. Duties will include, but not limited to: Da…",2025-05-24T09:16:07Z,Onsite,https://www.adzuna.co.uk/jobs/details/5214011084?utm_medium=api&utm_source=25f3af84
GB,Maintenance Manager,EMS RECRUITMENT LTD,"Barnsley, South Yorkshire",50000.0,50000.0,,50000.0,0,Engineering Jobs,"Job Role: Maintenance Manager (Days Only) Basic Starting Salary: £52 000 Per Year  A Huge £7800 Bonus  Company Car For Work & Personal Use (65k-66k Package) Location: Barnsley, South Yorkshire Working Hours: Days Only | Monday-Friday | 8am-4:30pm (Early Finish on Friday) Benefits: REGULAR PAY RISES  15% BONUS (£7800)  COMPANY CAR FOR WORK & PERSONAL USE  33 HOLIDAYS  PENSION  SICK PAY  PLENTY OF OPPORTUNITY TO DEVELOP & PROGRESS EVEN FURTHER THROUGH THE COMPANY  HEALTH CARE  CHRISTMAS & NEW YEA…",2025-05-24T09:15:57Z,Onsite,https://www.adzuna.co.uk/jobs/details/5214011004?utm_medium=api&utm_source=25f3af84
GB,Senior Strategy Analyst,Halian Technology Limited,"London, UK",61858.46,61858.46,,61858.46,1,Accounting & Finance Jobs,"This is a fantastic opportunity to join the strategy and development team for Energy and Industrial. This highly visible team devise growth strategies, manage the portfolio of organic and M&A investment initiatives, and ensure the jobs get done. It is a privilege to devise the energy transition strategy, as the companys roots date back to the dawn of electrification in the United States. Since then, the business has remained a mission-driven organisation, working in partnership with the transpo…",2025-05-24T09:15:36Z,Onsite,https://www.adzuna.co.uk/jobs/details/5214010880?utm_medium=api&utm_source=25f3af84
GB,Validation Engineer,Thornton Ross E,"Huddersfield, West Yorkshire",43987.67,43987.67,,43987.67,1,Scientific & QA Jobs,"STADA UK Thornton & Ross is on an exciting growth journey with more than 700 employees being fully committed to our purpose of Caring for Peoples Health as a Trusted Partner. Together we are shaping the future of Thornton & Ross by living our values of Integrity, Entrepreneurship, Agility and One STADA. STADA UK Thornton & Ross - Validation Engineer Huddersfield|United Kingdom (GB)|Full-time|Fix-term The position is limited for 10 months. How You Will Make An Impact Lead technology transfers, p…",2025-05-24T09:15:00Z,Onsite,https://www.adzuna.co.uk/jobs/details/5214010713?utm_medium=api&utm_source=25f3af84
GB,Production Stream Team Leader,Pilgrims Europe,"Attleborough, Norfolk",40484.44,40484.44,,40484.44,1,Manufacturing Jobs,"We are looking for a Team Leader to join the business at Pilgrims In Attleborough. The position will be to lead the team in achieving their required metrics for the area, with a key focus on team member safety, product quality and process optimisation, providing daily support and coaching to all team members."" Skills & Knowledge: Proficient written, numerical, and verbal skills. • Fluency of English language (Oral and Written). • Ability to record, interpret and analyse key process data. • Expe…",2025-05-24T09:15:00Z,Onsite,https://www.adzuna.co.uk/jobs/details/5214010736?utm_medium=api&utm_source=25f3af84
GB,Minibus Driver - School Runs,Talent Finder,"Telford, Shropshire",27040.0,27040.0,,27040.0,0,Travel Jobs,"Minibus Driver School Runs | Telford and Surrounding Areas | Part Time | School runs | Starting from £13ph Due to continued success, we are looking for CAT D/ PSV drivers to join our team in a very busy circuit with very good earning potential. This role would suit a candidate looking to pick up extra hours, retired or semi-retired or looking to fit work in around other working or school hours. Benefits: Local Harper Adams University (within 3 miles) with 3,000 students requiring transport Rich…",2025-05-24T09:14:58Z,Onsite,https://www.adzuna.co.uk/jobs/details/5214010618?utm_medium=api&utm_source=25f3af84
GB,Quality Technician,Gap Technical Ltd,"Wrexham, Wales",33321.16,33321.16,,33321.16,1,Manufacturing Jobs,"Quality Technician Competitive Hourly Rate Wrexham 6 Month Contract Days Only (Mon-Fri) gap technical are proud to be representing this global manufacturing business in their search for a Materials and Logistics Team Leader to work at their facility based near Wrexham Performance Objectives The Quality Technician is responsible for maintaining the Quality of the products by ensuring they meet customer expectations and specifications, and thus being delivered Right First Time. This will involve …",2025-05-24T09:14:58Z,Onsite,https://www.adzuna.co.uk/jobs/details/5214010639?utm_medium=api&utm_source=25f3af84
GB,Remortgage Case Manager,O'Neill Patient Solicitors LLP,"Leeds, West Yorkshire",35546.12,35546.12,,35546.12,1,Legal Jobs,"Ready to step up and shape the future of your Remortgage Case Management career? Join our dynamic Remortgage Team at ONP Solicitors, part of Movera, a leading provider of legal services for homeowners and lenders. ONP Solicitors is a leading and modern conveyancing firm, part of Movera, a group of home-moving brands, including Cavendish Legal Group and Conveyancing Alliance. Were on a mission to transform the moving market, for our people, partners and clients. Enabled by technology but with pe…",2025-05-24T09:14:55Z,Onsite,https://www.adzuna.co.uk/jobs/details/5214010520?utm_medium=api&utm_source=25f3af84
GB,Sales Property Manager,Talent Finder,"South West London, London",35000.0,35000.0,,35000.0,0,Sales Jobs,"Sales Property Manager | London | Full Time | Working hours are 9:00 am – 6:00 pm or 9:00 am (with 1 hour lunch break) or 9:00 am – 5:00 pm if no break out of office is needed | £35,000 starting salary plus commission Our client strives to be a dynamic and innovative property company with a passionate commitment to providing superbly designed homes in prime London locations. The vision of “Making Property Work” has driven the company from the very beginning. They are seeking an experienced Prop…",2025-05-24T09:14:45Z,Onsite,https://www.adzuna.co.uk/jobs/details/5214010463?utm_medium=api&utm_source=25f3af84
GB,HR Adviser,Talent Finder,"Torpoint, Cornwall",24000.0,24000.0,,24000.0,0,HR & Recruitment Jobs,"HR Adviser| Torpoint, Cornwall | Part-Time | £24,401 per annum, based on 25 hours per week, Monday - Friday Tamar Bridge & Torpoint Ferry Joint Committee seek to appoint an HR Adviser to assist the HR Manager in the people function at Tamar Crossings. You will support effective change and innovation, modernising practices and employee wellbeing and engagement at Tamar Crossings, to work towards Tamar 2050. This is a supporting role in a unique, multi-site environment. Are you the right person f…",2025-05-24T09:14:42Z,Onsite,https://www.adzuna.co.uk/jobs/details/5214010449?utm_medium=api&utm_source=25f3af84
GB,Learning Coordinator,Heat Recruitment,"Cardiff, Cardiff County",22000.0,22000.0,,22000.0,0,Teaching Jobs,"Learner Support Coordinator Location:Abergavenny & Abertillery Salary Banding: £23,566 Contract Type: Full Time, Permanent Hours of work: 35 hours per week About the client: This Employee-Owned organisation has aunique status that allowsemployees to have greater engagement and ownership in the future growth and success of the business. Leading provider of work-based learning programmes for 40 years. Employee-Owned organisation. Investors in People Gold. Disability Confident Leader. Living Wage …",2025-05-24T09:14:33Z,Onsite,https://www.adzuna.co.uk/jobs/details/5214010211?utm_medium=api&utm_source=25f3af84
GB,Senior Maintenance Technician,Amazon,"Sutton Coldfield, West Midlands",36923.43,36923.43,,36923.43,1,Engineering Jobs,"Our Reliability Maintenance Engineering (RME) team is central to Amazon's commitment to innovation. As Amazon evolves and adapts, this team makes sure that the tools and technologies we use do as well. As a Senior RME Technician, you'll help us stay one step ahead, adopting the latest technologies and identifying new and efficient ways of working. In this role, youll pay close attention to our processes to help maintain our high standards, and youll put in place upgrades to take that standard e…",2025-05-24T09:14:21Z,Onsite,https://www.adzuna.co.uk/jobs/details/5214010052?utm_medium=api&utm_source=25f3af84
GB,Principal,Talent Finder,"Central London, London",100000.0,100000.0,,100000.0,0,Teaching Jobs,"Principal | London | Full Time | £150,000 – £200,000 per annum Our client, a prestigious and forward-thinking higher education institution in London, is seeking an exceptional leader to join as Principal. This is a rare opportunity to shape the academic and strategic vision of the institution and lead it into the next phase of growth and innovation. Are you the right person for the job? Proven leadership experience at a senior level within the higher education sector A strong academic backgroun…",2025-05-24T09:14:12Z,Onsite,https://www.adzuna.co.uk/jobs/details/5214009972?utm_medium=api&utm_source=25f3af84
GB,Finance Systems Accounts Analyst,DFS Furniture Ltd,"Doncaster, South Yorkshire",29891.41,29891.41,,29891.41,1,Accounting & Finance Jobs,"Were looking for a highly organised and detail-driven Finance Systems Accounts Analyst to join our Finance team in Doncaster. In this role, youll play a key part in supporting the Management Accounts function through systems-based analysis, data reconciliation, and process improvement. Youll work with large datasets, manage finance system mappings, and help ensure that our financial operations run smoothly and accurately. If you have a passion for data, systems, and driving efficiency, this is …",2025-05-24T09:13:53Z,Onsite,https://www.adzuna.co.uk/jobs/details/5214009710?utm_medium=api&utm_source=25f3af84
GB,Ingredient Change Technologist,Premier Foods,"Ashford, Kent",40830.03,40830.03,,40830.03,1,Manufacturing Jobs,"Job Title Ingredient Change Technologist Location Ashford, TN24 0LU Job Type Permanent, Full Time, Monday - Friday with flexibility What You'll Be Doing: As our Ingredient Change Technologist, you will play a critical role in identifying and delivering ingredient-related cost-saving projects that align with financial targets. You'll lead from idea generation through to execution, ensuring all ingredient changes are compliant, approved, and seamlessly integrated into production. Your key respons…",2025-05-24T09:13:51Z,Onsite,https://www.adzuna.co.uk/jobs/details/5214009694?utm_medium=api&utm_source=25f3af84
GB,CAD Integration Engineer,Chroma Recruitment Ltd,"Manchester, Greater Manchester",48070.46,48070.46,,48070.46,1,IT Jobs,"Chroma is working with a nationally recognised leader in bespoke furniture, who are searching for a CAD Integration Engineer to join their ever-growing team. Role Summary: We are seeking a skilled CAD Integration Engineer with hands-on experience in developing and managing parametric libraries within SolidWorks or similar platforms. The successful candidate will also support or lead a potential migration to iMos , involving data structure alignment, workflow integration, and user training. Expe…",2025-05-24T09:13:50Z,Onsite,https://www.adzuna.co.uk/jobs/details/5214009681?utm_medium=api&utm_source=25f3af84
GB,Delivery Driver,Newsteam Group LTD.,"Evesham, Worcestershire",16900.0,22100.0,,22100.0,0,Logistics & Warehouse Jobs,"Early Morning Delivery Drivers Needed! Join News Team Group , a fast-growing company delivering newspapers and magazines to homes and businesses across the UK. Were looking for reliable, self-employed delivery drivers who are ready to hit the road and make an impact in their local community. Why Join Us? Earn Great Pay : Make between £65 - £85 per day (pay is calculated per drop, rounds have approx 100 drops per day) £125 Bonus : Start delivering your full round and receive a one-time bonus of …",2025-05-24T09:13:42Z,Onsite,https://www.adzuna.co.uk/jobs/details/5214009590?utm_medium=api&utm_source=25f3af84
GB,Delivery Driver,Newsteam Group LTD.,"Buckley, Flintshire",13000.0,14300.0,,14300.0,0,Logistics & Warehouse Jobs,"Early Morning Delivery Drivers Needed! Join News Team Group , a fast-growing company delivering newspapers and magazines to homes and businesses across the UK. Were looking for reliable, self-employed delivery drivers who are ready to hit the road and make an impact in their local community. Why Join Us? Earn Great Pay : Make between £50 - £55 per day (pay is calculated per drop, rounds have approx 100 drops per day) £125 Bonus : Start delivering your full round and receive a one-time bonus of …",2025-05-24T09:13:42Z,Onsite,https://www.adzuna.co.uk/jobs/details/5214009601?utm_medium=api&utm_source=25f3af84
GB,Registered Care Home Manager,Exemplar Health Care,"Barnsley, South Yorkshire",43079.44,43079.44,,43079.44,1,Healthcare & Nursing Jobs,"Registered Care Home Manager When registering to this job board you will be redirected to the online application form. Please ensure that this is completed in full in order that your application can be reviewed. Position :Registered Care Home Manager Care home :Springfield Vale Location :Barnsley, S70 6HH Contract type :Full Time Rate :Competitive salary-dependent on experience This is an exciting opportunity to work for a forward-thinking and growing provider. Join us as Registered Care Home M…",2025-05-24T09:13:36Z,Onsite,https://www.adzuna.co.uk/jobs/details/5214009522?utm_medium=api&utm_source=25f3af84
GB,Management Officer,EMBL-EBI,"Saffron Walden, Essex",45000.0,45000.0,,45000.0,0,Scientific & QA Jobs,"The Research Management Office (RMO) at EMBL-EBI provides a high level of scientific administrative support to the EMBL-EBI faculty responsible for delivering the data services. These services are used by millions of people globally and are the backbone of molecular biology research. The data services teams are large, with complex funding portfolios that require careful management, provided by the RMO and the Service Team leads. Your role As a Research Management Officer, you will be responsibl…",2025-05-24T09:13:33Z,Onsite,https://www.adzuna.co.uk/jobs/details/5214009503?utm_medium=api&utm_source=25f3af84
GB,Information Management and GDPR Lead,The Wildlife Trust,"Newark, Nottinghamshire",35000.0,35000.0,,35000.0,0,IT Jobs,"Information Management and GDPR Lead Salary: up to £35,000 per annum Location: Newark - Hybrid working with occasional travel to other places of work Full time (35 hours per week) 2 year initial contract with possibility of extension Closing date for applications: 22nd June 2025 First interview: 1st and 2nd July 2025 Second interview: 11th July 2025 About Us The Wildlife Trusts are a grassroots movement of people from a wide range of backgrounds and all walks of life, who believe that we need n…",2025-05-24T09:13:33Z,Hybrid,https://www.adzuna.co.uk/jobs/details/5214009502?utm_medium=api&utm_source=25f3af84
GB,Maintenance Technician,Amazon,"Daventry, Northamptonshire",33716.84,33716.84,,33716.84,1,Engineering Jobs,"The Reliability Maintenance Engineering (RME) team at Amazon is fundamental to our operations theyre the ones keeping vital machinery running at all times. As an RME Technician, youll maintain a wide range of equipment and workspaces while upholding Health and Safety best practices. You'll help to keep your colleagues safe and prevent machine downtime. Our RME Technicians boost the availability and quality of our equipment and work to enhance the operational environment too. Key job responsibil…",2025-05-24T09:13:14Z,Onsite,https://www.adzuna.co.uk/jobs/details/5214009338?utm_medium=api&utm_source=25f3af84
GB,Transport Compliance Supervisor,Gregory Distribution,"Cullompton, Devon",30000.0,30000.0,,30000.0,0,Logistics & Warehouse Jobs,"Transport Compliance Supervisor Location: Cullompton About Us Welcome to a company where innovation meets passion! We are dedicated to building a diverse and talented workforce that drives our success. Our team thrives on collaboration, creativity, and making a positive impact. We believe in fostering a dynamic work environment where every member can grow and excel. If you're looking for a place where your ideas are valued and your career can flourish, you've found it! Job Description We are ex…",2025-05-24T09:13:10Z,Onsite,https://www.adzuna.co.uk/jobs/details/5214009317?utm_medium=api&utm_source=25f3af84
GB,Site Manager - Peterborough,Buildspace Group,"Peterborough, Eastern England",70200.0,78000.0,,78000.0,0,Trade & Construction Jobs,"Our client is a high profile office fit out contractor specialising in creating bespoke, high-quality workspaces that reflect clients' brands and enhance employee productivity. The company offers a comprehensive suite of services, including workplace consultancy, space planning, office design, refurbishment, build, and marketing tailored for both occupiers and landlords. Their approach integrates data-driven insights with creative design to deliver functional, inspiring environments that promot…",2025-05-24T09:12:58Z,Onsite,https://www.adzuna.co.uk/jobs/details/5214009064?utm_medium=api&utm_source=25f3af84
GB,Reliability Maintenance Engineering Technician,Amazon,"Aylesford, Kent",35835.19,35835.19,,35835.19,1,Engineering Jobs,"The Reliability Maintenance Engineering (RME) team at Amazon is fundamental to our operations theyre the ones keeping vital machinery running at all times. As an RME Technician, youll maintain a wide range of equipment and workspaces while upholding Health and Safety best practices. You'll help to keep your colleagues safe and prevent machine downtime. Our RME Technicians boost the availability and quality of our equipment and work to enhance the operational environment too. Key job responsibil…",2025-05-24T09:12:47Z,Onsite,https://www.adzuna.co.uk/jobs/details/5214008971?utm_medium=api&utm_source=25f3af84
GB,Engineering Technician (Dairy),Muller Dairy,"Manchester, Greater Manchester",38533.32,38533.32,,38533.32,1,Engineering Jobs,"Mller UK & Irelandis wholly owned by Unternehmensgruppe Theo Mller which employs over 31,000 people throughout Europe. In the UK, Mller develops, manufactures and markets a wide range of branded and private label dairy products made with milk from 1,300 farmers in Britain.Mller is ranked within the top 20 in The Grocer's Top 100 list of Britain's Biggest Brands and is picked from shelves millions of times each year. Mller UK & Ireland includes: Mller Milk & Ingredients which aims to be Britain'…",2025-05-24T09:12:47Z,Onsite,https://www.adzuna.co.uk/jobs/details/5214008977?utm_medium=api&utm_source=25f3af84
GB,Senior RME Technician,Amazon,"Wakefield, West Yorkshire",33788.97,33788.97,,33788.97,1,Engineering Jobs,"Amazon Operations sits at the heart of the Amazon customer experience. We look after everything from the moment a customer clicks buy, to the moment their item is delivered from desktop to doorstep. Across Europe we have more than 50 Fulfillment Centers, hundreds of Delivery Stations, thousands of machines, and tens of thousands of employees, all working together in harmony to make sure the right item gets delivered to the right person, in the right place, at the right time. Working in Amazon O…",2025-05-24T09:12:45Z,Onsite,https://www.adzuna.co.uk/jobs/details/5214008954?utm_medium=api&utm_source=25f3af84
GB,Siemens PLM Solution Architect,Morson Talent,"Derbyshire, East Midlands",195000.0,221000.0,,221000.0,0,IT Jobs,"Siemens PLM Solution Architect Location: Derby/Remote (Occasional travel to the Derby office for workshops (1-3 a month) Contract: Inside IR35 Day rate: Up to £850 per day Duration: 6 months Start date: Mid-May (Due to the onboarding process which can take at least 2 weeks) Security/Clearance Required: Candidate can start once BPSS is completed My client, a global nuclear engineering organisation, is looking for an experienced Siemens PLM Solution Architect with proven background in guiding bus…",2025-05-24T09:12:43Z,Remote,https://www.adzuna.co.uk/jobs/details/5214008938?utm_medium=api&utm_source=25f3af84
GB,Developer Certification Programme Director - Ascend Technology Platform,Experian Ltd,"Nottingham, Nottinghamshire",69028.7,69028.7,,69028.7,1,IT Jobs,"Company Description Experian is a global data and technology company, powering opportunities for people and businesses around the world. We help to redefine lending practices, uncover and prevent fraud, simplify healthcare, create marketing solutions, and gain deeper insights into the automotive market, all using our unique combination of data, analytics and software. We also assist millions of people to accomplish their financial goals and help them save time and money. We operate across a ran…",2025-05-24T09:12:42Z,Onsite,https://www.adzuna.co.uk/jobs/details/5214008931?utm_medium=api&utm_source=25f3af84
GB,ER Manager,Exemplar Health Care,"Rotherham, South Yorkshire",35000.0,35000.0,,35000.0,0,Healthcare & Nursing Jobs,"ER Manager When registering to this job board you will be redirected to the online application form. Please ensure that this is completed in full in order that your application can be reviewed. Position : ER Manager Location : South Yorkshire (with some ad-hoc travel) Contract type : Permanent, full time Rate : £38,451 per annum plus £3,000 car allowance This is an exciting opportunity to join our rapidly growing organisation as an ER Manager. In this role, youll be responsible for assisting th…",2025-05-24T09:11:56Z,Onsite,https://www.adzuna.co.uk/jobs/details/5214008490?utm_medium=api&utm_source=25f3af84
GB,Telesales Agent,Pilgrims Europe,"Exeter, Devon",21477.66,21477.66,,21477.66,1,Customer Services Jobs,"We are excited to announce the expanding of our Telesales/Service Team with members that can make outgoing calls and up sales in our Exeter office. Job Title : Telesales Location : Exeter Job Type : Permanent contract, Full time Pay : £12.21 per hour (paid monthly) Expected hours : 37.5 hours per week, Monday to Friday - 9am to 5pm Key Responsibilities : Reporting to the supervisor, your role will be to deal with new and regular customers on the phone, to handle service enquiries You may also b…",2025-05-24T09:11:45Z,Onsite,https://www.adzuna.co.uk/jobs/details/5214008412?utm_medium=api&utm_source=25f3af84
GB,Digital Performance Analyst,DWP Digital,"Blackpool, Lancashire",50000.0,50000.0,,50000.0,0,IT Jobs,"Digital Performance Analyst Pay up to £50,296, plus 28.97% employer pension contributions, hybrid working, flexible hours, and great work life balance. DWP. Digital with Purpose. We are looking for Digital Performance Analyst to join DWP's Health Data and Analytics Team. Helping DWP generate data and analytics products to support the health transformation programme. Our DWP Digital teams use fresh ideas and leading-edge tech to build and maintain digital solutions that will be used by nearly ev…",2025-05-24T09:11:17Z,Hybrid,https://www.adzuna.co.uk/jobs/details/5214008167?utm_medium=api&utm_source=25f3af84
GB,Digital Performance Analyst,DWP Digital,"Newcastle Upon Tyne, Tyne & Wear",50000.0,50000.0,,50000.0,0,IT Jobs,"Digital Performance Analyst Pay up to £50,296, plus 28.97% employer pension contributions, hybrid working, flexible hours, and great work life balance. DWP. Digital with Purpose. We are looking for Digital Performance Analyst to join DWP's Health Data and Analytics Team. Helping DWP generate data and analytics products to support the health transformation programme. Our DWP Digital teams use fresh ideas and leading-edge tech to build and maintain digital solutions that will be used by nearly ev…",2025-05-24T09:11:16Z,Hybrid,https://www.adzuna.co.uk/jobs/details/5214008161?utm_medium=api&utm_source=25f3af84
GB,In-House Consultant SAP SuccessFactors,Muller Dairy,"Market Drayton, Shropshire",54962.68,54962.68,,54962.68,1,IT Jobs,"Company description: Mller UK & Ireland is wholly owned by the Unternehmensgruppe Theo Mller which employs over 24,000 people throughout Europe. In the UK, Mller develops, manufactures and markets a wide range of branded and private label dairy products made with milk from more than 1,700 British farmers. The Mller brand is ranked at No.7 in The Grocers Top 100 list of Britains Biggest Brands, and is also the 7th most chosen brand in the UK. Job description: Were recruiting In-House Consultant-…",2025-05-24T09:11:15Z,Onsite,https://www.adzuna.co.uk/jobs/details/5214008153?utm_medium=api&utm_source=25f3af84
GB,Finance Analyst,Outsource UK lTD,"Liverpool, Merseyside",9100.0,55120.0,,55120.0,0,Accounting & Finance Jobs,"Finance Analyst Pay: £212.50 Umbrella per day- Inside IR35 Length of contract: 6 Months Location: London or Liverpool Hybrid working arrangements Start: ASAP Globally known Gaming and technology company! Role Overview: As a Finance Analyst, you will play a pivotal role in the management of the companies ToA (Table of Authority) and Cost Centre Maintenance governance processes. You will be working proactively and collaboratively across the business ensuring that the TOA remains up to date. This …",2025-05-24T09:11:14Z,Hybrid,https://www.adzuna.co.uk/jobs/details/5214008147?utm_medium=api&utm_source=25f3af84
GB,National training lead,Nurse Plus,"Cirencester, Gloucestershire",30000.0,30000.0,,30000.0,0,Healthcare & Nursing Jobs,"About us Nurseplus is a national care provider dedicated to delivering high-quality care through skilled and compassionate professionals. We are proud of our culture, built on trust, care, and positivity. With an ever-growing network of branches, we're committed to investing in our workforce and shaping the future of care through outstanding training and development. About the role We are seeking a dynamic and experienced Manager to oversee and champion the delivery of high-quality training acr…",2025-05-24T09:10:55Z,Onsite,https://www.adzuna.co.uk/jobs/details/5214008028?utm_medium=api&utm_source=25f3af84
GB,Finance Business Partner,Riverford Organic Farmers,"Buckfastleigh, Devon",55000.0,55000.0,,55000.0,0,Accounting & Finance Jobs,"Finance Business Partner When registering to this job board you will be redirected to the online application form. Please ensure that this is completed in full in order that your application can be reviewed. Work with us at Riverford, and join a thriving employee-owned business Be part of a supportive, down-to-earth and solutions driven commercial team Beyond the Veg Box - At Riverford, our passion for organic vegetables is unmatched. Were not just about delivering veg boxes; we're dedicated to…",2025-05-24T09:10:44Z,Onsite,https://www.adzuna.co.uk/jobs/details/5214007972?utm_medium=api&utm_source=25f3af84
GB,Senior Quantity Surveyor,BAM UK & Ireland Enabling Services Limited,"Newcastle Upon Tyne, Tyne & Wear",44907.38,44907.38,,44907.38,1,Trade & Construction Jobs,"Building a sustainable tomorrow BAM Nuttall is a leader in delivering complex and sustainable engineering projects across the UK. With a strong presence in the North of England and having recently secured a number of high-profile projects in the region working as part of forward-thinking and collaborative frameworks in the Water, Environment, and Highways market sectors. Our team thrives on a culture of excellence, collaboration, and dedication to maintaining the highest standards. We believe i…",2025-05-24T09:10:33Z,Onsite,https://www.adzuna.co.uk/jobs/details/5214007856?utm_medium=api&utm_source=25f3af84
GB,Scottish Seed and Environmental Specialist,Frontier Agriculture Limited,UK,25.0,25.0,,25.0,0,Sales Jobs,"We are looking for a Seed & Environmental Specialist to join the Frontier team, based at our Perth office but covering all of Scotland, on a permanent, full-time basis. You will support our farm-gate sales team with both commercial and technical expertise, to drive delivery of the seeds portfolio and budget in Scotland. The Benefits Competitive salary Opportunities for a mixture of home and site working (to be agreed with Line Manager) 25 days holiday per calendar year with option to purchase u…",2025-05-24T09:10:33Z,Onsite,https://www.adzuna.co.uk/jobs/details/5214007854?utm_medium=api&utm_source=25f3af84
GB,Senior Reliability Maintenance Engineering Technician,Amazon,"Swindon, Wiltshire",38172.75,38172.75,,38172.75,1,Engineering Jobs,"Our Reliability Maintenance Engineering (RME) team is central to Amazon's commitment to innovation. As Amazon evolves and adapts, this team makes sure that the tools and technologies we use do as well. As a Senior RME Technician, you'll help us stay one step ahead, adopting the latest technologies and identifying new and efficient ways of working. In this role, youll pay close attention to our processes to help maintain our high standards, and youll put in place upgrades to take that standard e…",2025-05-24T09:10:15Z,Onsite,https://www.adzuna.co.uk/jobs/details/5214007734?utm_medium=api&utm_source=25f3af84
GB,Reliability Maintenance Engineering Technician,Amazon,"North Ferriby, East Riding Of Yorkshire",34535.28,34535.28,,34535.28,1,Engineering Jobs,"The Reliability Maintenance Engineering (RME) team at Amazon is fundamental to our operations theyre the ones keeping vital machinery running at all times. As an RME Technician, youll maintain a wide range of equipment and workspaces while upholding Health and Safety best practices. You'll help to keep your colleagues safe and prevent machine downtime. Our RME Technicians boost the availability and quality of our equipment and work to enhance the operational environment too. Key job responsibil…",2025-05-24T09:10:15Z,Onsite,https://www.adzuna.co.uk/jobs/details/5214007737?utm_medium=api&utm_source=25f3af84
GB,Senior Data Engineer Azure Cloudera ERP,Client Server,"Nottingham, Nottinghamshire",80000.0,80000.0,,80000.0,0,IT Jobs,"Senior Data Engineer (Azure Cloudera ERP) Nottingham / WFH to £80k Are you a senior data technologist seeking an opportunity to join a growing tech company where you can make a real difference and progress your career? You could be progressing your career in a senior, impactful role at a rapidly growing Microsoft Solution Partner, that provide a range of Data Analytics solutions to big name clients. As a Senior Data Engineer you'll work with clients to integrate them with the core platform that…",2025-05-24T09:10:14Z,Onsite,https://www.adzuna.co.uk/jobs/details/5214007723?utm_medium=api&utm_source=25f3af84
GB,Graduate Ecologist,PBA Applied Ecology Ltd,"Giggleswick, Settle",23802.71,23802.71,,23802.71,1,Graduate Jobs,"PBA Applied Ecology was established in 2010 and has grown with strong values to become one of the UK’s most respected specialist ecology practices. Working from our modern base in Giggleswick at the edge of the Yorkshire Dales National Park, we offer a wide range of services with particular strengths across terrestrial and aquatic ecology. Much of our work is in protected rural areas and most of our project locations do not require overnight stays. PBA’s high-achieving team of professionals pro…",2025-05-24T09:06:09Z,Onsite,https://www.adzuna.co.uk/jobs/details/5214005819?utm_medium=api&utm_source=25f3af84
GB,Ecology & Habitats Advisor,Chester Zoo,"Chester, Cheshire",27938.0,27938.0,,27938.0,0,Trade & Construction Jobs,"Ecology & Habitats Advisor 35 hours per week, temporary contract until December 2028 We are Chester Zoo We’re not just an amazing, award-winning visitor attraction that’s home to 20,000 incredible animals inside 128 acres of stunning gardens. We’re not just the UK’s most popular zoo. We’re a major wildlife charity that’s committed to the recovery of endangered species, globally. And, as the world faces an extinction crisis, we’re making a hugely significant contribution to conservation at a tim…",2025-05-24T09:06:09Z,Onsite,https://www.adzuna.co.uk/jobs/details/5214005808?utm_medium=api&utm_source=25f3af84
GB,"Principal Ecologist, Newport",BSG Ecology,UK,45000.0,55000.0,,55000.0,0,Scientific & QA Jobs,"The Opportunity We are looking for a motivated Principal Ecologist to join our well-established Newport team. The role will involve mentoring staff, managing and technically directing a range of projects for the Newport office as well as working with the Directors and other Principal Ecologists company wide, as part of the Senior Management Group. This is a great opportunity to join our friendly and supportive team in Newport and one of the UK’s largest and most experienced independent ecologic…",2025-05-24T09:06:09Z,Onsite,https://www.adzuna.co.uk/jobs/details/5214005807?utm_medium=api&utm_source=25f3af84
GB,Nature Officer,The Royal Household,"London, UK",40000.0,40000.0,,40000.0,0,Charity & Voluntary Jobs,"About the role It’s helping nature thrive in some of the most iconic landscapes in the country. The Royal Household is committed to protecting and enhancing nature across the Estate, with ambitious plans and a focus on long-term impact. We’re looking for a dedicated and knowledgeable Nature Officer to lead on the delivery, development and reporting of our Nature Plan, providing expert advice across various projects, initiatives and operations. Primarily based in London and Windsor, you’ll also …",2025-05-24T09:06:09Z,Onsite,https://www.adzuna.co.uk/jobs/details/5214005804?utm_medium=api&utm_source=25f3af84
GB,Interpretation and Digital Officer,Chester Zoo,"Chester, Cheshire",25602.0,25602.0,,25602.0,0,"PR, Advertising & Marketing Jobs","Interpretation and Digital Officer 35 hours per week, temporary contract until September 2028 We are Chester Zoo We’re not just an amazing, award-winning visitor attraction that’s home to more than 37,000 incredible animals inside 128 acres of stunning gardens. We’re not just the UK’s most popular zoo. We’re a major wildlife charity that’s committed to the recovery of endangered species, globally. And, as the world faces an extinction crisis, we’re making a hugely significant contribution to co…",2025-05-24T09:06:09Z,Onsite,https://www.adzuna.co.uk/jobs/details/5214005799?utm_medium=api&utm_source=25f3af84
GB,Information Management and GDPR Lead,The Wildlife Trusts,"Newark, Nottinghamshire",0.0,35000.0,,35000.0,0,IT Jobs,"Information Management and GDPR Lead Salary: up to £35,000 per annum Location: Newark - Hybrid working with occasional travel to other places of workFull time (35 hours per week) 2 year initial contract with possibility of extension Closing date for applications: 22nd June 2025First interview: 1st and 2nd July 2025Second interview: 11th July 2025 About Us The Wildlife Trusts are a grassroots movement of people from a wide range of backgrounds and all walks of life, who believe that we need natu…",2025-05-24T09:06:09Z,Hybrid,https://www.adzuna.co.uk/jobs/details/5214005805?utm_medium=api&utm_source=25f3af84
GB,ACRO Public Access Officer - HC621150,Shared Services Partnership,"Fareham, Hampshire",31053.29,31053.29,,31053.29,1,Admin Jobs,"Job Title: ACRO Public Access Officer Salary Range: £32,247 - £34,329 Work Location: Near Fareham Hours per week: Monday – Friday with flexible office hours Contract Type: Permanent Closing date: 10 June 2025 We are looking for an experienced and motivated individual to join us as a Public Access Officer, within a national policing unit. More about the role ACRO Public Access are part of the ACRO Information Management team. This position will support the Public Access function enabling ACRO to…",2025-05-24T09:03:44Z,Onsite,https://www.adzuna.co.uk/jobs/details/5214004963?utm_medium=api&utm_source=25f3af84
GB,Project Officer,Sanctuary Group,"Worcester, Worcestershire",36350.02,36350.02,,36350.02,1,Social work Jobs,"Sanctuary manages rented and shared ownership homes and supports community initiatives for thousands of customers across England. Our staff help make a real difference to the quality of people’s lives. Project Officer Base office location may vary dependent upon suitable candidate - balance of home and office working £32,244 - £33,941 per year 35 hours per week We have an exciting opportunity for a Project Officer to join our team. You will be responsible for coordinating and supporting the man…",2025-05-24T09:01:13Z,Onsite,https://www.adzuna.co.uk/jobs/details/5214004193?utm_medium=api&utm_source=25f3af84
GB,Deputy Retirement Communities Manager,Sanctuary Group,"Stockport, Greater Manchester",31344.22,31344.22,,31344.22,1,Social work Jobs,"Deputy Retirement Communities Manager Portland House, Carver Drive, Marple, Stockport, Cheshire, SK6 7QG £12,840 - £13,523 per annum 18.75 hours per week Sanctuary Supported Living is delighted to be recruiting for a Deputy Retirement Communities Manager for our Retirement Communities Service at Portland House in Stockport. At Sanctuary Supported Living, we specialise in delivering a wide range of personalised housing, care, and support services to help people across England to live as independ…",2025-05-24T09:01:12Z,Onsite,https://www.adzuna.co.uk/jobs/details/5214004185?utm_medium=api&utm_source=25f3af84
GB,OT Technician,Narayana Nethralaya,"Whitefield, Manchester",33127.82,33127.82,,33127.82,1,Admin Jobs,"Qualification: B.Sc or Diploma in OT Technician course Skills-Good communication skills in English, Hindi & Kannada is mandatory. Vacancy: 2 (Only Male) Note: Paramedical Board Registration is Compulsory Job Experience: 0 2 Job Location: Whitefield No. of vacancies: 2 Apply for this position Full Name * Email * Phone * Cover Letter * Upload CV/Resume *Allowed Type(s): .pdf, .doc, .docx By using this form you agree with the storage and handling of your data by this website. *",2025-05-24T08:57:44Z,Onsite,https://www.adzuna.co.uk/jobs/details/5214002892?utm_medium=api&utm_source=25f3af84
GB,FP&A Manager,Aggreko,"Dumbarton, West Dunbartonshire",48173.68,48173.68,,48173.68,1,Accounting & Finance Jobs,"We're a global leader in providing energy solutions that help businesses grow and communities thrive. We work as a team and we’re proud of the difference we make to customers, to local communities, and towards a sustainable future for the world. We’re looking for a Financial Planning & Analysis Manager in our Commercial division at Aggreko. This is a prominent role which will involve working with multiple senior stakeholders to report and provide insight on business performance. The FP&A manage…",2025-05-24T08:57:44Z,Onsite,https://www.adzuna.co.uk/jobs/details/5214002882?utm_medium=api&utm_source=25f3af84
GB,"UBS Bond Port, Credit Sales Trader",UBS,"London, UK",39963.67,39963.67,,39963.67,1,Accounting & Finance Jobs,United Kingdom Sales and trading Investment Bank Job Reference  312867BR City London Job Type Full Time Your role Do you enjoy working in fast paced financial markets in a constantly evolving electronic trading landscape? Are you looking to develop to sales and trading skills beyond the traditional bank structure? Do you have proven track record as a client relationship builder? Do you use your skills and experience to seize opportunities for your clients and the firm? Are you an innovator when…,2025-05-24T08:57:44Z,Onsite,https://www.adzuna.co.uk/jobs/details/5214002884?utm_medium=api&utm_source=25f3af84
GB,"Commercial Manager, Base",Sky,"Isleworth, West London",38268.32,38268.32,,38268.32,1,IT Jobs,"Job Description As a Commercial Strategy Manager, you will have a direct influence in shaping the future of how we manage our customer base by designing cutting-edge commercial strategies that drive value, retention, and growth across the whole Sky Base (TV, Broadband and Mobile). The role is multifaceted and requires collaboration across multiple teams. Working within a high-performing team, to develop the future strategy for our customer base, to drive stability and key commercial KPIs. “As a…",2025-05-24T08:57:44Z,Onsite,https://www.adzuna.co.uk/jobs/details/5214002871?utm_medium=api&utm_source=25f3af84
GB,Head of Pricing/ Senior Pricing Manager – Home Insurance,Sky,"Isleworth, West London",48085.09,48085.09,,48085.09,1,Sales Jobs,"Job Description Want to do the best work of your life? With 24 million customers in 7 countries, make your mark at Europe’s leading media and entertainment brand. A workplace where you can proudly be yourself; our people make Sky a truly exciting and inclusive place to work. As the Head of Pricing & Underwriting for Sky Protect you will be responsible for setting and monitoring the pricing and underwriting strategies for Sky, working closely with our insurance partners to drive forward performa…",2025-05-24T08:57:44Z,Onsite,https://www.adzuna.co.uk/jobs/details/5214002870?utm_medium=api&utm_source=25f3af84
GB,Operation Executive,Narayana Nethralaya,"Whitefield, Manchester",32528.37,32528.37,,32528.37,1,Admin Jobs,"Qualification: MHA Skills-Good communication skills in English, Hindi & Kannada is mandatory. Job Experience: 0 1 2 Job Location: Whitefield No. of vacancies: 1 Apply for this position Full Name * Email * Phone * Cover Letter * Upload CV/Resume *Allowed Type(s): .pdf, .doc, .docx By using this form you agree with the storage and handling of your data by this website. *",2025-05-24T08:57:44Z,Onsite,https://www.adzuna.co.uk/jobs/details/5214002889?utm_medium=api&utm_source=25f3af84
GB,E-Commerce Lead,Pod Point,"London, UK",75000.0,85000.0,,85000.0,0,IT Jobs,"Description Leading the way in electric vehicle charging, we've been at the forefront of adoption in the UK since 2009. With over 250,000 charge points installed so far, out of a total of 1 million in the UK, we make EV ownership simple and affordable. Partnering with top automotive brands like Mercedes, Jaguar Land Rover, BMW and Kia, as well as energy leaders such as EDF and Centrica, we’ve earned accolades such as the 'Which? - Trusted Trader' award and 'Best for Value, Home EV Chargers - Wh…",2025-05-24T08:57:44Z,Onsite,https://www.adzuna.co.uk/jobs/details/5214002895?utm_medium=api&utm_source=25f3af84
GB,Band 5 Occupational Therapist,HCRG Care Group,"Melksham, Wiltshire",40981.51,40981.51,,40981.51,1,Healthcare & Nursing Jobs,"Job Introduction oin Our Dynamic Community Team – Band 5 Occupational Therapist Role! Are you an enthusiastic Occupational Therapist looking to make a real impact? Come and be part of the Melksham and Bradford-on-Avon Community Team , a large and friendly multi-disciplinary team dedicated to empowering individuals to thrive in their own homes! Why Join Us? Work alongside skilled Community Nurses, Physiotherapists, Occupational Therapists, and Clinical Leads in a truly collaborative environment.…",2025-05-24T08:57:44Z,Onsite,https://www.adzuna.co.uk/jobs/details/5214002886?utm_medium=api&utm_source=25f3af84
GB,Anesthesia technician,Narayana Nethralaya,"Whitefield, Manchester",32333.89,32333.89,,32333.89,1,Admin Jobs,"Qualification: Diploma/Degree in Anaesthesia Technician Skills: Good communication in English and Kannada Note: Paramedical Board Registration is Compulsory Job Experience: 0 2 Job Location: Whitefield No. of vacancies: 1 Apply for this position Full Name * Email * Phone * Cover Letter * Upload CV/Resume *Allowed Type(s): .pdf, .doc, .docx By using this form you agree with the storage and handling of your data by this website. *",2025-05-24T08:57:44Z,Onsite,https://www.adzuna.co.uk/jobs/details/5214002888?utm_medium=api&utm_source=25f3af84
GB,Principal Data Scientist,Sky,"Isleworth, West London",42273.78,42273.78,,42273.78,1,IT Jobs,"Job Description We believe in better. And we make it happen. Better content. Better products. And better careers. Working in Tech, Product or Data at Sky is about building the next and the new. From broadband to broadcast, streaming to mobile, SkyQ to Sky Glass, we never stand still. We optimise and innovate. We turn big ideas into the products, content and services millions of people love. And we do it all right here at Sky. Data Science practice at Sky Data science is at the heart of decision…",2025-05-24T08:57:44Z,Onsite,https://www.adzuna.co.uk/jobs/details/5214002891?utm_medium=api&utm_source=25f3af84
GB,Business Analyst (12 Month FTC),Echo Managed Services,"Walsall, West Midlands",41574.43,41574.43,,41574.43,1,IT Jobs,"Job Title Business Analyst (12 Month FTC) Location Walsall Package Competitive As a successful Business Analyst with Echo Managed Services, you’ll be joining our UK based service and implementation team reporting to the Consulting Manager. Your time will be split between our Walsall HQ and clients' sites in the UK and worldwide. With support from our product and data experts at our software development team in the UK, India and Australia. You will be given the opportunity to learn everything we…",2025-05-24T08:57:43Z,Onsite,https://www.adzuna.co.uk/jobs/details/5214002757?utm_medium=api&utm_source=25f3af84
GB,Project Controller,Leonardo,"Luton, Bedfordshire",47114.22,47114.22,,47114.22,1,Engineering Jobs,"Job Description We are looking for an enthusiastic and motivated individual to join our growing Project Controls team. The role is to deliver project planning and scheduling into our manufacturing and spares projects for the Typhoon platform. This is achieved through supporting the Integrated Project Team in the management of resources and progression in the schedules, and producing reports and updates in line with the project monthly cadence to support the understanding of progress on the Proj…",2025-05-24T08:57:43Z,Onsite,https://www.adzuna.co.uk/jobs/details/5214002772?utm_medium=api&utm_source=25f3af84
GB,Store Manager,WED2B,"Orpington, London",37197.62,37197.62,,37197.62,1,Retail Jobs,"Warm, inspiring, ambitious, and spirited. Just the kind of person we’re looking for. If this sounds like you, we’d love to chat to you about our Store Manager vacancy. At WED2B we’re very well-known in the bridalwear industry as the leading retailer of luxury, affordable wedding dresses. With retail stores across the UK and Europe, we offer our bride huge range of high-quality, competitively priced designer bridalwear in a warm, friendly environment. It’s an experience our customers tell us the…",2025-05-24T08:57:43Z,Onsite,https://www.adzuna.co.uk/jobs/details/5214002835?utm_medium=api&utm_source=25f3af84
GB,Treasury Projects Manager,Subsea7,"Westhill, Inverness",57765.86,57765.86,,57765.86,1,Accounting & Finance Jobs,"Overview Subsea7 is currently seeking a skilled Treasury Projects Manager to join our team on a 6-month contract based in our Sutton, London office. This role is ideal for a proactive professional with a strong background in Treasury Management Systems and a passion for process improvement and automation. As a Treasury Projects Manager, you will play a key role in developing and optimising our Treasury Management System (TMS), with a focus on streamlining daily operations, delivering improvemen…",2025-05-24T08:57:43Z,Onsite,https://www.adzuna.co.uk/jobs/details/5214002809?utm_medium=api&utm_source=25f3af84
GB,Branch Manager,Travis Perkins plc,"Clitheroe, Lancashire",39190.21,39190.21,,39190.21,1,Retail Jobs,"Branch Manager - Bolton Who We Are We’re the UK’s largest builders’ merchant! With over 500 branches, we provide everything from timber and bricks to kitchens, tools, and equipment. We’re a supportive team offering great career opportunities and the chance to develop new skills. Whether you're in the office, on the shop floor, or handling deliveries, there’s a place here for you to grow. Join us today and see why we’re the trusted choice for builders! What’s In It For You? Joining the UK’s larg…",2025-05-24T08:57:43Z,Onsite,https://www.adzuna.co.uk/jobs/details/5214002839?utm_medium=api&utm_source=25f3af84
GB,Storage Optimisation,ENGIE,"London, UK",48570.31,48570.31,,48570.31,1,IT Jobs,"ENGIE is a global reference in low-carbon energy and services. With almost 100,000 employees , its customers, partners and stakeholders, the Group is committed to accelerate the transition towards a carbon-neutral world, through reduced energy consumption and more environmental-friendly solutions. Inspired by its purpose (“raison d’être”), ENGIE reconciles economic performance with a positive impact on people and the planet, building on its key businesses (gas, renewable energy, services) to of…",2025-05-24T08:57:43Z,Onsite,https://www.adzuna.co.uk/jobs/details/5214002852?utm_medium=api&utm_source=25f3af84
GB,Legal Contracts Manager,Toyota Material Handling UK,"Slough, Berkshire",39319.93,39319.93,,39319.93,1,Retail Jobs,We have a fantastic opportunity for a Legal Contracts Manager to join our team in Slough. About The Role This role involves providing the most effective contract management process that will act as a safeguard against various types of legal actions by successfully and timely fulfilling all the contractual requirements. On a day-to-day basis this is what you would be doing: Legal contract management control all formats of contractual documentation within Toyota Material Handling UK Checking and …,2025-05-24T08:57:43Z,Onsite,https://www.adzuna.co.uk/jobs/details/5214002771?utm_medium=api&utm_source=25f3af84
GB,Academy Administrator,CIOB,"London, UK",25317.18,25317.18,,25317.18,1,Teaching Jobs,"Location: London / Hybrid Working Department: Academy Working Hours: Full Time, 36 hours per week Contract Type: Permanent About Us Are you ready to use your administrative skills for an organisation that is committed to making a positive difference for people everywhere? If so, we could be the organisation for you. We are the Chartered Institute of Building (CIOB), the world's largest and most influential professional body for construction management and leadership. About the Role The Academy …",2025-05-24T08:57:43Z,Hybrid,https://www.adzuna.co.uk/jobs/details/5214002763?utm_medium=api&utm_source=25f3af84
GB,Advice Quality and Operations Manager,Citizens Advice Stevenage,"Biggleswade, Bedfordshire",41145.2,41145.2,,41145.2,1,Customer Services Jobs,"Job Description Strategy and planning ● Work with the Head of Advice to develop and deliver an operational plan to support delivery of the strategic priorities, which is measured, monitored and reported up to the CEO and Board of Trustees. ● Co-ordinate activities, procedures and systems so as to promote the common policies and practices with the appropriate advice services. ● Ensure that the strategy is accessible to and understood by all staff and volunteers and they know the role they play i…",2025-05-24T08:57:43Z,Onsite,https://www.adzuna.co.uk/jobs/details/5214002858?utm_medium=api&utm_source=25f3af84
GB,"Agile Delivery, Scrum and Coaching - Consultant - Digital Excellence",Capgemini Invent,"London, UK",67194.13,67194.13,,67194.13,1,IT Jobs,"At Capgemini Invent, we believe difference drives change. As inventive transformation consultants, we blend our strategic, creative and scientific capabilities, collaborating closely with clients to deliver cutting-edge solutions. Join us to drive transformation tailored to our client's challenges of today and tomorrow. Informed and validated by science and data. Superpowered by creativity and design. All underpinned by technology created with purpose. YOUR ROLE You will be joining our Agile De…",2025-05-24T08:57:43Z,Onsite,https://www.adzuna.co.uk/jobs/details/5214002859?utm_medium=api&utm_source=25f3af84
GB,Global Head of Claims Strategy & Execution,WTW,"London, UK",200000.0,260000.0,,260000.0,0,Accounting & Finance Jobs,"Description The role of Global Head of Claims Strategy & Execution is a senior position, directly reporting to Global Head of Claims. In this role, the team member will be involved in all aspects of claims strategy across three key pillars – organize, commercialize and digitize. The Global Head of Claims Strategy & Execution will be a member of Willis’ Global Claims Leadership Team and will partner with Regional Claims Leaders and other key stakeholders including but not limited to those in WTW…",2025-05-24T08:57:43Z,Onsite,https://www.adzuna.co.uk/jobs/details/5214002865?utm_medium=api&utm_source=25f3af84
GB,"Graduate, Communications & Marketing",AFME,"London, UK",33570.85,33570.85,,33570.85,1,Graduate Jobs,"Description The Association for Financial Markets in Europe (AFME) is the voice of leading investment banks in Europe’s financial markets, providing expertise across a broad range of regulatory and capital markets issues. Our purpose is to advocate for deep and competitive, integrated capital markets in the EU, UK and globally, which support companies and investors, facilitating economic growth. The AFME Communications & Marketing team supports AFME’s advocacy and thought leadership efforts by …",2025-05-24T08:57:43Z,Onsite,https://www.adzuna.co.uk/jobs/details/5214002795?utm_medium=api&utm_source=25f3af84
GB,Technical Implementation Lead,Capgemini,"London, UK",60291.16,60291.16,,60291.16,1,IT Jobs,"Job Title: Implementation Lead (Knutsford, Manchester) GET THE FUTURE YOU WANT! Choosing Capgemini means choosing a company where you will be empowered to shape your career in the way you’d like, where you’ll be supported and inspired by a collaborative community of colleagues around the world, and where you’ll be able to reimagine what’s possible. Join us and help the world’s leading organizations unlock the value of technology and build a more sustainable, more inclusive world. YOUR ROLE Capg…",2025-05-24T08:57:43Z,Onsite,https://www.adzuna.co.uk/jobs/details/5214002779?utm_medium=api&utm_source=25f3af84
GB,Accounts Administrator,Churchill Estates Management,"Ringwood, Hampshire",28198.7,28198.7,,28198.7,1,Accounting & Finance Jobs,"Job title: Accounts Administrator Location: Based in Ringwood, BH24 3FA Rewards: Competitive salary, excellent Colleague benefits and ongoing investment into your personal development About the role It’s exciting and busy times at Churchill Estates Management (CEM) and we are looking to appoint an Accounts Administrator to join our friendly Service Charge Accounts team here in Ringwood. Based in our stunning Head Office, you’ll support the team to ensure the successful completion of Service Cha…",2025-05-24T08:57:43Z,Onsite,https://www.adzuna.co.uk/jobs/details/5214002827?utm_medium=api&utm_source=25f3af84
GB,Schedule Coordinator,Amey,"Catterick Garrison, North Yorkshire",30247.08,30247.08,,30247.08,1,Admin Jobs,"We are excited to offer a fantastic opportunity for a Schedule Coordinator in Catterick, North Yorkshire The standard hours of work are 37.5 hours per week Monday-Friday Join our vibrant, inclusive community in our central hub of information, the Regional Service Centre, the Schedule Coordinator will be instrumental in the success of always putting our service families first, enabling the delivery of first-time fixes, complaint resolution, and resource coordination. Using the CAFM (Computer Aid…",2025-05-24T08:57:43Z,Onsite,https://www.adzuna.co.uk/jobs/details/5214002806?utm_medium=api&utm_source=25f3af84
GB,"Strategic Sourcing Specialist, Global Corporate Procurement",Amazon UK Services Ltd.,"London, UK",49881.8,49881.8,,49881.8,1,Retail Jobs,"* Demonstrated strategic sourcing experience. * BS/BA Degree. Are you a Strategic Sourcing superstar looking to make a big impact? As Amazon rapidly becomes the world's largest consumer of corporate services, our Global Corporate Procurement team is seeking a Strategic Sourcing Specialist to join us in London. Strategic Sourcing Specialists, working under the general direction of more senior team members, manage strategic sourcing engagements as a central team supporting a wide range of Amazon …",2025-05-24T08:57:43Z,Onsite,https://www.adzuna.co.uk/jobs/details/5214002844?utm_medium=api&utm_source=25f3af84
GB,SEND Administrative Assistant EDV/2025/OHA/46637,Ormiston Academies Trust,"Stoke-On-Trent, Staffordshire",31030.32,31030.32,,31030.32,1,Admin Jobs,"About This Role Work where it matters most, achieve what matters more Be part of a team where passion meets purpose, as we work together where the challenge is greatest to change the lives and build the futures of children and young people. OHA is seeking an organised and dedicated professional to provide efficient administrative and clerical support to the Special Educational Needs and Disabilities (SEND) department under the direction of the Special Educational Needs Coordinator (SENCo). The …",2025-05-24T08:57:43Z,Onsite,https://www.adzuna.co.uk/jobs/details/5214002805?utm_medium=api&utm_source=25f3af84
GB,Fleet Coordinator,Zenobē,"London, UK",32301.65,32301.65,,32301.65,1,Logistics & Warehouse Jobs,"ABOUT ZENOBE Our mission is to make clean power accessible, to accelerate the shift to zero-carbon power and transport around the world. We are passionate about making a positive impact on communities and the environment where we work. We’re designing, financing, building and operating the world’s most sophisticated battery systems to enable the take up of more renewable power, electrifying fleets for cleaner air, and providing clean, portable power including repurposed electric vehicle batteri…",2025-05-24T08:57:43Z,Onsite,https://www.adzuna.co.uk/jobs/details/5214002785?utm_medium=api&utm_source=25f3af84
GB,Commercial Assistant,Moonpig.com,"London, UK",29199.42,29199.42,,29199.42,1,"PR, Advertising & Marketing Jobs","Our Ways of Working Principles: We believe that most of us do our best work when we work together, but we know that everyone works in different ways, and quite frankly, has other commitments and responsibilities outside of work. As we further adjust to hybrid working, we want to take what we've learnt from working remotely and keep the flexibility that's enabled us to thrive and keep driving our business forward. We have some core principles which support us in this: Do what’s right Trust & giv…",2025-05-24T08:57:43Z,Remote,https://www.adzuna.co.uk/jobs/details/5214002765?utm_medium=api&utm_source=25f3af84
GB,Field Technician - Water Industry,RPS,"Grangemouth, Falkirk County",27302.62,27302.62,,27302.62,1,Engineering Jobs,"RPS is seeking an experienced Field Technician to join our team as a Wastewater EDM Installer. This role is well suited to those with backgrounds in Mechancical, Electrical and Telecommunications role, or those from the Utilities sector. Once training you would work with a 3-person team, carrying out the installation, commissioning and maintenance of EDM (Event Duration Monitoring) equipment. About The Team RPS Water Consulting Scotland is a team of Engineers, Modellers, and Site Based Operatio…",2025-05-24T08:57:43Z,Onsite,https://www.adzuna.co.uk/jobs/details/5214002863?utm_medium=api&utm_source=25f3af84
GB,Business Analyst - FTC - Airline Operations,easyJet,"Luton, Bedfordshire",53684.35,53684.35,,53684.35,1,IT Jobs,"Business Analyst - Airline Operations - 12 month FTC Luton/Hybrid Company When it comes to innovation and achievement there are few organisations with a better track record. Join us and you’ll be able to play a big part in the success of our highly successful, fast-paced business that opens up Europe so people can exercise their get-up-and-go. With over 250 aircraft flying over 700 routes to more than 30 countries, we’re the UK’s largest airline, the fourth largest in Europe and the tenth large…",2025-05-24T08:57:43Z,Hybrid,https://www.adzuna.co.uk/jobs/details/5214002797?utm_medium=api&utm_source=25f3af84
GB,Vertriebsmitarbeiter Innendienst (m/w/d),Data-Sec GmbH,"March, Cambridgeshire",28678.03,28678.03,,28678.03,1,Other/General Jobs,Beratung und Betreuung unserer Kunden und Interessenten Enge Zusammenarbeit mit unserem Außendienst zu den Kundenprojekten Erstellung sowie Nachverfolgen von Angeboten und Unterstützung bei der Abwicklung von Kundenaufträgen Ausbau und Pflege von Kundenbeziehungen Erweiterung des Kundenstammes durch Neukundengewinnung,2025-05-24T08:57:43Z,Onsite,https://www.adzuna.co.uk/jobs/details/5214002861?utm_medium=api&utm_source=25f3af84
GB,Financial Crime SME,Capgemini,"London, UK",54472.37,54472.37,,54472.37,1,Consultancy Jobs,"Role Overview: Job Title: Financial Crime SME Location: London - Hybrid Capgemini is seeking a knowledgeable and proactive Financial Crime Subject Matter Expert – Design to join our Financial Crime team. This role is pivotal in designing, implementing, and enhancing systems, policies, and procedures to prevent and detect financial crime. You will work closely with cross-functional teams to ensure our frameworks are robust, compliant, and aligned with industry best practices. Key Responsibilitie…",2025-05-24T08:57:43Z,Hybrid,https://www.adzuna.co.uk/jobs/details/5214002862?utm_medium=api&utm_source=25f3af84
GB,"Consultant, Arc Bio Communications",IQVIA,"London, UK",56574.18,56574.18,,56574.18,1,Consultancy Jobs,"Job description: Consultant Principle duties/requirements : Client service : Builds and maintains excellent relationships with clients and provides ongoing consultation and council, with the support of Arc Bio Partners. Clearly owns and takes responsibility (internally and externally) for allocated client projects. Actively participates in client briefings, presentations and adds strong contributions to profitable delivery and development of client accounts. Develops strong and effective scient…",2025-05-24T08:57:42Z,Onsite,https://www.adzuna.co.uk/jobs/details/5214002637?utm_medium=api&utm_source=25f3af84
GB,Equipment Management Coordinator,Labcorp,"Harrogate, North Yorkshire",36439.67,36439.67,,36439.67,1,Scientific & QA Jobs,Are you looking for a technical role with training and career progression opportunities? Do you want to be a part of the world's leading scientific drug development company? The Role Our Harrogate site is currently recruiting for a Equipment Management Coordinator to join the Molecular Biology (MolBioA) department . The Equipment Management Associates will perform all activities with regards to the GLP compliance of all equipment. The individual has a responsibility to work with MolBioA operati…,2025-05-24T08:57:42Z,Onsite,https://www.adzuna.co.uk/jobs/details/5214002725?utm_medium=api&utm_source=25f3af84
GB,Admin and Data Lead,HCRG Care Group,"Loughborough, Leicestershire",35632.73,35632.73,,35632.73,1,Admin Jobs,"Job Introduction We are excited to announce the launch of our new Leicestershire and Rutland Sexual Health Service and are looking for a full time (37.5 hours per week) Admin and Data Lead to join our team. This exciting position will hold overall managerial responsibility for the administration and data aspects of the service including working cohesively with their deputy to develop and ensure that all functions within the single point of access are seamless and robust, ensuring ease of access…",2025-05-24T08:57:42Z,Onsite,https://www.adzuna.co.uk/jobs/details/5214002685?utm_medium=api&utm_source=25f3af84
GB,Senior Underwriter,Abound,"London, UK",37000.0,48000.0,,48000.0,0,Accounting & Finance Jobs,"About Abound We’re on a mission to make affordable loans available to more people. Using the power of Open Banking, we have built state-of-the-art technology that allows us to look beyond traditional credit scores and offer fairer credit to people ignored by traditional lenders. We have two parts of our business. On the consumer side, we have Abound. Abound has proven that our approach works at scale, with over £650 million lent to-date. While other lenders only look at your credit score, we us…",2025-05-24T08:57:42Z,Onsite,https://www.adzuna.co.uk/jobs/details/5214002630?utm_medium=api&utm_source=25f3af84
GB,Principal UX Designer,HippoDigital,"London, UK",79000.0,98500.0,,98500.0,0,IT Jobs,"About The Role Hippo is recruiting for principal consultants in UX design . UX designers ensure that people using a service can do what they need to do, when they need to do it, in a way that is easy for them. Working with user researchers, they identify what users need from a service and use that information to inform their design decisions. Champions of user-centred design, they work with other Agile team members to test and iterate designs, and advise clients on how to get the best from inte…",2025-05-24T08:57:42Z,Onsite,https://www.adzuna.co.uk/jobs/details/5214002650?utm_medium=api&utm_source=25f3af84
GB,Veterinary Surgeon,Vets for Pets,"Dunfermline, Fife",41754.74,41754.74,,41754.74,1,Healthcare & Nursing Jobs,"Job Description Values-led GP Practice Near Edinburgh Seeking People-oriented FULL and PART TIME permanent Vet. Are you looking for a change due to being overbooked, unsupported and on the pathway to burnout? Do you enjoy the varied challenge of being a great GP vet but also have an area of interest you’re now ready to focus on more? Are you a vet who actually enjoys working with clients? - if only you had enough time to spend with them and their pets! Are you looking for a flexible rota that f…",2025-05-24T08:57:42Z,Onsite,https://www.adzuna.co.uk/jobs/details/5214002665?utm_medium=api&utm_source=25f3af84
GB,Global Head of Crypto Expansion,Revolut,"London, UK",51367.29,51367.29,,51367.29,1,IT Jobs,"About Revolut People deserve more from their money. More visibility, more control, and more freedom. Since 2015, Revolut has been on a mission to deliver just that. Our powerhouse of products — including spending, saving, investing, exchanging, travelling, and more — help our 55 million customers get more from their money every day. As we continue our lightning-fast growth,‌ 2 things are essential to our success: our people and our culture. In recognition of our outstanding employee experience,…",2025-05-24T08:57:42Z,Onsite,https://www.adzuna.co.uk/jobs/details/5214002645?utm_medium=api&utm_source=25f3af84
GB,Electrical Project Manager,EMCOR UK,"Eastleigh, Hampshire",51717.91,51717.91,,51717.91,1,Engineering Jobs,"Duties/Responsibilities Location: Mobile- M4 Corridor / Reading (Mobile role covering south)- Reporting office Eastleigh Salary : Competitive  Car allowance  Private healthcare after 6 Months Working hours: Monday to Fri 8am-5pm Contract Type: Permanent About EMCOR UK At EMCOR UK, we revolutionise facilities management by combining our engineering heritage and innovation capability. We prioritise people in everything we do, collaborating closely with our customers to understand all their needs,…",2025-05-24T08:57:42Z,Onsite,https://www.adzuna.co.uk/jobs/details/5214002670?utm_medium=api&utm_source=25f3af84
GB,Men's Elite Coach Developer,The Football Association,UK,31675.82,31675.82,,31675.82,1,Travel Jobs,Develop and inspire elite performance The FA are excited to be recruiting for a Men's Elite Coach Developer to join our FA Learning division. The Elite Coach Developer will play a central role in nurturing and supporting homegrown coaching talent at the top end of the men's game. This hands-on role focuses on directly engaging with elite coaches to co-design and deliver impactful development experiences that go beyond qualifications. The role blends a deep understanding of elite football enviro…,2025-05-24T08:57:42Z,Onsite,https://www.adzuna.co.uk/jobs/details/5214002730?utm_medium=api&utm_source=25f3af84
GB,Global Head of Q40 Sales,QinetiQ,"Farnborough, Hampshire",82641.12,82641.12,,82641.12,1,Sales Jobs,"Package: Competitive Salary  Benefits Role ID: SF18148 Are you ready to be part of the future? At QinetiQ, we’re not just imagining tomorrow we are creating it. From cutting edge defence technology to ground breaking innovations our mission is to empower and protect lives. Join us as a Global Head of Q40 Sales, where you will have the opportunity to work with cutting-edge technology in partnership with some of the most brilliant minds. You could be based from a number of QinetiQ's UK sites, thi…",2025-05-24T08:57:42Z,Onsite,https://www.adzuna.co.uk/jobs/details/5214002691?utm_medium=api&utm_source=25f3af84
GB,Maintenance Engineer - Bury St Edmunds,AB Agri,"Bury St. Edmunds, Suffolk",43798.8,43798.8,,43798.8,1,Engineering Jobs,"Job Title: Multi Skilled Maintenance Engineer Location: Bury St Edmunds, Suffolk, UK Contract and Shift details: Permanent, 40Hrs per week. Monday to Friday operating a 3-shift pattern. 6am – 2pm, 8am- 4pm, 13:00-21:00, with an on-call rota for 1 in 4 covering evenings and weekends. Are you a skilled Maintenance Engineer looking for a new challenge in a fast-paced, safety-first environment? Join ABN, the UK’s leading manufacturer of compound animal feed, and play a crucial role in keeping our o…",2025-05-24T08:57:42Z,Onsite,https://www.adzuna.co.uk/jobs/details/5214002648?utm_medium=api&utm_source=25f3af84
GB,Senior Planner,High Speed Two ,"London, UK",53850.0,67300.0,,67300.0,0,Engineering Jobs,"Salary: Base salary: £53,850pa to c.£67,300pa depending on skills and experience. In addition, we offer flexible benefits fund of 20% which is paid on top base salary and is fully pensionable, as well as a range of competitive benefits - check them out in the Benefits section on our website. HS2 Ltd endeavours to ensure everyone working for us and with us feels included, thrives and achieves their full potential. In practice, this means we are positive and inclusive about making adjustments, pr…",2025-05-24T08:57:42Z,Onsite,https://www.adzuna.co.uk/jobs/details/5214002755?utm_medium=api&utm_source=25f3af84
GB,Supporter Experience Assistant,Rotherham Hospice,"Rotherham, South Yorkshire",24160.84,24160.84,,24160.84,1,Admin Jobs,"About the Role: The Supporter Experience Assistant is the first point of contact for supporters and administration tasks. Offering a high level of support, guidance, stewardship to supporters whilst implementing the operational delivery of all departmental transactional requirements related to the delivery of our fundraising and retail activities. This is a pivotal role in ensuring supporter care and administrative excellence is achieved and maintained in an accurate and timely manner and that …",2025-05-24T08:57:42Z,Onsite,https://www.adzuna.co.uk/jobs/details/5214002713?utm_medium=api&utm_source=25f3af84
GB,Private Oral Surgery,Rodericks Dental Partners,"Farnborough, Hampshire",42167.32,42167.32,,42167.32,1,Healthcare & Nursing Jobs,"Role Description Private Oral Surgeon Queensmead Dental Practice, Unit 74 Queensmead, Farnborough, GU14 7SB qualified/experienced nursing team Co-funding opportunities Embark on a new journey at Queensmead Dental located in a high street to Farnborough town. conveniently situated on the high street of Farnborough town. Our strategic location places us within a 5 to 10-minute walk from public transport, making us easily accessible. Experience comprehensive dental care in a welcoming environment …",2025-05-24T08:57:42Z,Onsite,https://www.adzuna.co.uk/jobs/details/5214002683?utm_medium=api&utm_source=25f3af84
GB,Pensions Systems Analyst,WTW,"Redhill, Surrey",47618.16,47618.16,,47618.16,1,IT Jobs,"Description Our work touches the lives of millions of people. We are dedicated to helping our clients deliver an excellent experience to the members of their pension schemes. This is an exciting opportunity to join Outsourcing, as a Systems Analyst within the Technology function reporting to the Systems Analyst Lead in OGB Technology. You will be joining a large team of Systems Analysts with diverse skills and experience, the job requires a motivated professional who is experienced in taking re…",2025-05-24T08:57:42Z,Onsite,https://www.adzuna.co.uk/jobs/details/5214002678?utm_medium=api&utm_source=25f3af84
GB,Teacher,Autism Anglia,"Colchester, Essex",39989.52,39989.52,,39989.52,1,Teaching Jobs,"Job Introduction Job Description We are looking for the right people to join our school. We wish to find a class teacher who is ready to face the challenges of working with pupils with a range of complex needs. We need an excellent teacher with ASC/ SLD background or experience, who wants to work as part of a dedicated and supportive school staff. Location: Doucecroft School, Eight Ash Green, Colchester, CO6 3QL Hours: Full-Time; 38.5 hours per week (term time only) Salary: Subject to experienc…",2025-05-24T08:57:42Z,Onsite,https://www.adzuna.co.uk/jobs/details/5214002742?utm_medium=api&utm_source=25f3af84
GB,Senior Manager GTM,adidas,"Stockport, Greater Manchester",53887.06,53887.06,,53887.06,1,Retail Jobs,"Senior Manager GTM | Manchester Join adidas Europe and shape the future of the sporting goods industry. For over 75 years, our European heritage has been a fusion of culture and innovation, driving global sports trends. Our offices, from Herzogenaurach to London, Berlin, Zaragoza, Amsterdam, Warsaw, Athens, Milan, Manchester, and Paris, are centres of creativity and collaboration. You’ll be joining our Stockport Head office, home to 18 showrooms, our Conference Centre, staff Wellness Hub, a tru…",2025-05-24T08:57:42Z,Onsite,https://www.adzuna.co.uk/jobs/details/5214002720?utm_medium=api&utm_source=25f3af84
GB,Portfolio Performance and Insights Lead,MotabilityDotNet,"London, UK",64084.32,64084.32,,64084.32,1,IT Jobs,"About The Role This position sits within the MO Technology function and reports into the Portfolio Partner and SIC lead. The role will be responsible for directing and consolidating all investment planning activity and outcomes-based reporting across Business and Technology. This role will be central to the strategic foresight and planning across the Investment cycle, providing a total view of investment. The role will work across product, project and pipeline work to ensure the front door to i…",2025-05-24T08:57:42Z,Onsite,https://www.adzuna.co.uk/jobs/details/5214002659?utm_medium=api&utm_source=25f3af84
GB,Service Administrator,Stericycle,"Bridgend, Bridgend County",29174.46,29174.46,,29174.46,1,Admin Jobs,"About Us Stericycle is a U.S. based business-to-business services company and leading provider of compliance-based solutions that protects people and brands, promotes health and well-being, and safeguards the environment. Since our founding over 30 years ago, we have grown from a small start-up in medical waste management into a leader across a range of increasingly complex and highly regulated arenas, serving healthcare organizations and commercial businesses of every size. Every day, we help …",2025-05-24T08:57:42Z,Onsite,https://www.adzuna.co.uk/jobs/details/5214002671?utm_medium=api&utm_source=25f3af84
GB,Senior Maintenance Surveyor,Home Group,"Durham, County Durham",52051.32,52051.32,,52051.32,1,Trade & Construction Jobs,"Senior Maintenance Surveyor Durham - Hybrid role; mix of office, home, and on-site work across the North East Fixed Term Contract - 6 months, Full Time (37.5 hpw) Competitive, negotiable salary Great benefits including Health Cash Plan Home, a place where you belong We’re looking for an accomplished Senior Maintenance Surveyor ready to take the reins and lead our brilliant surveying team to the next level. This is far more than managing inspections, this is your opportunity to take full ownersh…",2025-05-24T08:57:42Z,Hybrid,https://www.adzuna.co.uk/jobs/details/5214002669?utm_medium=api&utm_source=25f3af84
GB,Marketing Executive,The BCI,"Reading, Berkshire",28000.0,28000.0,,28000.0,0,"PR, Advertising & Marketing Jobs","Job Title: Marketing Executive Salary: £28,000 per annum Contract: Full Time; Permanent Location: Hybrid (Home / Reading Office, UK) The BCI is the global membership association of choice for business continuity and resilience professionals with more than 9,000 members in over 120 countries. We are seeking a proactive and detail-oriented Marketing Executive to support the delivery of revenue-generating marketing activity across our portfolio of products and services. This is a hands-on, operati…",2025-05-24T08:57:42Z,Hybrid,https://www.adzuna.co.uk/jobs/details/5214002644?utm_medium=api&utm_source=25f3af84
GB,Report Coordinator - Genetic Toxicology,Labcorp,"Harrogate, North Yorkshire",32127.48,32127.48,,32127.48,1,Scientific & QA Jobs,"Are you organised and have a keen eye for detail? Do you have an interest in science but want to be office based? Labcorp is a global, world-leading Life Sciences Contract Research Organisation that provides dedicated and fully comprehensive laboratory testing and drug development services to the pharmaceutical, crop protection and chemical industries. We strive to make a difference to people’s everyday lives by bringing essential medicines and products to the market. We are currently seeking a…",2025-05-24T08:57:42Z,Onsite,https://www.adzuna.co.uk/jobs/details/5214002710?utm_medium=api&utm_source=25f3af84
GB,Business Analyst,WTW,"Ipswich, Suffolk",48622.86,48622.86,,48622.86,1,IT Jobs,"Description A Business Analyst is required to work with a variety of business stakeholders across R&B, to translate their business needs into actionable technology solutions. The role will need you to integrate your customer service, technical knowledge, analytical skills, and business expertise to support the business by helping to identify business benefits, define requirements for systems projects, and ensure profitable business solutions. It’s a relaxed hybrid work style, offering flexibili…",2025-05-24T08:57:42Z,Hybrid,https://www.adzuna.co.uk/jobs/details/5214002751?utm_medium=api&utm_source=25f3af84
GB,Electro-Technical Officer for Balearia RoRo Passenger ferries,Balearia,"London, UK",38655.51,38655.51,,38655.51,1,"Energy, Oil & Gas Jobs","Description We are looking for experienced Electro-Tecnical Office r for RoRo Passenger ferry MARIE CURIE , embarkation ASAP , contrcat 2 months /-1, required experienced as such, all valid Certificates including ETO ( III/6 ) and RoPax Certificates ( V/2 ), good references/recommednations. Position Summary Responsible for the safe operation, maintenance, upkeep, diagnosis, installations, repair and testing of all electrical equipment onboard to the highest degree of safety and performance in a…",2025-05-24T08:57:42Z,Onsite,https://www.adzuna.co.uk/jobs/details/5214002740?utm_medium=api&utm_source=25f3af84
GB,Assistant Store Manager,JD Sports Fashion,"Cannock, Staffordshire",22470.84,22470.84,,22470.84,1,Retail Jobs,"Established in 1981 with a single store in the Northwest of England, the JD Group is a leading omni-channel retailer of Sports Fashion, Outdoors and Gyms with our colleagues working in stores across several retail fascias in many markets around the world. JD Sports Fashion Plc was listed on the London Stock Exchange in 1996 and has been a FTSE100 publicly quoted company since 2019 and continues to grow in the UK and internationally. We want to be the leading global omnichannel retailer in the s…",2025-05-24T08:57:42Z,Onsite,https://www.adzuna.co.uk/jobs/details/5214002727?utm_medium=api&utm_source=25f3af84
GB,Account Specialist (Gastro) - East Scotland,AbbVie,"Maidenhead, Windsor & Maidenhead",44521.98,44521.98,,44521.98,1,Sales Jobs,"Company Description AbbVie's mission is to discover and deliver innovative medicines and solutions that solve serious health issues today and address the medical challenges of tomorrow. We strive to have a remarkable impact on people's lives across several key therapeutic areas – immunology, oncology, neuroscience, and eye care – and products and services in our Allergan Aesthetics portfolio. For more information about AbbVie, please visit us at www.abbvie.com. Follow @abbvie on X, Facebook, In…",2025-05-24T08:57:42Z,Onsite,https://www.adzuna.co.uk/jobs/details/5214002689?utm_medium=api&utm_source=25f3af84
GB,Senior Marine Claims Adjuster,Convex Insurance,"London, UK",45242.55,45242.55,,45242.55,1,Accounting & Finance Jobs,"Description This is a leading edge, forward thinking Claims adjusting role. You will be responsible for claims handling activities and claims management relating to Marine and Crisis Management Claims arising from business written by the Convex Group. This role is outcome-driven, and one which combines technical adjusting, account management, commercial and relationship management skills – underpinned by experience in fast paced, technology enriched environments. You will report directly to the…",2025-05-24T08:57:42Z,Onsite,https://www.adzuna.co.uk/jobs/details/5214002674?utm_medium=api&utm_source=25f3af84
GB,Senior IT Security Analyst,Dynatrace,"Maidenhead, Windsor & Maidenhead",47482.57,47482.57,,47482.57,1,IT Jobs,"Your role at Dynatrace Dynatrace exists to make the world’s software work perfectly. Our unified software intelligence platform combines broad and deep observability and continuous runtime application security with the most advanced AIOps to provide answers and intelligent automation from data at an enormous scale. This enables innovators to modernize and automate cloud operations, deliver software faster and more securely, and ensure flawless digital experiences. That is why the world’s larges…",2025-05-24T08:57:42Z,Onsite,https://www.adzuna.co.uk/jobs/details/5214002676?utm_medium=api&utm_source=25f3af84
GB,Lead Technologist - AI & ML,BAE Systems Digital Intelligence,"Chelmsford, Essex",60996.8,60996.8,,60996.8,1,Engineering Jobs,"Location(s): UK, Europe & Africa : UK : Great Baddow BAE Systems Digital Intelligence is home to 4,500 digital, cyber and intelligence experts. We work collaboratively across 10 countries to collect, connect and understand complex data, so that governments, nation states, armed forces and commercial businesses can unlock digital advantage in the most demanding environments. The Role BAE Systems Digital Intelligence is seeking to recruit a lead technologist to join our rapidly expanding Data and…",2025-05-24T08:57:42Z,Onsite,https://www.adzuna.co.uk/jobs/details/5214002707?utm_medium=api&utm_source=25f3af84
GB,Resource Coordinator,OCU,"Stockport, Greater Manchester",32003.54,32003.54,,32003.54,1,Trade & Construction Jobs,"OCU are seeking a dedicated Resourcing Coordinator to join the team in Stockport. This role will provide essential coordination within the resourcing function, ensuring efficient planning and allocation of PAYE and contractor staff across IPE works, group works, and frameworks. Responsibilities Coordinate resource planning and allocation for PAYE and subcontractor labour Manage resourcing needs across IPE works, group projects, and framework contracts Support the wider team in forecasting labou…",2025-05-24T08:57:42Z,Onsite,https://www.adzuna.co.uk/jobs/details/5214002722?utm_medium=api&utm_source=25f3af84
GB,Business Process Manager (BPM),MEMNON,"Watford, Hertfordshire",49526.57,49526.57,,49526.57,1,IT Jobs,"POSITION TITLE: Business Process Manager (BPM) LOCATION: Watford DEPARTMENT : Systems WORKING HOURS: 9am – 6pm SALARY: Dependent on experience REPORTS TO: Group COO 15 Months’ Fixed-Term Contract – Maternity Cover About Es Broadcast ES Broadcast is a leading provider of equipment sales, equipment rental and systems integration services to the professional broadcast industry, as well as live events, esports, corporate and government sectors. The company is part of the ES Media Group, which also …",2025-05-24T08:57:42Z,Onsite,https://www.adzuna.co.uk/jobs/details/5214002736?utm_medium=api&utm_source=25f3af84
GB,Senior Partnerships Executive,Compare the Market,"Peterborough, Eastern England",48130.32,48130.32,,48130.32,1,Sales Jobs,"At Compare the Market (CtM) our purpose is to make great financial decision making a breeze for everyone, and that purpose drives us every day. It’s why we’re on a mission to create an automated quoting engine, with the simplest of experiences, wrapped in a brand everyone loves! We change lives by making it simple to switch and save money and that’s why good things happen when you meerkat. We’d love you to be part of our journey. We are hiring a Senior Partnerships Executive. As a Senior Partne…",2025-05-24T08:57:41Z,Onsite,https://www.adzuna.co.uk/jobs/details/5214002558?utm_medium=api&utm_source=25f3af84
GB,Caseworker – Warwickshire Road Safety Unit,Warwickshire Police,"Warwick, Warwickshire",33109.31,33109.31,,33109.31,1,Admin Jobs,"Rugby Permanent Contract Full Time Salary (£24,222.00 - £25,626.00) The closing date for this post is 12 midday 06-June. Those currently eligible on the redeployment register will be given prior consideration. The main purpose of the role is to provide efficient clerical and administrative duties necessary to progress camera offences from identification, issuing the original Notice of Intended Prosecution, through to disposal. Main Responsibilities Retrieve information from all forms of Camera …",2025-05-24T08:57:41Z,Onsite,https://www.adzuna.co.uk/jobs/details/5214002625?utm_medium=api&utm_source=25f3af84
GB,"Loss Prevention Manager , Security and Loss Prevention",Amazon,"Hull, East Riding Of Yorkshire",40294.39,40294.39,,40294.39,1,IT Jobs,"Description Our operations network, known for our speed, accuracy, and exceptional service, delivers millions of packages and smiles to Amazon customers every day. To keep our operations network secure and assure operational continuity, we are looking for proactive and solution-based professionals who want to join our team as Loss Prevention Managers. In this key role, you will deliver security as a service to our operational sites across the end-to-end supply chain to protect our people and pr…",2025-05-24T08:57:41Z,Onsite,https://www.adzuna.co.uk/jobs/details/5214002586?utm_medium=api&utm_source=25f3af84
GB,Occupational Health Advisor - Oxford,Medigold Health,"Oxford, Oxfordshire",47487.59,47487.59,,47487.59,1,Healthcare & Nursing Jobs,"Contract : Permanent, Full-time (37.5 hours per week) Monday to Friday Location : Oxford Salary : Up to £43,000 per annum, depending on experience As an Occupational Health Advisor at Medigold Health, you’ll play a key role in supporting our clients to create healthier, safer working environments for their people. You’ll deliver a full range of clinical services, including case management, fitness-for-work assessments, health surveillance, vaccinations and phlebotomy. You’ll be confident provid…",2025-05-24T08:57:41Z,Onsite,https://www.adzuna.co.uk/jobs/details/5214002569?utm_medium=api&utm_source=25f3af84
GB,Head of Finance and Business Support,BIRMINGHAM DISABILITY RESOURCE CENTRE,"Birmingham, West Midlands",40950.0,47108.0,,47108.0,0,Accounting & Finance Jobs,"Job Title : Head of Finance and Business Support Reporting To: Chief Executive Contract Type: Permanent Location: Flexible from home and DRC’s premises including occasional travel to other external venues Salary: NJC Scale Points 32-38, Currently £40,950.04-£47,108.68 Working Hours: FTE 36.5 hours per week PURPOSE OF THE ROLE: The Head of Finance and Business Support is responsible for: Leading and managing DRC’s finance function, ensuring robust controls and governance arrangements are in plac…",2025-05-24T08:57:41Z,Onsite,https://www.adzuna.co.uk/jobs/details/5214002585?utm_medium=api&utm_source=25f3af84
GB,Senior Salesforce Administrator,Echo Managed Services,"Walsall, West Midlands",44007.6,44007.6,,44007.6,1,IT Jobs,"Job Title Senior Salesforce Administrator Location Walsall Salary To £53,000 depending on experience Hours 37 hours per week Join our dynamic team here at Echo Managed Services driving Salesforce innovation, working on exciting projects and continuous platform enhancements. Thrive as a Senior Salesforce Administrator in a collaborative and supportive environment that fosters professional growth and career development. Who We Are Part of the South Staffordshire group, Echo Managed Services is a …",2025-05-24T08:57:41Z,Onsite,https://www.adzuna.co.uk/jobs/details/5214002573?utm_medium=api&utm_source=25f3af84
GB,Administrative Assistant,DAC Beachcroft Dublin,"Newcastle Upon Tyne, Tyne & Wear",27867.28,27867.28,,27867.28,1,Admin Jobs,"Department: Real Estate - Professional Support Hub Employment Type: Permanent Location: Newcastle Description DAC Beachcroft has an exciting opportunity for someone to join our Real Estate cluster as an Administrative Assistant on a full-time, permanent basis in our Newcastle office. This is an office-based role, requiring attendance in the Newcastle office. The role provides administrative and file management support across the team. Work will come either directly from the lawyer or through th…",2025-05-24T08:57:41Z,Onsite,https://www.adzuna.co.uk/jobs/details/5214002566?utm_medium=api&utm_source=25f3af84
GB,Insider Threat Controls SME,Barclays,"Knutsford, Cheshire",28552.9,28552.9,,28552.9,1,Accounting & Finance Jobs,"Join us as an Insider Threat Controls SME to assess the insider controls environment, identify and promote control gaps and enhancements, develop strong awareness activity and establish an Insider Threat Standard and controls framework. To be successful as an Insider Threat Controls SME, you should have the following skills/experience: Previous experience of working with Barclays Control Framework in an operational environment. Previous Security and / or Controls Experience. Working knowledge o…",2025-05-24T08:57:41Z,Onsite,https://www.adzuna.co.uk/jobs/details/5214002611?utm_medium=api&utm_source=25f3af84
GB,Customer Service Engineer,Siemens Healthineers,"Wolverhampton, West Midlands",31494.04,31494.04,,31494.04,1,Engineering Jobs,"Customer Service Engineer - Imaging Equipment - Field based Competitive base salary  company car  bonus  overtime (£44,000 OTE - Year 1) Siemens Healthineers is recruiting for a Customer Service Engineer to install, troubleshoot, repair, and maintain to a high standard; a range of state-of-the-art medical imaging equipment and address customer needs promptly and professionally. This is a field role with considerable independence travelling to and working at customer sites. The role is primarily…",2025-05-24T08:57:41Z,Onsite,https://www.adzuna.co.uk/jobs/details/5214002578?utm_medium=api&utm_source=25f3af84
GB,Project Support,CBRE,"Ipswich, Suffolk",29045.39,29045.39,,29045.39,1,Admin Jobs,"Ipswich - England - United Kingdom of Great Britain and Northern Ireland Global Workplace Solutions is a division of CBRE providing integrated solutions across large multi-discipline property portfolios. We are an organisation that has people at the heart of its culture and our aim for this account is to deliver an exceptional service to BT. Our BT Workplace team provide a full range of building maintenance services to their 7,000 buildings in the UK, from commercial offices and telephone excha…",2025-05-24T08:57:41Z,Onsite,https://www.adzuna.co.uk/jobs/details/5214002568?utm_medium=api&utm_source=25f3af84
GB,Campaigns & Content Marketing Lead,Forvis Mazars,"Birmingham, West Midlands",41703.92,41703.92,,41703.92,1,"PR, Advertising & Marketing Jobs","Forvis Mazars cares about your career progression, offering individually designed career paths that help you pursue your interests, match your changing needs, and explore your true potential. We work with diverse, prestigious clients across a range of sectors and geographies, giving you the opportunity to constantly update and grow your skills for lifelong professional development. About the role A senior position within the Channel Marketing team, this role is as much about how you lead as wha…",2025-05-24T08:57:41Z,Onsite,https://www.adzuna.co.uk/jobs/details/5214002599?utm_medium=api&utm_source=25f3af84
GB,Legal Counsel/Manager - International Trade Controls,Sky,"Isleworth, West London",43309.8,43309.8,,43309.8,1,IT Jobs,"Job Description Want to do the best work of your life? With 24 million customers in 7 countries, make your mark at Europe’s leading media and entertainment brand. A workplace where you can proudly be yourself; our people make Sky a truly exciting and inclusive place to work. In a fast changing landscape of the media, telco & entertainment business, the Group Compliance Team’s purpose is to oversee enterprise level risk management through policies, procedures, systems and controls and advising o…",2025-05-24T08:57:41Z,Onsite,https://www.adzuna.co.uk/jobs/details/5214002622?utm_medium=api&utm_source=25f3af84
GB,Finance Manager Procurement,RS Group plc,"Warrington, Cheshire",47234.75,47234.75,,47234.75,1,Accounting & Finance Jobs,"Financial Manager Procurement This role is offered on permanent basis. It is a hybrid role, offering a combination of being able to work both remotely and from our Warrington office. Overview Of The Role Are you passionate about financial analysis and eager to drive profitable growth? We are looking for an individual to join our Global Procurement team at RS Integrated Supply. As a key player in our Supplier Commercial Excellence initiative, you will support supplier-facing commercial and trans…",2025-05-24T08:57:41Z,Remote,https://www.adzuna.co.uk/jobs/details/5214002564?utm_medium=api&utm_source=25f3af84
GB,Inventory Management Clerk,Signet,"Birmingham, West Midlands",30571.8,30571.8,,30571.8,1,Logistics & Warehouse Jobs,"Sparkling opportunity in Inventory Control within Customer fulfillment! Great opportunity to join our Logistics Inventory team! We are recruiting for a unique opportunity for our Birmingham Store Support Centre within our Logistics team. As an Inventory Management Administrator (known as Clerk within our business), you’ll carry out a series of activities to facilitate the receipt, movement and validation of inventory for all products within the Distribution Centre. Reporting into the Supervisor…",2025-05-24T08:57:41Z,Onsite,https://www.adzuna.co.uk/jobs/details/5214002603?utm_medium=api&utm_source=25f3af84
GB,"HR Assistant, Fixed Term Contract (12 months)",Amazon UK Services Ltd.,"Birmingham, West Midlands",37711.12,37711.12,,37711.12,1,HR & Recruitment Jobs,"- Relevant experience in HR, Employee Relations or Payroll - Advanced proficiency in both written and verbal English - Relevant experience of communicating with a wide range of stakeholders, including your peers and leadership - Experience working with the MS Office suite (Word, Excel, Outlook) in a professional environment Please, note - this is a Fixed Term Contract opportunity with a 12 month contract. One of the many reasons Amazon raises the bar on customer experience is because HR makes s…",2025-05-24T08:57:41Z,Onsite,https://www.adzuna.co.uk/jobs/details/5214002567?utm_medium=api&utm_source=25f3af84
GB,Lead Consultant,Echo Managed Services,"Walsall, West Midlands",48271.68,48271.68,,48271.68,1,IT Jobs,"Job Title Lead Consultant Location Walsall Salary To £65,000 depending on experience Hours 37 hours per week An exciting opportunity has arisen for a Lead Consultant to join our Professional Services team. This key role involves managing and mentoring a team of functional and technical consultants, driving business strategy, and ensuring seamless client engagement. The successful candidate will be instrumental in revenue growth, operational efficiency, and career development within the team. Wh…",2025-05-24T08:57:41Z,Onsite,https://www.adzuna.co.uk/jobs/details/5214002556?utm_medium=api&utm_source=25f3af84
GB,ROV Pilot Technician,Fugro,"Aberdeen, Aberdeenshire",48775.52,48775.52,,48775.52,1,Engineering Jobs,"Job Description ROV Pilot Technician Join Fugro as an ROV Pilot Technician and take your career to new depths with cutting-edge subsea technology. You'll be responsible for piloting, maintaining, and operating Remotely Operated Vehicles (ROVs) both onshore and offshore, supporting global marine projects. Your work will involve critical underwater inspections, investigations, and interventions, ensuring all systems perform to the highest standards. This is your chance to be part of a world-class…",2025-05-24T08:57:41Z,Remote,https://www.adzuna.co.uk/jobs/details/5214002589?utm_medium=api&utm_source=25f3af84
GB,Operational Support Officer - Driver,Serco,"Doncaster, South Yorkshire",28673.19,28673.19,,28673.19,1,Admin Jobs,"Salary: £25,494 We’re looking for Prison Support Officers (OSOs) Drivers to join our team at HMP Doncaster. You’ll play a vital role helping prison operations run smoothly. What does the job involve? To monitor, maintain and record the Vehicle Mileage and to complete the relevant weekly forms which are required for Audits To be competent Driver with a clean license and comply with the Serco Drivers Mandate To liaise with the Garages/ Service providers to keep the vehicles road worthy and legal …",2025-05-24T08:57:41Z,Onsite,https://www.adzuna.co.uk/jobs/details/5214002557?utm_medium=api&utm_source=25f3af84
GB,Senior Psychologist,Jupiter Recruitment,"Hale, Altrincham",58250.0,68250.0,,68250.0,0,Healthcare & Nursing Jobs,"An outstanding job opportunity has arisen for a committed Principal Psychologist to work in an exceptional hospital based in the Hale, Manchester area. You will be working for one of UK's leading health care providers The hospital has an established reputation for providing the highest standards of care together with an extensive range of clinical services.An outstanding job opportunity has arisen for a committed Principal Psychologist to work in an exceptional hospital based in the Hale, Manch…",2025-05-24T08:54:41Z,Onsite,https://www.adzuna.co.uk/jobs/details/5214001641?utm_medium=api&utm_source=25f3af84
GB,Principal Psychologist,Jupiter Recruitment,"Hale, Altrincham",58250.0,68250.0,,68250.0,0,Healthcare & Nursing Jobs,"An outstanding job opportunity has arisen for a committed Principal Psychologist to work in an exceptional hospital based in the Hale, Manchester area. You will be working for one of UK's leading health care providers The hospital has an established reputation for providing the highest standards of care together with an extensive range of clinical services.An outstanding job opportunity has arisen for a committed Principal Psychologist to work in an exceptional hospital based in the Hale, Manch…",2025-05-24T08:54:41Z,Onsite,https://www.adzuna.co.uk/jobs/details/5214001639?utm_medium=api&utm_source=25f3af84
GB,Senor Residential Childcare Worker,,"Danderhall, Dalkeith",29666.54,29666.54,,29666.54,1,Social work Jobs,"Senior Residential Childcare Worker - Maternity Cover Working hours- 40hrs Per week, as part of a rota which includes a combination of early, lates and night shifts and rotational weekend working. About us Spark of Genius is one of Scotland’s largest residential child care providers. For over 25 years, we have been delivering high quality care to young people who need to be looked after. Spark of Genius is also part of the UK-wide CareTech family who are committed to providing each child with o…",2025-05-24T08:50:42Z,Onsite,https://www.adzuna.co.uk/jobs/details/5214000427?utm_medium=api&utm_source=25f3af84
GB,CAFM Data Coordinator,Leeds Castle,"Broomfield, Maidstone",24000.0,24000.0,,24000.0,0,Admin Jobs,"Leeds Castle seeks a CAFM Data Coordinator for a Fixed-Term contract of 3 months. Working Hours: - 9am – 5.30pm Salary - £24,000 (pro rata) Data Coordinator Role Overview: The CAFM Data Coordinator plays a key role in supporting facilities management by ensuring the accuracy, integrity, and usability of data within a Computer-Aided Facilities Management (CAFM) system. This role is responsible for maintaining up-to-date information on assets, spaces, maintenance schedules, and compliance records…",2025-05-24T08:50:40Z,Onsite,https://www.adzuna.co.uk/jobs/details/5214000346?utm_medium=api&utm_source=25f3af84
GB,Accounts Assistant,Trapeze Recruitment Services,"Nackington, Canterbury",37440.0,52000.0,,52000.0,0,Accounting & Finance Jobs,"Summary An exciting position has become available for a part time Accounts Assistant, working for an extremely reputable, very established family-owned business. You will need to be proficient in Sage 50 and will be responsible for a range of day-to-day bookkeeping and accounting tasks. This role supports the wider finance function and involves working with sales, purchase, and banking information to ensure accurate and timely record keeping. Please note, due to their location, you will need ac…",2025-05-24T08:50:40Z,Onsite,https://www.adzuna.co.uk/jobs/details/5214000319?utm_medium=api&utm_source=25f3af84
GB,Snr Coffee Specialist at Nespresso,The Learning Shop at Bluewater,"Bluewater, Greenhithe",31500.0,31500.0,,31500.0,0,Retail Jobs,"We’re looking for a proactive and commercially driven Retail Senior Coffee Specialist to join our Boutique in Bluewater. Your priority will be to attain the boutique's sales targets through a premium customer experience and excellent delivery of all elements of boutique performance. Salary: £31,500  Potential Bonus  Excellent Benefits including a Nespresso coffee machine and a monthly allowance of capsules. Must be fully flexible for shifts including days, evenings, and weekends. Nespresso is a…",2025-05-24T08:50:40Z,Onsite,https://www.adzuna.co.uk/jobs/details/5214000310?utm_medium=api&utm_source=25f3af84
GB,UX/UI Designer,Orca Recruitment,UK,38000.0,40000.0,,40000.0,0,IT Jobs,"Our client is a fast -growing organization. Based in the Energy sector For a sustainable future, the transition to an offer-driven energy system with clean energy sources is essential. UX expert with a sense of marketing and concept development. We are looking for someone who puts users at the centre, thinks strongly, and builds a bridge between design and impactful digital products. Within Art Data, you work with a team of React-end developers and Java Back-End Engineers to create web applicat…",2025-05-24T08:50:40Z,Onsite,https://www.adzuna.co.uk/jobs/details/5214000339?utm_medium=api&utm_source=25f3af84
GB,Sales Specialist at Hugo Boss,The Learning Shop at Bluewater,"Bluewater, Greenhithe",24712.22,24712.22,,24712.22,1,Sales Jobs,"HUGO BOSS is looking for a Full Time Specialist for the BOSS Store in Bluewater. HUGO BOSS is one of the leading fashion and lifestyle companies in the premium segment with over 19,000 employees worldwide. As versatile as we are, we are united by a common goal: We love fashion, we change fashion! Become a brand ambassador and be part of a team that works with passion, ambition and expertise to create excellent customer experiences. Be among the first to bring our collections from the runway to …",2025-05-24T08:50:40Z,Onsite,https://www.adzuna.co.uk/jobs/details/5214000307?utm_medium=api&utm_source=25f3af84
GB,SQL Data Engineer,Constant Recruitment Ltd,"Seasalter, Whitstable",35000.0,35000.0,,35000.0,0,IT Jobs,"Are you confident working with SQL and experienced in preparing business data for use across systems and teams? Do you take pride in delivering clean, accurate data and working collaboratively with others? Are you looking for a long-term opportunity where you can take ownership and grow within a supportive, international team? SQL Data Engineer Job Summary We are recruiting an SQL Data Engineer to join a global business's systems and data team . You will be responsible for supporting two core s…",2025-05-24T08:50:40Z,Onsite,https://www.adzuna.co.uk/jobs/details/5214000348?utm_medium=api&utm_source=25f3af84
GB,Financial Controller,Beam Recruit,"Old Trafford, Manchester",50000.0,55000.0,,55000.0,0,Accounting & Finance Jobs,"This is an exciting opportunity to join a growing, thriving and award-winning entrepreneurial SME business based in Manchester. The business is going through a period of rapid growth, and there is an opportunity for a Financial Controller to ‘put their own stamp’ on the finance function. West Manchester Company car/allowance Competitive benefits 5 hours per week- flexibility start/finish times Excellent progression to FD level You will join a supportive, inspirational and forward-thinking senio…",2025-05-24T08:50:40Z,Onsite,https://www.adzuna.co.uk/jobs/details/5214000345?utm_medium=api&utm_source=25f3af84
GB,Project Engineer,Trapeze Recruitment Services,"Hempstead, Gillingham",33000.0,35000.0,,35000.0,0,Engineering Jobs,"Job Summary To manage, control and report accordingly the technical, quality, delivery and commercial aspects of projects with both the client and within the company. You will work Monday-Thursday, with week 1 Friday off and week 2 Friday working 4 hours. The working hours are flexible, starting between 07:00-09:00 and finishing between 16:15-18:15 Monday-Thursday, same start time on the Friday worked but finishing between 11:00-13:00. Responsibilities Responsible for ensuring allocated tasks a…",2025-05-24T08:50:40Z,Onsite,https://www.adzuna.co.uk/jobs/details/5214000337?utm_medium=api&utm_source=25f3af84
GB,Sales Associate at Hugo Boss,The Learning Shop at Bluewater,"Bluewater, Greenhithe",26493.82,26493.82,,26493.82,1,Sales Jobs,"Full Time Sales Associate, Bluewater (40 hours) What you can expect: In your role as a Sales Associate , you are passionate about our products and brand, to provide Customer Service Excellence at all times whilst building a loyal customer base of repeat shoppers to drive commercial success. Deliver Customer Service Excellence whilst building a loyal customer base of repeat shoppers Responsible for CRM data gathering & quality management Contribute to achieving the location’s performance targets…",2025-05-24T08:50:40Z,Onsite,https://www.adzuna.co.uk/jobs/details/5214000301?utm_medium=api&utm_source=25f3af84
GB,Practice Manager (Wealth Management),Artemis Recruitment Consultants,"Barbican, Central London",30000.0,40000.0,,40000.0,0,Accounting & Finance Jobs,"We are working with a well-established SJP Practice based in London (Moorgate) that is looking to hire a new Practice Manager. This role is primarily operational in nature, with responsibility for overseeing the day-to-day operations of a senior financial adviser’s business, as well as offering guidance and oversight to more junior advisers and their practices. You will also provide direct support to the senior adviser, manage client communications and data, and help drive business efficiency a…",2025-05-24T08:50:39Z,Onsite,https://www.adzuna.co.uk/jobs/details/5214000147?utm_medium=api&utm_source=25f3af84
GB,Interim Financial Controller,Trapeze Recruitment Services,"Street End, Canterbury",45000.0,45000.0,,45000.0,0,Accounting & Finance Jobs,"Working for a family-run business, this is a great opportunity to be part of a fast-growing organisation, working within a friendly, supportive team. The company is located in a rural setting therefore, candidates must be able to drive. General duties to include: Preparation of monthly consolidated management accounts (including preparation of monthly balance sheet reconciliations) versus budget and analysis of any material variances Cash flow/treasury management including management of credit …",2025-05-24T08:50:39Z,Onsite,https://www.adzuna.co.uk/jobs/details/5214000265?utm_medium=api&utm_source=25f3af84
GB,Resource Planner,Trapeze Recruitment Services,"Worcester Park, South West London",30000.0,32000.0,,32000.0,0,Admin Jobs,"Summary Working for a growing business within Morden, you will become part of the office team as a Resource Planner. This is working Monday to Friday 7:30am to 4:30pm with a 30 minute unpaid lunch break. Responsibilities for Resource Planner Allocation/scheduling of service work to a team of field-based Engineers. Daily planning of future engineer work, ensuring that all customer visits are booked in and confirmed in a timely manner. Coordinate with engineers to ensure timely completion of sche…",2025-05-24T08:50:39Z,Onsite,https://www.adzuna.co.uk/jobs/details/5214000226?utm_medium=api&utm_source=25f3af84
GB,Mortgage Administrator,Artemis Recruitment Consultants,"Saltwood, Hythe",25000.0,28000.0,,28000.0,0,Accounting & Finance Jobs,"We are seeking a Mortgage Administrator to join a small financial services firm based in Hythe, Kent. You will work closely with the mortgage adviser to support the Company’s existing client bank and assist in the process of taking on new clients. This position will be hybrid working (3 days in office) and can be either full or part time. The Role You will be given full training to understand how the firm works and the ongoing requirements of its client bank. You will support the senior managem…",2025-05-24T08:50:39Z,Hybrid,https://www.adzuna.co.uk/jobs/details/5214000103?utm_medium=api&utm_source=25f3af84
GB,Financial Administrator (SJP),Artemis Recruitment Consultants,"North Holmwood, Dorking",25000.0,35000.0,,35000.0,0,Admin Jobs,"We are looking for an experienced Financial Administrator to join our client's SJP Practice based in Dorking. This position will involve supporting Financial Advisers with all areas of administration, including business processing, financial administration, and client liaison. The role will require the use of different CRM systems and platforms (including Salesforce). Financial Administrator - Key Responsibilities: - Provide a high level of technical and administrative support, responding to cl…",2025-05-24T08:50:39Z,Onsite,https://www.adzuna.co.uk/jobs/details/5214000211?utm_medium=api&utm_source=25f3af84
GB,Paraplanner,Artemis Recruitment Consultants,"Berkswell, Solihull",30000.0,40000.0,,40000.0,0,Accounting & Finance Jobs,"We are working with a client based in Berkswell who is looking for a Wealth Management Executive/ Paraplanner to join their team. We are looking for a candidate who has good suitability report writing experience. Our client offers flexible working arrangements, including one day in the office and four days working remotely. Wealth Management Executive/ Paraplanner - Responsibilities: Support clients/advisers by researching and analysing clients’ requirements. Prepare new business files using an…",2025-05-24T08:50:39Z,Remote,https://www.adzuna.co.uk/jobs/details/5214000237?utm_medium=api&utm_source=25f3af84
GB,Data Analyst,Beam Recruit,"Wolverham, Ellesmere Port",35000.0,45000.0,,45000.0,0,IT Jobs,An innovative and data-driven organisation operating at the forefront of manufacturing/ supply chain. An organisation investing heavily in digital transformation is seeking a talented Data Analyst . This is a great opportunity to be part of a future-focused company that’s harnessing AI and automation to reshape operations. This is a great opportunity to join a growing and thriving business that values employee development. What is great is the people and the opportunity to progress and develop.…,2025-05-24T08:50:39Z,Onsite,https://www.adzuna.co.uk/jobs/details/5214000260?utm_medium=api&utm_source=25f3af84
GB,Trainee/ Junior Paraplanner,Artemis Recruitment Consultants,"South Woodham Ferrers, Chelmsford",25000.0,30000.0,,30000.0,0,Accounting & Finance Jobs,"Our client is looking for a Trainee Paraplanner to join their team. This role would suit an individual who is halfway to being Diploma qualified and wants to work towards becoming a fully qualified Paraplanner. Trainee Paraplanner - Key Responsibilities: Provide research and analysis of investment funds and financial products, whilst considering the client's objectives. Conduct fund research using FE Analytics where appropriate. Review asset allocation for any investment/pension holdings Comple…",2025-05-24T08:50:39Z,Onsite,https://www.adzuna.co.uk/jobs/details/5214000096?utm_medium=api&utm_source=25f3af84
GB,FD Designate,Artemis Clarke Ltd,"Hartmoor, Devizes",70000.0,70000.0,,70000.0,0,Accounting & Finance Jobs,"Our client is a well-established B2B group based in Wiltshire. They are looking to recruit a Finance Director Designate who will replace the existing Finance Director by the end of 2025. Finance Director Designate - The Role As Finance Director Designate , you will play a key role in the business, driving process and reporting improvement, ensuring regulatory compliance and providing sound financial advice to the Board. You will be required to get into the details while also being a confident c…",2025-05-24T08:50:39Z,Onsite,https://www.adzuna.co.uk/jobs/details/5214000190?utm_medium=api&utm_source=25f3af84
GB,Senior Wealth Administrator,Artemis Recruitment Consultants,"Berkswell, Solihull",30000.0,40000.0,,40000.0,0,Accounting & Finance Jobs,"Working in collaboration with Financial Advisers and other colleagues, you will assist the Financial Advisers in preparing recommendations and producing suitability reports in line with company policy, including preparing and maintaining client records, data gathering and application form preparation and submission. The role will involve promoting the company’s services in a professional and FCA compliant manner. Our client offers a hybrid working model from their office in Berkswell. Key Respo…",2025-05-24T08:50:39Z,Hybrid,https://www.adzuna.co.uk/jobs/details/5214000240?utm_medium=api&utm_source=25f3af84
GB,Bookkeeper- Part Time,Firmin Recruit,"Linton, Maidstone",35000.0,40000.0,,40000.0,0,Part time Jobs,"Do you have accounting experience? Are you looking to join a dynamic and successful company in a pivotal role where you can broaden your skillset and have a significant impact on the future success of the business? The company is at the forefront of its sector and is going from strength to strength. The business was founded in 1937 and remain a family business. Due to my clients continued success, they are looking for someone to step into this key role. Role: Financial Accountant/ Bookkeeper Lo…",2025-05-24T08:50:39Z,Onsite,https://www.adzuna.co.uk/jobs/details/5214000225?utm_medium=api&utm_source=25f3af84
GB,Financial Adviser,Artemis Recruitment Consultants,"Rainham, Kent",40000.0,50000.0,,50000.0,0,Accounting & Finance Jobs,"Our client is looking for a Financial Adviser to act as an intermediary between their company and customers. You will provide clients with financial guidance and make recommendations on how to best utilise their money. The ideal candidate will be able to research the marketplace on available products and services, identify customers’ needs, design financial strategies and close a sale. Responsibilities - Provide strategic advice across a variety of financial products and services (debt manageme…",2025-05-24T08:50:39Z,Onsite,https://www.adzuna.co.uk/jobs/details/5214000102?utm_medium=api&utm_source=25f3af84
GB,QC Analyst,Senex Recruitment Ltd,"Richborough, Sandwich",29000.0,29000.0,,29000.0,0,Scientific & QA Jobs,"QC Analyst – Pharmaceuticals | Quality Control | Sandwich, Kent Senex Recruitment, specialists in Science, Engineering, and Manufacturing, are recruiting for a Quality Control (QC) Analyst to join a pharmaceutical company based at Discovery Park in Sandwich, Kent. This is a full-time, on-site position offering the chance to work in a dynamic laboratory environment within the Quality Control department. If you’re passionate about pharmaceutical analysis and thrive in a regulated setting, this ro…",2025-05-24T08:50:39Z,Onsite,https://www.adzuna.co.uk/jobs/details/5214000128?utm_medium=api&utm_source=25f3af84
GB,Senior HR Generalist,Sirius Search,"Kennington, Ashford",55000.0,55000.0,,55000.0,0,HR & Recruitment Jobs,"Are you a confident and effective HR Professional with solid HR Generalist experience and coaching skills to work within a people-focused, global-leading business? Do you have the ability to manage projects through to completion with minimal supervision and meet realistic deadlines while managing multiple activities? You will work in a small supportive team, leading HR business processes for the site, organisational unit, or corporate functional area. You will also be responsible for delivering…",2025-05-24T08:50:39Z,Onsite,https://www.adzuna.co.uk/jobs/details/5214000155?utm_medium=api&utm_source=25f3af84
GB,Financial Adviser,Artemis Recruitment Consultants,"Saltwood, Hythe",35000.0,50000.0,,50000.0,0,Accounting & Finance Jobs,"Our client is looking for a Financial Adviser to act as an intermediary between their company and customers. You will provide clients with financial guidance and make recommendations on how to best utilise their money. The ideal candidate will be able to research the marketplace on available products and services, identify customers’ needs, design financial strategies and close a sale. Responsibilities - Provide strategic advice across a variety of financial products and services (debt manageme…",2025-05-24T08:50:39Z,Onsite,https://www.adzuna.co.uk/jobs/details/5214000093?utm_medium=api&utm_source=25f3af84
GB,Legal Secretary,PSM Recruitment,"Murston, Sittingbourne",24000.0,27000.0,,27000.0,0,Legal Jobs,"PSM Recruitment is seeking a highly skilled Conveyancing Legal Secretary to work for a reputable law firm based in Sittingbourne. The purpose is to assist and support fee earners with secretarial and administrative duties. Conveyancing Legal Secretary - Job Description Audio and copy typing all correspondence to include letters, legal forms (Oyez) and quotes. Answer the telephone in a polite and efficient manner Undertake administrative duties such as photocopying and updating client details. F…",2025-05-24T08:50:39Z,Onsite,https://www.adzuna.co.uk/jobs/details/5214000126?utm_medium=api&utm_source=25f3af84
GB,Senior IFA Administrator,Artemis Recruitment Consultants,"Great Crosby, Liverpool",30000.0,40000.0,,40000.0,0,Admin Jobs,"We are looking for an experienced IFA Administrator to join our client's team based in Liverpool. This position will involve supporting one IFA with all areas of administration, including business processing, financial administration, and client liaison. The role will require the use of different CRM systems and platforms. IFA Administrator - Key Responsibilities: Work as part of the Business Support Team to support clients' Propositions. Carry out the appointment-making process for all Premium…",2025-05-24T08:50:39Z,Onsite,https://www.adzuna.co.uk/jobs/details/5214000170?utm_medium=api&utm_source=25f3af84
GB,Legal Secretary - Conveyancing,Trapeze Recruitment Services,"Kemsley, Sittingbourne",24480.23,24480.23,,24480.23,1,Admin Jobs,"Job Summary To assist and support fee earners with secretarial and administrative duties. Please note, we are seeking legal secretaries with conveyancing experience. Roles and responsibilities Audio and copy typing all correspondence to include letters, legal forms (Oyez) and quotes Deal with clients over the phone as well as lenders and solicitors etc Undertake administrative duties such as photocopying and updating client details. Filing correspondence and ensuring files are kept up to date A…",2025-05-24T08:50:39Z,Onsite,https://www.adzuna.co.uk/jobs/details/5214000222?utm_medium=api&utm_source=25f3af84
GB,Senior HR Business Partner,Sirius Search,UK,45000.0,48000.0,,48000.0,0,HR & Recruitment Jobs,"Do you have the ability to influence decision-making at a senior level whilst enjoying working in the day-to-day operational HR? You will report to the Director of People and Culture and manage a Senior HR administrator. This Senior HR Business Partner role is an exciting opportunity to work with a highly regarded Charity Client, providing strategic HR advice and guidance, leadership and skills development to SLT and Managers, enabling employee engagement and driving cultural change. This Senio…",2025-05-24T08:50:39Z,Onsite,https://www.adzuna.co.uk/jobs/details/5214000117?utm_medium=api&utm_source=25f3af84
GB,M&E Technical Coordinator,Trapeze Recruitment Services,"Kemsley, Sittingbourne",45000.0,50000.0,,50000.0,0,Trade & Construction Jobs,"In this role, you will be attending site meetings as necessary and sit within the design team. The successful candidate will coordinate the link between the site, main contractor requirements/ internal teams to develop the design and technical information with the office team. Working on various high-rise residential schemes, ensuring compliance with industry standards and regulations. Typically putting together the packages required for taking stage 3 and 4 designs to an installed stage 5. Thi…",2025-05-24T08:50:39Z,Onsite,https://www.adzuna.co.uk/jobs/details/5214000248?utm_medium=api&utm_source=25f3af84
GB,Welder,Trapeze Recruitment Services,"Hempstead, Gillingham",38500.0,38500.0,,38500.0,0,Manufacturing Jobs,"Job Summary We are supporting a global manufacturing business to appoint a skilled Welder for their growing team. This is a 4-day working week which is Monday – Thursday, 06:00 -16:30 (40 hours). Overtime is available, but at the standard rate. Responsibilities Be familiar with and able to use plant for TIG and MIG welding process Ability to fabricate, demonstrate skills relating to measuring, drilling, cutting etc Follow drawings and paperwork provided to produce product requirements Notify Te…",2025-05-24T08:50:39Z,Onsite,https://www.adzuna.co.uk/jobs/details/5214000164?utm_medium=api&utm_source=25f3af84
GB,IFA Administrator,Artemis Recruitment Consultants,"Kennington, Ashford",25000.0,30000.0,,30000.0,0,Admin Jobs,"Our client is looking for an IFA Administrator to join their busy team in Ashford. The role will require excellent planning and organisation skills, a professional pleasant telephone manner and good administration skills to deliver a true client centric experience, building up relationships where appropriate. Key Skills: - Attention to Detail - Analytical/Problem Solving - Customer Focus - Planning & Organising - Resilience - Teamwork - Embracing Change - Excellent record keeping skills - Accur…",2025-05-24T08:50:39Z,Onsite,https://www.adzuna.co.uk/jobs/details/5214000095?utm_medium=api&utm_source=25f3af84
GB,Paraplanner,Artemis Recruitment Consultants,"South Woodham Ferrers, Chelmsford",45000.0,45000.0,,45000.0,0,Accounting & Finance Jobs,"Our client is looking for a talented Paraplanner to join their team. As a paraplanner you will support the firm's Financial Planners, creating and compiling quality financial planning reports and conducting research on financial strategies, plans and products Key Responsibilities: - Support the Financial Planners in research and analysis to meet client needs and objectives. - Prepare client financial plans and suitability reports/letters for Financial Planners – including annual review, new bus…",2025-05-24T08:50:39Z,Onsite,https://www.adzuna.co.uk/jobs/details/5214000098?utm_medium=api&utm_source=25f3af84
GB,Client Relationship Manager,Artemis Recruitment Consultants,"Low Hill, Liverpool",30000.0,35000.0,,35000.0,0,Accounting & Finance Jobs,"Our client is looking for a Client Relationship Manager to join their team in Liverpool. Working alongside Advisers, Paraplanners, and Client Service Administrators, this role will support the management of client portfolios. You will liaise with policy and platform providers, process new business applications, and track them through to completion. This position is vital in maintaining the relationship between Client and adviser. Specific Activities Include: Manage a portfolio of clients and ma…",2025-05-24T08:50:39Z,Onsite,https://www.adzuna.co.uk/jobs/details/5214000160?utm_medium=api&utm_source=25f3af84
GB,Office Assistant - ENTRY LEVEL,Trapeze Recruitment Services,"Kemsley, Sittingbourne",21000.0,25000.0,,25000.0,0,Admin Jobs,"Job Summary for Office Assistant We are looking for a proactive and reliable Office Assistant to support the smooth running of our office operations. The successful candidate will provide general administrative support to various departments and ensure day-to-day tasks are completed efficiently and with attention to detail. This is a hands-on role suited to someone who is organised, approachable, and ready to assist with a variety of tasks. Please note, this role is an entry level position. Key…",2025-05-24T08:50:39Z,Onsite,https://www.adzuna.co.uk/jobs/details/5214000220?utm_medium=api&utm_source=25f3af84
GB,Accounts Assistant,PSM Recruitment,"Pineham, Dover",24000.0,24000.0,,24000.0,0,Accounting & Finance Jobs,"PSM Recruitment Ltd is seeking a part-time Accounts Assistant to work for a Logistics company on the outskirts of Dover. The successful applicant will need to have excellent data entry skills, be accurate and have good computer skills. Duties Include: Processing inbound post Recording transport references on delivery documents Requesting delivery documentation from suppliers to support sales invoicing and credit control functions Liaising with the purchase ledger team and logistics department t…",2025-05-24T08:50:39Z,Onsite,https://www.adzuna.co.uk/jobs/details/5214000200?utm_medium=api&utm_source=25f3af84
GB,Data BI Engineer,Jump IT Recruitment Solutions,"Chequers Centre, Maidstone",0.0,60000.0,,60000.0,0,IT Jobs,"Our client is looking for a Data BI Engineer . A bit of an all-arounder who has experience across the skills: Azure Synapse Analytics ADF Data Engineering ETL BI/ Power BI The key for this role is being in the Kent area due to the office commitment needed. It is based near Maidstone, Kent.",2025-05-24T08:50:39Z,Onsite,https://www.adzuna.co.uk/jobs/details/5214000130?utm_medium=api&utm_source=25f3af84
GB,Wealth Management Team Leader,Artemis Recruitment Consultants,"Claremont Park, Esher",42000.0,42000.0,,42000.0,0,Accounting & Finance Jobs,"We are looking for a Wealth Management Team Leader to join our clients' team based in Esher, Surrey. You will be joining a Partner Practice of St. James Place and will help to lead and oversee the administrative support to the business. One of your main duties will be to help maintain existing business with current clients while also helping to grow the business and bring new clients on board. Wealth Management Team Leader - Responsibilities: Oversee the administration team and provide regular …",2025-05-24T08:50:39Z,Onsite,https://www.adzuna.co.uk/jobs/details/5214000171?utm_medium=api&utm_source=25f3af84
GB,Financial Administrator,Artemis Recruitment Consultants,"Claremont Park, Esher",30254.03,30254.03,,30254.03,1,Admin Jobs,"We are looking for an experienced Financial Administrator to join our client's SJP Practice based in Esher, Surrey. This position will involve supporting Financial Advisers with all areas of administration, including business processing, financial administration, and client liaison. The role will require the use of different CRM systems and platforms (including Salesforce). This will be a hybrid working role based in Esher, Surrey. Financial Administrator - Key Responsibilities: Provide a high …",2025-05-24T08:50:39Z,Hybrid,https://www.adzuna.co.uk/jobs/details/5214000193?utm_medium=api&utm_source=25f3af84
GB,HR Administrator,Artemis Recruitment Consultants,"Finchley, North London",25000.0,35000.0,,35000.0,0,HR & Recruitment Jobs,"We are looking for an HR Assistant for our client based in London. The successful candidate will provide support to the company in ensuring the delivery of high-quality, independent service to their clients by hiring and retaining high-quality staff. We are looking for a professional candidate, someone who will work to uphold the values of our client's company in all internal and external dealings. This position will be a hybrid working in North London, and can be either full or part-time. The …",2025-05-24T08:50:39Z,Hybrid,https://www.adzuna.co.uk/jobs/details/5214000106?utm_medium=api&utm_source=25f3af84
GB,Salesforce CRM Specialist,Constant Recruitment Ltd,"Chequers Centre, Maidstone",58000.0,58000.0,,58000.0,0,IT Jobs,"Are you ready to own and shape a Salesforce platform with untapped potential? Do you thrive when given freedom to build, improve, and challenge existing processes? Would you enjoy working for a global SaaS company where your ideas are welcomed and your technical input drives real change? We are working with a global software company that is investing in bringing Salesforce expertise in-house. Following a period of external consultancy, they are now seeking a Salesforce CRM Specialist to stabili…",2025-05-24T08:50:39Z,Onsite,https://www.adzuna.co.uk/jobs/details/5214000214?utm_medium=api&utm_source=25f3af84
GB,Financial Administrator (SJP),Artemis Recruitment Consultants,"St. Marys Island, Chatham",26000.0,34000.0,,34000.0,0,Admin Jobs,"We are looking for an experienced Financial Administrator to join our clients SJP Practice based in Chatham. This position will involve supporting Financial Advisers with all areas of administration including, business processing, financial administration and client liaison. The role will require use of different CRM systems and platforms (including Salesforce). Key Responsibilities: - Provide a high level of technical and administrative support, responding to client enquiries, liaising with th…",2025-05-24T08:50:39Z,Onsite,https://www.adzuna.co.uk/jobs/details/5214000100?utm_medium=api&utm_source=25f3af84
GB,CAD Technician,Trapeze Recruitment Services,"St. Mildreds, Canterbury",28000.0,35000.0,,35000.0,0,Engineering Jobs,"Working for a well-established and reputable business within the engineering sector based in Canterbury. Due to their location, you must be a driver with a UK driving license. The successful candidate will support various CAD-related tasks, including schematics, as-installed drawings, minor sketches, and sheeting/tagging 2D CAD drawings from Revit models produced by the Revit engineers. The hours will be 8am - 5.30pm Monday to Thursday and 8am – 4:30 pm on a Friday. Key Responsibilities Produce…",2025-05-24T08:50:39Z,Onsite,https://www.adzuna.co.uk/jobs/details/5214000177?utm_medium=api&utm_source=25f3af84
GB,Medical Aesthetic Concierge,Linda Hill Recruitment,"Belgravia, South West London",32000.0,32000.0,,32000.0,0,Hospitality & Catering Jobs,"Our client is a celebrity-studded medical aesthetic clinic, renowned for delivering the highest standards of care, privacy and discretion. The client base includes high-net-worth individuals and public figures who expect an exceptional, personalised experience from the moment they arrive until they leave. Role Overview As the Medical Aesthetic Concierge , you will deliver five-star hospitality and seamless client care for one client at a time. You will be the first and last point of contact, gu…",2025-05-24T08:50:39Z,Onsite,https://www.adzuna.co.uk/jobs/details/5214000277?utm_medium=api&utm_source=25f3af84
GB,Research Assistant,Kent and Medway Medical School,"Tyler Hill, Canterbury",31637.0,36130.0,,36130.0,0,Scientific & QA Jobs,"Are you interested in a career in Research? Do you have an interest in sleep and circadian health disturbances? If so, this may be the role for you. We are currently recruiting a Research Assistant to join the Kent and Medway Medical School research group. The assistant will contribute to a new programme grant funded by the Wellcome Trust, ‘Sleep and circadian health disturbances in psychosis and depression: the cascading impacts of impairments in cognitive control’. As a Research Assistant, yo…",2025-05-24T08:50:39Z,Onsite,https://www.adzuna.co.uk/jobs/details/5214000178?utm_medium=api&utm_source=25f3af84
GB,Senior Client Experience Executive,Artemis Recruitment Consultants,"New Haw, Addlestone",30000.0,40000.0,,40000.0,0,Accounting & Finance Jobs,"Our client is looking for a Client Experience Executive to join their team. You will play a vital role in delivering the exceptional service their clients expect. This position will be hybrid working, with our clients main office situated in Weybridge. Key Responsibilities - Ensure the smooth running of assigned portfolio on a day to day basis - Develop, maintain and cultivate a constructive and professional relationship with clients and insurers at all levels. - Co-ordinate administration of s…",2025-05-24T08:50:39Z,Hybrid,https://www.adzuna.co.uk/jobs/details/5214000194?utm_medium=api&utm_source=25f3af84
GB,Data Processor,PSM Recruitment,"St. Mary Cray, Orpington",23500.0,25000.0,,25000.0,0,Admin Jobs,"The Junior Data Processor role is integral to their Data and Print team, responsible for accurate data preparation, manipulation, and security. This position requires a detail-oriented individual with advanced Excel skills, an understanding of data cleansing, and a commitment to data quality standards. PSM Recruitment are seeking a Junior Data Processor to join a Marketing & Distribution company based in Orpington, who provide specialised data-driven communication services to prestigious global…",2025-05-24T08:50:38Z,Onsite,https://www.adzuna.co.uk/jobs/details/5213999911?utm_medium=api&utm_source=25f3af84
GB,Health and Safety Officer,Trapeze Recruitment Services,"Strood, Rochester",40000.0,50000.0,,50000.0,0,Trade & Construction Jobs,"Our client designs, manufactures and sources a range of display equipment to meet specific retail requirements. Reporting to the Compliance Manager, you will provide health & safety support and advice to everyone across the business in particular the construction and project delivery teams. You will act as the ‘Competent Person’ and support the business in the effective delivery of both the pre-construction and construction phases of a project, while also providing knowledge and support to the …",2025-05-24T08:50:38Z,Onsite,https://www.adzuna.co.uk/jobs/details/5214000070?utm_medium=api&utm_source=25f3af84
GB,Customer Service Representative,PDR Recruitment,"Kings Hill, West Malling",25388.0,25388.0,,25388.0,0,Customer Services Jobs,"Do you have excellent communication skills? Can you demonstrate account management and accurate record-keeping? If so, then we would like to hear from you. Our client, a unique financial services organisation, is looking for a Customer Service Representative to join their growing Give As You Earn (GAYE) team. As a Customer Service Representative within the GAYE team, you will ensure that all donations to charity comply with HMRC payroll regulations. Reach out to GAYE donors to obtain key inform…",2025-05-24T08:50:38Z,Onsite,https://www.adzuna.co.uk/jobs/details/5213999965?utm_medium=api&utm_source=25f3af84
GB,Paraplanner,Artemis Recruitment Consultants,"Belgrave, Chester",40000.0,45000.0,,45000.0,0,Accounting & Finance Jobs,"Our client is looking for a talented Paraplanner to join their team. As a paraplanner you will support the firm's Financial Planners, creating and compiling quality financial planning reports and conducting research on financial strategies, plans and products. Our client offers hybrid working from their Chester office. Paraplanner - Key Responsibilities: Support the Financial Planners in research and analysis to meet client needs and objectives. Prepare client financial plans and suitability re…",2025-05-24T08:50:38Z,Hybrid,https://www.adzuna.co.uk/jobs/details/5213999996?utm_medium=api&utm_source=25f3af84
GB,Financial Adviser,Artemis Recruitment Consultants,"Bidborough, Tunbridge Wells",40000.0,60000.0,,60000.0,0,Sales Jobs,"Our client is looking to welcome a Financial Adviser into their team in Tunbridge Wells, to advise clients as appropriate to their circumstances and objectives. Financial Adviser - Specific responsibilities Prospecting and contacting potential clients in accordance with the firm’s business plan Making sure sufficient client information is obtained before any recommendation is made Making sure you follow relevant advice and sales procedures at all times Making sure portfolios are managed in acco…",2025-05-24T08:50:38Z,Onsite,https://www.adzuna.co.uk/jobs/details/5214000089?utm_medium=api&utm_source=25f3af84
GB,Financial Adviser (Newly Qualified),Artemis Recruitment Consultants,"Fulwood, Preston",40000.0,45000.0,,45000.0,0,Accounting & Finance Jobs,"Our client is seeking a Financial Adviser to serve as an intermediary between their company and customers. You will provide clients with financial guidance and make recommendations on how to utilise their money best. The ideal candidate will be able to research the marketplace for available products and services, identify customers’ needs, design financial strategies, and close sales. Financial Adviser - Responsibilities Provide strategic advice across a variety of financial products and servic…",2025-05-24T08:50:38Z,Onsite,https://www.adzuna.co.uk/jobs/details/5214000060?utm_medium=api&utm_source=25f3af84
GB,Client Care Coordinator,Constant Recruitment Ltd,UK,27000.0,27000.0,,27000.0,0,Customer Services Jobs,"Do you want to be part of a team that makes a real impact in the community? Are you flexible and open to working on a rotating shift pattern? Are you experienced in handling calls and supporting vulnerable individuals? Shift Pattern: 4 shifts on, 4 shifts off (inc night shifts) covering 24/7, 365 days a year. About the Role: As a Client Care Coordinator in the Monitoring Control Centre, you will be at the heart of ensuring the safety and wellbeing of vulnerable individuals, public spaces, and c…",2025-05-24T08:50:38Z,Onsite,https://www.adzuna.co.uk/jobs/details/5214000019?utm_medium=api&utm_source=25f3af84
GB,Wealth Management Team Lead,Artemis Recruitment Consultants,"Claremont Park, Esher",42000.0,42000.0,,42000.0,0,Accounting & Finance Jobs,"We are looking to take for a Wealth Management Team Leader to join our clients team based in Esher, Surrey. You will be joining a Partner Practice of St. James Place and will help to lead and oversee the administrative support to the business. One of your main duties will be to help maintain existing business with current clients, whilst also helping to grow the business and bring new clients on board. Responsibilities: - Oversee the administration team and provide regular updates to key stakeh…",2025-05-24T08:50:38Z,Onsite,https://www.adzuna.co.uk/jobs/details/5213999926?utm_medium=api&utm_source=25f3af84
GB,Junior Data Analyst,Orca Recruitment,"Wheal Rome, Camborne",25000.0,25000.0,,25000.0,0,IT Jobs,"Our client is looking for a Junior Data Analyst to join their team. You will work twice a week at the client’s site (Muratella/ Magliana Vecchia area—Rome) and hybrid work the rest of the week. Responsibilities for the Junior Data Analyst role include: You will be part of a project in the automotive sector and will be responsible for task management, SQL data extractions, and developing queries for reporting For the Junior Data Analyst role, you will need: Power BI SQL ServiceNow Fluent English…",2025-05-24T08:50:38Z,Hybrid,https://www.adzuna.co.uk/jobs/details/5213999989?utm_medium=api&utm_source=25f3af84
GB,Regional Sales Manager (Scotland & North England),Trapeze Recruitment Services,"Rusholme, Manchester",66500.0,66500.0,,66500.0,0,Sales Jobs,"Reporting to the UK Commercial Manager, you will provide account management to an existing territory and be responsible for all sales activities, from lead generation through to close in an assigned territory. You will work with the Sales and Support teams to achieve customer satisfaction, revenue generation, and business development goals. You will have no direct reports. This role is home-based with travel (company car provided). You will cover sales activity in Scotland and Northern England,…",2025-05-24T08:50:38Z,Onsite,https://www.adzuna.co.uk/jobs/details/5214000003?utm_medium=api&utm_source=25f3af84
NL,Test automation engineer,IT-idiots®,Nederland,72000.0,72000.0,,72000.0,0,IT ICT vacatures,"As a test automation engineer you can make a difference by: Understanding the concepts and solutions forming both on premise and in the cloud solutions Bringing in experience in setting up an automated test framework, to run continuous checks as well as incidental data fixes and integrate this Making sure you and all members of the team can run tests in an automated fashion Working in a multi-disciplinary Scrum team and contributing to the T-shaping in the team. Empowering people to adopt the r…",2025-05-24T10:41:43Z,Onsite,https://www.adzuna.nl/details/5214030591?utm_medium=api&utm_source=25f3af84
NL,Marketing Medewerker SEO & Data Analyist,WR.nl Solliciteren,"Ijsselstein, Provincie Utrecht",37200.0,44400.0,,44400.0,0,IT ICT vacatures,"Wie wordt jouw werkgever?: WR zoekt voor een vaste medewerker voor de volgende werkgever, je treedt gelijk in dienst bij deze werkgever: Wil jij werken als marketingmedewerker in de techniekbranche? Ben jij creatief, zelfstandig en digitaal vaardig? Heb jij ervaring in online marketing en contentcreatie? Vaste baan: Marketing Medewerker | €3.100 - €3.700 Deze werkgever levert en onderhouden machines voor groen en grondverzet. We organiseren promotiecampagnes en onderhouden sociale kanalen. Je w…",2025-05-24T09:51:33Z,Onsite,https://www.adzuna.nl/details/5214000743?utm_medium=api&utm_source=25f3af84
NL,Relatiebeheerder Financiële Planning,WR.nl Solliciteren,"Midden, Oud-Beijerland",44400.0,68400.0,,68400.0,0,Accounting en Financiële vacatures,"Over de werkgever: WR zoekt voor een vaste medewerker voor de volgende werkgever, je treedt gelijk in dienst bij deze werkgever: Wil jij het verschil maken als financieel adviseur? Ben jij een relatiebeheerder met analytisch inzicht? Heb jij ervaring in financiële en fiscale dienstverlening? Vaste baan: Relatiebeheerder | €3.700 - €5.700 Zij bieden fiscale en administratieve ondersteuning aan ondernemers. We combineren data-analyse met persoonlijk klantadvies. Je krijgt veel eigen verantwoordel…",2025-05-24T09:51:33Z,Onsite,https://www.adzuna.nl/details/5214000755?utm_medium=api&utm_source=25f3af84
NL,Webshop Medewerker Webbeheer SEO,WR.nl Solliciteren,"Ijsselstein, Provincie Utrecht",39600.0,46800.0,,46800.0,0,IT ICT vacatures,"Bij welk bedrijf je gaat werken: WR zoekt voor een vaste medewerker voor de volgende werkgever, je treedt gelijk in dienst bij deze werkgever: Wil jij werken als webshopbeheerder met technische producten? Ben jij klantgericht en digitaal vaardig? Heb jij ervaring in e-commerce en contentbeheer? Vaste baan: Webshop Medewerker Webbeheer | €3.300 - €3.900 Wij optimaliseren dagelijks onze webshop voor machineverkoop. We analyseren klantdata om de online ervaring te verbeteren. Je werkt met hoogwaar…",2025-05-24T09:51:33Z,Onsite,https://www.adzuna.nl/details/5214000767?utm_medium=api&utm_source=25f3af84
NL,Control Technician,Clear Engineering Recruitment LTD,"Amsterdam, Noord-Holland",45000.0,55000.0,,55000.0,0,Bouwkunde vacatures,"Measurement & Control Technician €45,000 - €55,000 Basic  Travel Expenses  Holiday Pay  Remote working  Training  Technical Progression  Pension  Package  Amsterdam My Clients, are on a mission to create smarter, more sustainable buildings. From hospitals and universities to data centres and commercial spaces, they design and implement systems that make environments safer, more comfortable, and energy-efficient. Now, Clear are looking for a Measurement & Control Technician to help our clients d…",2025-05-24T09:40:21Z,Remote,https://www.adzuna.nl/details/5213986373?utm_medium=api&utm_source=25f3af84
NL,Head of Sustainability,Douqué Coffee,Nederland,,,,,0,Logistieke vacatures,"Quality Control - Head of Sustainability Are you passionate about coffee and eager to work in the dynamic world of green coffee trading? Douqué has been a staple name in the European green coffee industry, we have a relatively small team, a transparent and flat organization but each with their own key responsibilities; Together we have the mission to provide the best possible service to our clients in Europe and to make sure that our sourcing is responsible, ethical and to the guidelines of the…",2025-05-24T09:30:22Z,Onsite,https://www.adzuna.nl/land/ad/5213962038?se=xtUSFIE48BGKPBF8ALaCew&utm_medium=api&utm_source=25f3af84&v=4265E328DDD6C595FB87557C45F891D94BF8C89A
NL,Werkvoorbereider woningcorporatie,Corparis,Nederland,,,,,0,Unknown,Houd jij van uitdaging en afwisseling in je werk mét de voordelen van een dienstverband bij Corparis? Vind je het belangrijk om jezelf te blijven ontwikkelen op persoonlijk en vakinhoudelijk vlak? Dat kan! Ontdek de mogelijkheden voor de rol van interim professional werkvoorbereider Woningcorporaties bij Corparis. Als werkvoorbereider speel je een cruciale rol in het voorbereiden en coördineren van diverse projecten binnen de woningcorporatiesector. Je bent verantwoordelijk voor het opstellen v…,2025-05-24T09:30:19Z,Onsite,https://www.adzuna.nl/land/ad/5213961779?se=xtUSFIE48BGKPBF8ALaCew&utm_medium=api&utm_source=25f3af84&v=329E38BEA64D3C6FC6A342F2E198B3ED8AD7283D
NL,Senior Mendix developer,Spilberg,Nederland,,,,,0,Vacatures in de Reisbranche,"Senior Mendix Developer Ben jij een ervaren Mendix developer met een passie voor het bouwen van schaalbare low-code applicaties? Voor een goede klant ben ik op zoek naar een Senior Mendix Developer die een voortrekkersrol vervult binnen een multidisciplinair DevOps-team. Het team ontwikkelt applicaties voor zowel operationele processen als ondersteunende bedrijfsvoering. De digitale transformatie binnen de organisatie vraagt om slimme, veilige en toekomstbestendige oplossingen. Samen met colleg…",2025-05-24T09:30:13Z,Onsite,https://www.adzuna.nl/land/ad/5213961344?se=xtUSFIE48BGKPBF8ALaCew&utm_medium=api&utm_source=25f3af84&v=9EDC5E76F51D21509C4F33AF77ADBE7390EE27CE
NL,Interim Sr Medical Affairs Director,Panda International,Nederland,,,,,0,Unknown,"Interim Sr Medical Affairs Director An international biopharmaceutical company is seeking an experienced Interim Senior Medical Director to provide medical leadership and oversight across clinical trials from Phase I to Phase III, with a focus on data integrity, patient safety, and regulatory compliance. Based in Europe, this strategic and hands-on role is ideal for a senior physician with deep experience in clinical research, preferably within immunology or SLE. Key Details: Start Date: ASAP C…",2025-05-24T09:30:13Z,Onsite,https://www.adzuna.nl/land/ad/5213961281?se=xtUSFIE48BGKPBF8ALaCew&utm_medium=api&utm_source=25f3af84&v=2E12DBE7B7323827DDE804F560DE2DEF05ECAE37
NL,Crewing Officer,Dixstone,"Amsterdam, Noord-Holland",,,,,0,Energie Olie en Gas vacatures,"About Dixstone Group: Dixstone Group is an expanding multinational thriving within the energy services sector. We specialise in platforms & vessels construction, marine services, offshore rig management, and specialised decommissioning services, in the North Sea, Latin America, and Central Africa. With a robust growth trajectory, the group is enhancing its global presence, with strategic expansion and diversification into new markets. SUMMARY: The Crewing Officer is responsible for assisting th…",2025-05-24T09:30:13Z,Onsite,https://www.adzuna.nl/land/ad/5213961311?se=xtUSFIE48BGKPBF8ALaCew&utm_medium=api&utm_source=25f3af84&v=9C25BE4152991393F1195F81C48BE8BF6C5841A6
NL,Werkvoorbereider woningcorporaties,Corparis,Nederland,,,,,0,Unknown,Houd jij van uitdaging en afwisseling in je werk mét de voordelen van een dienstverband bij Corparis? Vind je het belangrijk om jezelf te blijven ontwikkelen op persoonlijk en vakinhoudelijk vlak? Dat kan! Ontdek de mogelijkheden voor de rol van interim professional werkvoorbereider Woningcorporaties bij Corparis. Als werkvoorbereider speel je een cruciale rol in het voorbereiden en coördineren van diverse projecten binnen de woningcorporatiesector. Je bent verantwoordelijk voor het opstellen v…,2025-05-24T09:30:11Z,Onsite,https://www.adzuna.nl/land/ad/5213961198?se=xtUSFIE48BGKPBF8ALaCew&utm_medium=api&utm_source=25f3af84&v=25749395378141788AE1F67152A8EDF144B6C4C7
NL,Werkvoorbereider woningcorporatie,Corparis,Nederland,,,,,0,Unknown,Houd jij van uitdaging en afwisseling in je werk mét de voordelen van een dienstverband bij Corparis? Vind je het belangrijk om jezelf te blijven ontwikkelen op persoonlijk en vakinhoudelijk vlak? Dat kan! Ontdek de mogelijkheden voor de rol van interim professional werkvoorbereider Woningcorporaties bij Corparis. Als werkvoorbereider speel je een cruciale rol in het voorbereiden en coördineren van diverse projecten binnen de woningcorporatiesector. Je bent verantwoordelijk voor het opstellen v…,2025-05-24T09:30:11Z,Onsite,https://www.adzuna.nl/land/ad/5213961206?se=xtUSFIE48BGKPBF8ALaCew&utm_medium=api&utm_source=25f3af84&v=0B3CC2E4E77D89212394A49BFD3AF861749F9D2E
NL,Microsoft Dynamics Consultant,Capgemini,Nederland,,,,,0,IT ICT vacatures,"Job Title: IT Delivery Architect - Microsoft Dynamics / CRM Location: Netherlands (delivery Continental Europe) Job Summary: We are seeking a highly skilled IT Architect with expertise in Microsoft Dynamics to join our team. The ideal candidate will be responsible for designing, implementing, and maintaining IT architecture solutions that align with our business goals and objectives. This role requires a deep understanding of Microsoft Dynamics and its integration with other systems. Key Respon…",2025-05-24T09:30:08Z,Onsite,https://www.adzuna.nl/land/ad/5213961067?se=xtUSFIE48BGKPBF8ALaCew&utm_medium=api&utm_source=25f3af84&v=B2C66A9BF519D86DD1686BFC10FFA5300B6DCB2E
NL,Solutions Architect,Veldsink Groep,"Eindhoven, Noord-Brabant",,,,,0,Unknown,Klaar om je stempel te drukken op een groot Outsystems-project? Als Solution Architect bepaal je de koers en zet je de architectuur neer die onze toekomst bepaalt. Kom werken in een innovatief team en maak het verschil! Jouw job Als Solution Architect ben jij dé expert die ons helpt de architectuur te bepalen en te implementeren voor onze toekomstgerichte projecten. Je werkt nauw samen met diverse teams om een robuuste technische basis neer te zetten en zorgt ervoor dat de architectuur wordt do…,2025-05-24T09:30:07Z,Onsite,https://www.adzuna.nl/land/ad/5213961044?se=xtUSFIE48BGKPBF8ALaCew&utm_medium=api&utm_source=25f3af84&v=83E1EC8D1A51F1DA67951DB705485AFB8BD542D6
NL,Solutions Architect,Empiric,Nederland,,,,,0,IT ICT vacatures,"Senior CRM Architect / Tech Lead – Microsoft Technologies, long term freelance contract Location: Rotterdam Contract: Freelance Language: Dutch (required) Start Date: 26 May 2025 End Date: 31 December 2028 Hours per Week: 40 (Full-time, 8 hours/day) Onsite Requirement: Minimum 2 days per week onsite Requirements Technical Experience (8 years project-based) Microsoft Dynamics 365 CRM architecture and implementation Azure DevOps Pipelines (configuration/customization using Bicep scripts) Dynamics…",2025-05-24T09:30:07Z,Onsite,https://www.adzuna.nl/land/ad/5213961032?se=xtUSFIE48BGKPBF8ALaCew&utm_medium=api&utm_source=25f3af84&v=AE5724362D9AD5205DBAF74802DF5B6A58F3F6C9
NL,Teamleider Verhuur,DUWO Student Housing,Nederland,,,,,0,Unknown,"Ben jij op zoek naar een baan als leidinggevende op een fijne plek met veel diversiteit? Ben jij die verbindende teamleider met kennis van verhuren? Dan is dit jouw baan! Wij zijn per direct op zoek naar een Teamleider Verhuur (32 tot 36 uur), standplaats Amsterdam. Over DUWO Met de student als klant werken circa 220 DUWO-medewerkers elke dag aan een belangrijke stap in het leven van deze jongeren: uit huis wonen. En met een tekort aan woningen is dat een grote uitdaging. Als stichting hebben w…",2025-05-24T09:30:07Z,Onsite,https://www.adzuna.nl/land/ad/5213961058?se=xtUSFIE48BGKPBF8ALaCew&utm_medium=api&utm_source=25f3af84&v=1FA5855E1F3591BE3908A775576AA417E7F84F2E
NL,Key Accountmanager Defensie,Contour Advanced Systems BV,Nederland,,,,,0,Vacatures Ander of Algemeen,"Het aanbod Je komt te werken in een prettige, solide en dynamische werkomgeving met korte en directe communicatielijnen, ook tussen de afdelingen en het management. Iedereen is enthousiast, energiek en oplossings- en klantgericht. CAS is een divers bedrijf dat vooruit denkt en kwaliteit en mensen belangrijk vindt. Een integrator die streeft naar duurzame innovatie. Ze zijn sterk in (co-) engineeren, integreren en produceren van hightech oplossingen. CAS zit in een sterke groei fase wat ook op t…",2025-05-24T09:30:07Z,Onsite,https://www.adzuna.nl/land/ad/5213961030?se=xtUSFIE48BGKPBF8ALaCew&utm_medium=api&utm_source=25f3af84&v=3367FB9DA4ABC180DC20C0518306F611852DD83A
NL,Software Engineer,Harnham,"Veldhoven, Noord-Brabant",,,,,0,Unknown," We’re Hiring: Senior Full-Stack Developer (Hybrid – Groningen) Join an Innovative Data & Tech Company Driving! Are you a full-stack developer with a flair for cloud engineering , backend systems , and workflow automation ? Ready to make a real impact with your code? We’re partnering with a fast-growing company at the forefront of media and analytics, on the hunt for a Senior Full-Stack Developer to help shape scalable platforms and automation tools that serve global clients in optimizing their…",2025-05-24T09:30:07Z,Hybrid,https://www.adzuna.nl/land/ad/5213961001?se=xtUSFIE48BGKPBF8ALaCew&utm_medium=api&utm_source=25f3af84&v=E2FC090216D503141978268E326A91F9B5B8159B
NL,Senior Consultant - Microsoft Dynamics 365 Manufacturing,Infosys,Nederland,,,,,0,IT ICT vacatures,"Role – Senior Consultant Technology – Microsoft Dynamics 365 Manufacturing Location – Nunspeet, Netherlands Job Description Today, the corporate landscape is dynamic and the world ahead is full of possibilities! None of the amazing things we do at Infosys would be possible without an equally amazing culture, the environment where ideas can flourish and where you are empowered to move forward as far as your ideas will take you. At Infosys, we assure that your career will never stand still, we wi…",2025-05-24T09:30:06Z,Onsite,https://www.adzuna.nl/land/ad/5213960998?se=xtUSFIE48BGKPBF8ALaCew&utm_medium=api&utm_source=25f3af84&v=EE601352009F321FBAEDDCA708CA4E83AD170236
NL,Change Management Office Manager,Veldsink Groep,"Eindhoven, Noord-Brabant",,,,,0,IT ICT vacatures,"Ben jij een strategisch sterke veranderaar met mensenkennis, visie én daadkracht? Heb je een passie voor het begeleiden van transformaties en wil je impact maken in een organisatie waar technologie, mens en cultuur hand in hand gaan? Dan is de rol van Manager Change Management Office (CMO) bij Veldsink Groep precies wat je zoekt! Jouw job Als Manager van het Change Management Office ben jij dé drijvende kracht achter succesvolle organisatieverandering binnen Veldsink Groep. Je ontwikkelt en imp…",2025-05-24T09:30:06Z,Onsite,https://www.adzuna.nl/land/ad/5213960994?se=xtUSFIE48BGKPBF8ALaCew&utm_medium=api&utm_source=25f3af84&v=2F7C9D65C1EA8BFE2188B5F6982CC3F52665E97F
NL,BI-consulent,Open Line,Nederland,,,,,0,IT ICT vacatures,"Vacature: Business Intelligence Consultant Niveau: medior / senior Aantal uur: fulltime Werklocatie: Maastricht-Airport (gedeeltelijk thuiswerken is mogelijk) Heb jij een passie voor BI, ETL-processen en datamodellering? Ben je iemand die graag in een team van ervaren professionals werkt en daarbij waarde hecht aan een prettige werksfeer? Dan zoeken wij jou! Binnen de afdeling I&A zijn wij op zoek naar een gedreven en ervaren Business Intelligence Consultant. In deze rol ben je verantwoordelijk…",2025-05-24T09:30:01Z,Onsite,https://www.adzuna.nl/land/ad/5213960816?se=xtUSFIE48BGKPBF8ALaCew&utm_medium=api&utm_source=25f3af84&v=46A9D9911B34AFC72AD9F5A5DF5EF190EB66987A
NL,Fire Alarm Business Development Manager,Dahua Benelux,Nederland,,,,,0,Unknown,Responsibilities 1. Generate and execute annual/quarterly/monthly sales plan to ensure strategic and financial targets are met; 2. Develop new partners of responsible region/country and monitoring partners' sales in & out and stock; 3. Responsible for driving sales and daily account management activities with Key Channel Partners; 4. Review and forecast Order/ Inventory/ Sell in / Out data to independently identify new sales opportunities within existing product ranges; 5. Execute and Manage Co…,2025-05-24T09:30:01Z,Onsite,https://www.adzuna.nl/land/ad/5213960825?se=xtUSFIE48BGKPBF8ALaCew&utm_medium=api&utm_source=25f3af84&v=81D52D5A26697A660B982751070A73584BB92E13
NL,Logistiek coördinator,Life Recruitment BV,Nederland,,,,,0,Unknown,"De positie van Logistiek Coördinator is cruciaal voor de coördinatie van onze logistieke activiteiten en het verzekeren van klanttevredenheid. Verantwoordelijkheden omvatten het precieze verwerken van orders, het aanmelden van chauffeurs en het nauwgezet beheren van orderdocumentatie om logistieke processen efficiënt te laten verlopen en te voldoen aan de regelgeving. Herken jij jezelf in dit profiel en ben je klaar voor een uitdagende rol binnen het dynamische team van onze opdrachtgever? Dan …",2025-05-24T09:29:51Z,Onsite,https://www.adzuna.nl/land/ad/5213960204?se=xtUSFIE48BGKPBF8ALaCew&utm_medium=api&utm_source=25f3af84&v=1B4BA10E3119CC0E3E2A481429D09C59E1F06D3A
NL,Financial Business Controller,FORESCO Pallets | Packaging,Nederland,,,,,0,Unknown,"Ben jij op zoek naar een nieuwe stap in je carrière? Binnen een groeiende organisatie waar je als financial veel verantwoordelijkheid krijgt? Foresco Group is op zoek naar een gedreven collega. Lees snel verder en wie weet ben jij binnenkort onderdeel van deze mooie internationale organisatie! Functieomschrijving Als Financial Business Controller ben je de sparringpartner van de Manager Finance en binnen Foresco Group maak je deel uit van de productie-divisie. Je draagt voor 3 fabrieken (Assen,…",2025-05-24T09:29:51Z,Onsite,https://www.adzuna.nl/land/ad/5213960148?se=xtUSFIE48BGKPBF8ALaCew&utm_medium=api&utm_source=25f3af84&v=CC922950F219FE1A12B281D27E67B60CE49C2111
NL,Network engineer,Selby Jennings,Nederland,,,,,0,Accounting en Financiële vacatures,"Role : Senior Network Engineer Location : Amsterdam Responsibilities : Ensure smooth operation of network infrastructure, resolving issues and maintaining performance. Implementing on-prem and cloud network systems solutions. Handling planned network maintenance activities and participating in network infrastructure planning. Implement and maintain secure configuration standards, and adhere to the info sec policy to protect the network resources. Managing relationships with internal and externa…",2025-05-24T09:29:51Z,Onsite,https://www.adzuna.nl/land/ad/5213960147?se=xtUSFIE48BGKPBF8ALaCew&utm_medium=api&utm_source=25f3af84&v=1BAC9C345574F718404E78F5380A64E1E6845171
NL,Revenue Operations Specialist - Growing Impact Scale Up,Agriplace,Nederland,,,,,0,IT ICT vacatures,"Join us in Revolutionizing Supply Chains We're a fast-growing SaaS scale-up on a mission to shape a sustainable future for the food industry. With four years of continuous 100% year-on-year growth, we’re looking for a passionate Revenue Operations Specialist to help drive innovation in global food supply chains. Join us and shape the future of food sustainability with us! About Agriplace We are committed to transforming global food supply chains, making them more transparent, sustainable, and s…",2025-05-24T09:29:51Z,Onsite,https://www.adzuna.nl/land/ad/5213960186?se=xtUSFIE48BGKPBF8ALaCew&utm_medium=api&utm_source=25f3af84&v=ECFBE586D3CEB4FCD5D6C5EBE92EE12A92CEEDEA
NL,Front-endontwikkelaar,Elevation Group,Nederland,,,,,0,Personeelszaken Human Resources vacatures,"Wil jij werken voor een organisatie die met geavanceerde technologie de supply chain processen van bekende merken optimaliseert en tegelijkertijd duurzaamheid en innovatie centraal stelt? OVER DE FUNCTIE Bij deze organisatie maak je deel uit van een toegewijd ontwikkelingsteam dat geavanceerde oplossingen creëert voor supply chain processen in sectoren zoals Retail & Groothandel, Productie en Drankenindustrie. Samen met je team help je klanten zoals Dunkin' Donuts en Ready Refresh hun distribut…",2025-05-24T09:29:51Z,Onsite,https://www.adzuna.nl/land/ad/5213960201?se=xtUSFIE48BGKPBF8ALaCew&utm_medium=api&utm_source=25f3af84&v=C5A9ACD50821894B7C673C635A958B657F8D01DC
NL,Product Owner Marketing & e-Commerce,Zeeman textielSupers,Nederland,,,,,0,Detailhandel vacatures,"Jouw rol als Product Owner Marketing & e-Commerce Als Product Owner Back End op de afdeling Marketing & e-Commerce zorg je voor de goed functionerende systemen en goed verlopende processen die de ‘achterkant’ van het websiteplatform van Zeeman raken. Denk hierbij aan online klantbestellingen die goed aansluiten op de voorraad- en financiële systemen, aan het ontsluiten van producten vanuit de inkoopsystemen naar het websiteplatform en aan het verrijken van productcontent. Met de strategie van Z…",2025-05-24T09:29:50Z,Onsite,https://www.adzuna.nl/land/ad/5213960088?se=xtUSFIE48BGKPBF8ALaCew&utm_medium=api&utm_source=25f3af84&v=5C5F428187EC71D1DFCFA7EA2F919F348695077D
NL,AI & ML Engineer,Foxtek,Nederland,,,,,0,IT ICT vacatures,"Are you an AI Engineer who thrives on building intelligent, real-world solutions in a fast-paced, ever-evolving environment? This is your chance to join a forward-thinking organization where innovation and adaptability are part of everyday life. Here, you’ll have the freedom to experiment, collaborate, and turn complex challenges into practical AI-powered applications that make a real difference for clients. What You’ll Be Doing: Designing/ implementing custom AI applications, from chatbots to …",2025-05-24T09:29:50Z,Onsite,https://www.adzuna.nl/land/ad/5213960063?se=xtUSFIE48BGKPBF8ALaCew&utm_medium=api&utm_source=25f3af84&v=464FCB854902A3A3074021A3CC7D0BA1AB1FBAAE
NL,Arboarts,Verdi Groep,Nederland,,,,,0,Gezondheidszorg Wetenschap en Verpleging vacatures,"Bij Verdi Groep werk je als Arboarts in een organisatie die autonomie, kwaliteit en eigen regie belangrijk vindt. Wij bieden jou de ruimte om je medische expertise ten volle te benutten, met ondersteuning waar nodig, én vrijheid waar gewenst. Jouw rol: bijdragen aan gezond werk in Nederland Als Arboarts bij Verdi Groep heb je een centrale rol in het versterken van gezondheid en optimaliseren van inzetbaarheid. Jij begeleidt werknemers bij verzuim en re-integratie en adviseert werkgevers over du…",2025-05-24T09:29:49Z,Onsite,https://www.adzuna.nl/land/ad/5213960009?se=xtUSFIE48BGKPBF8ALaCew&utm_medium=api&utm_source=25f3af84&v=A6CFD629C0B92F33B84203E5848AEA60EC24D7C4
NL,Legal manager - Privacy & AI,Considerati,"Amsterdam, Noord-Holland",,,,,0,Unknown,"Considerati is het Legal, Responsible AI en Public Affairs adviesbureau voor de digitale wereld. Met meer dan 15 jaar ervaring en kantoren in Amsterdam, Den Haag en Brussel, begeleiden wij bedrijven en overheden door de complexiteit van technologie en innovatie. Met meer dan 45 getalenteerde collega's werken we aan een betere toekomst. Nieuwe uitdagingen aangaan zit in ons DNA en we bieden ruimte waarin je zowel persoonlijk als professioneel kunt groeien. Onze cultuur verbindt onze medewerkers.…",2025-05-24T09:29:49Z,Onsite,https://www.adzuna.nl/land/ad/5213960024?se=xtUSFIE48BGKPBF8ALaCew&utm_medium=api&utm_source=25f3af84&v=83815B2B99372E123C1CFD2C12597273415B75DE
NL,Commissioning Engineer,Datacenter People,"Veldhoven, Noord-Brabant",,,,,0,Bouwkunde vacatures,"Datacenter People is working with a leading data center commissioning firm to hire Commissioning Engineers into their team. What the Job Involves Provide engineering and technical support to plan, schedule, coordinate and execute full life cycle commissioning of critical facilities. Participate in the MEP design process. Witnesses the static and dynamic testing of complex mechanical systems. Perform Test Procedures. Prepare meeting minutes. Interact with contractors, interpreting design and spe…",2025-05-24T09:29:49Z,Onsite,https://www.adzuna.nl/land/ad/5213960019?se=xtUSFIE48BGKPBF8ALaCew&utm_medium=api&utm_source=25f3af84&v=FEFA671C721DB7BA903DBD7F88537D4CFAD51F4A
NL,Product Owner,Landal,Nederland,,,,,0,Unknown,"As Product Owner for Property & Reservations Management, you’ll be at the core of our digital landscape. You manage the heart of our operation: a SaaS-based platform that powers availability, content and integration for over 15,000 accommodations. You won’t be leading an internal development team, but you will be steering a complex ecosystem: internal configuration teams, external software vendors, and a dynamic business environment. You act as a bridge between business needs, system capabiliti…",2025-05-24T09:29:49Z,Onsite,https://www.adzuna.nl/land/ad/5213960018?se=xtUSFIE48BGKPBF8ALaCew&utm_medium=api&utm_source=25f3af84&v=A06C4CD659E9901FEF0BB33A6C0D849FEA2C6BB8
NL,Financial Controller,Career Control,Nederland,,,,,0,Unknown,"Wil jij jezelf ontwikkelen in een rol waar je mag adviseren over financiële processen en stuurinformatie, terwijl je zelfstandig maandafsluitingen draait en financiële processen optimaliseert? In deze functie krijg je de kans om je verder te ontwikkelen in stakeholder management, leidinggeven en procesverbetering. Bij Venturion speel je een sleutelrol in de financiële organisatie. Vanuit een recent overgenomen bedrijf help je bij het opzetten van strakke financiële processen en zorg je ervoor d…",2025-05-24T09:29:49Z,Onsite,https://www.adzuna.nl/land/ad/5213960033?se=xtUSFIE48BGKPBF8ALaCew&utm_medium=api&utm_source=25f3af84&v=06666A5009B0111828E37F9F36FADBE5262B80F0
NL,Managing Business Consultant,Mploy Associates,Nederland,,,,,0,Adviseur en Consultancy vacatures,"Als Managing Business Consultant ben je samen met jouw team verantwoordelijk voor het onderhouden en uitbreiden van onze klantrelaties. Je maakt jouw eigen team succesvol en begrijpt als geen ander wat er nodig is om een inhoudelijke en persoonlijke relatie met onze klanten op te bouwen. Wie zijn wij? Wij zijn Mploy Associates, een talent focused consultancy organisatie, gespecialiseerd in data, finance, analytics en IT. Het is onze missie om te bouwen aan succesvolle teams voor de toekomst. Di…",2025-05-24T09:29:46Z,Onsite,https://www.adzuna.nl/land/ad/5213959786?se=xtUSFIE48BGKPBF8ALaCew&utm_medium=api&utm_source=25f3af84&v=646B37B0F36138A23D48E6E89B164D50D04AEF2B
NL,"Senior Technology Architect – SAP S/4 MDG ABAP, Netherlands",Infosys,Nederland,,,,,0,IT ICT vacatures,"Role – Senior Technology Architect Technology – SAP S/4 MDG ABAP Location – Amsterdam, NL Compensation – Competitive (including bonus) Today, the corporate landscape is dynamic, and the world ahead is full of possibilities! None of the amazing things we do at Infosys would be possible without an equally amazing culture, the environment where ideas can flourish and where you are empowered to move forward as far as your ideas will take you. At Infosys, we assure that your career will never stand …",2025-05-24T09:29:46Z,Onsite,https://www.adzuna.nl/land/ad/5213959770?se=xtUSFIE48BGKPBF8ALaCew&utm_medium=api&utm_source=25f3af84&v=E81F1C2FBE688AA4B95957440E2072E67CCAE02F
NL,"Senior Vice President, Evidence Synthesis",Precision AQ,"Veldhoven, Noord-Brabant",,,,,0,Adviseur en Consultancy vacatures,"Do you consider yourself a self-starter with a real passion for projects involving innovative methods in health economics and outcomes research? Are you a confident leader of internal teams and in front of clients? If so – we want to talk to you! We are growing and seeking a Vice President to join our team in Europe (working 100% remote OR out of our London office). Our culture is similar to that of a start-up, but in a well-funded established global portfolio organization. We pride ourselves o…",2025-05-24T09:29:46Z,Remote,https://www.adzuna.nl/land/ad/5213959759?se=xtUSFIE48BGKPBF8ALaCew&utm_medium=api&utm_source=25f3af84&v=4F0EDFA3462A1F05147518AA2FDA2BEF8C220441
NL,Afstudeerstage Finance & Control,Workspace 365,Nederland,,,,,0,IT ICT vacatures,"Ben jij klaar om jezelf te ontwikkelen op het gebied van Financial of Business Control? Dan ben je bij ons aan het juiste adres. Als stagiair krijg je de kans om écht impact te maken binnen team Finance en onze organisatie. Over ons Bij Workspace 365 hebben we een missie. We willen eenvoud brengen in de wereld van digitaal werken. We weten dat wanneer alles vereenvoudigd is, mensen gelukkiger en productiever zijn en de samenwerking groeit. Wij zijn niet op zoek naar perfectie. We willen mensen …",2025-05-24T09:29:46Z,Onsite,https://www.adzuna.nl/land/ad/5213959748?se=xtUSFIE48BGKPBF8ALaCew&utm_medium=api&utm_source=25f3af84&v=E8DDB0EB5E37FADF93C02A4EB7E9D77A9EE22FC0
NL,Senior iOS Developer With Dutch Language,US3 Consulting,"Amsterdam, Noord-Holland",,,,,0,IT ICT vacatures,Senior iOS Developer: For one of our globally leading tech clients we are urgently looking for an experienced Senior iOS Developer for a long contract based in Amsterdam. Its paying well and my client can interview asap! Job Overview We are seeking a highly experienced Senior iOS Developer to join our team in Amsterdam. This role is partially remote but requires working proficiency in Dutch to effectively collaborate with stakeholders and team members. As a key contributor to our mobile develop…,2025-05-24T09:29:45Z,Remote,https://www.adzuna.nl/land/ad/5213959663?se=xtUSFIE48BGKPBF8ALaCew&utm_medium=api&utm_source=25f3af84&v=693A360363FB41F3EFEE1530DC43E3338A9FF2F7
NL,Senior Process Engineer,Hobson Prior,Nederland,,,,,0,Vacatures Ander of Algemeen,"Are you ready to make a difference in the world of biotechnology? We want you! Hobson Prior is seeking a Senior Process Engineer for a contract role in Leiden. This position focuses on developing and managing processes for CAR-T drug products, ensuring they are stable, compliant, and ready for commercial use. You will be involved in various stages of product development, from early clinical phases to market readiness. Please note that to be considered for this role you must have the right to wo…",2025-05-24T09:29:45Z,Onsite,https://www.adzuna.nl/land/ad/5213959700?se=xtUSFIE48BGKPBF8ALaCew&utm_medium=api&utm_source=25f3af84&v=FE8393EB2678B58C08EF73A43B642C1BD44A57DC
NL,"Senior Technology Architect – SAP S/4 EWM ABAP, Netherlands",Infosys,Nederland,,,,,0,IT ICT vacatures,"Role – Senior Technology Architect Technology – SAP S/4 EWM ABAP Location – Amsterdam, NL Compensation – Competitive (including bonus) Today, the corporate landscape is dynamic, and the world ahead is full of possibilities! None of the amazing things we do at Infosys would be possible without an equally amazing culture, the environment where ideas can flourish and where you are empowered to move forward as far as your ideas will take you. At Infosys, we assure that your career will never stand …",2025-05-24T09:29:45Z,Onsite,https://www.adzuna.nl/land/ad/5213959672?se=xtUSFIE48BGKPBF8ALaCew&utm_medium=api&utm_source=25f3af84&v=6FCC49AEC950DAC0FA73643799036606E9EAF500
NL,Teamleader A&T,S[&]T,Nederland,,,,,0,QA en Kwaliteitsborging vacatures,"At S[&]T we contribute to a safer life on Earth by translating space data into valuable and actionable insights. With this, we help organizations, governments and commercial entities to strengthen their information position and thereby improve their decision-making. We focus on 4 domains: Space & Science, Defence & Security, Environment & Sustainability and the High-Tech Industry. We control all levels of the data value chain from data source to user applications, and apply our expertise within…",2025-05-24T09:29:45Z,Onsite,https://www.adzuna.nl/land/ad/5213959714?se=xtUSFIE48BGKPBF8ALaCew&utm_medium=api&utm_source=25f3af84&v=0580187D6376B8F335F3902A4487340EEB1AAD9D
NL,Technical Business Analyst,Shaw Daniels Solutions,Nederland,,,,,0,Unknown,"Technical Business Analyst Hague (or as alternative Oslo) About the Role Our client is seeking a skilled Technical Business Analyst with experience in telecommunications domains to support the delivery of next-generation connectivity solutions for clients. This role acts as a bridge between business stakeholders, product teams, and technical delivery squads, ensuring that solutions are aligned with customer needs, business objectives, and technical feasibility. Key Responsibilities Gather and a…",2025-05-24T09:29:45Z,Onsite,https://www.adzuna.nl/land/ad/5213959680?se=xtUSFIE48BGKPBF8ALaCew&utm_medium=api&utm_source=25f3af84&v=F3BFE4A145D56A9C2903F766BFABA6A0CA8FFB62
NL,PR-manager,Unique,"Veldhoven, Noord-Brabant",,,,,0,Personeelszaken Human Resources vacatures,"Ben jij klaar om impact te maken bij een wereldwijde tech-leider? Wil jij werken bij een internationaal toonaangevend platform waar innovatie, inclusiviteit en professionele ontwikkeling centraal staan? Zoek je een dynamische PR-functie waarin jij écht het verschil kunt maken op nationaal én Europees niveau? Dan is dit jouw volgende carrièrestap. Wij zijn op zoek naar een ervaren Senior PR Manager die onze reputatie in de Nederlandse markt verder versterkt. Iemand die strategisch kan denken, st…",2025-05-24T09:29:44Z,Onsite,https://www.adzuna.nl/land/ad/5213959626?se=xtUSFIE48BGKPBF8ALaCew&utm_medium=api&utm_source=25f3af84&v=964CA6A5FBCE41EC61CDD87229D3316A687FE2E7
NL,Senior Data Specialist,Teelor,Nederland,,,,,0,Unknown,"  Voor een opdrachtgever van Teelor in Zuid-Holland ben ik op zoek naar een Medior Dataspecialist die zich richt op het transformeren van data naar waardevolle inzichten. ✔ Focus op dataplatformontwikkeling, data-analyse en het bouwen van dashboards die beslissingen ondersteunen ✔ Werkzaam in een team dat zich richt op de optimalisatie van Microsoft Fabric en PowerBI-oplossingen ✔ Vast dienstverband, 32 tot 40 uur per week ✔ Locatie: Delft (hybride) Wat breng je mee? - HBO/WO werk- en denknivea…",2025-05-24T09:29:44Z,Hybrid,https://www.adzuna.nl/land/ad/5213959589?se=xtUSFIE48BGKPBF8ALaCew&utm_medium=api&utm_source=25f3af84&v=8A9B146172AB363DE4D05B95A37ACD8625367B4F
NL,Clinical Development Scientist,Panda International,"Eindhoven, Noord-Brabant",,,,,0,Unknown,"In this role, you challenge the complexities of clinical development, focusing on risk management and benefit-risk analysis to ensure the safety and effectiveness of innovative medical products. You will be responsible for: Conducting benefit-risk analysis and contributing to risk management throughout product lifecycles. Collecting, appraising, and analyzing clinical data related to medical products. Writing clinical documentation, including Clinical Evaluation Reports (CERs) and Post-Market C…",2025-05-24T09:29:43Z,Onsite,https://www.adzuna.nl/land/ad/5213959543?se=xtUSFIE48BGKPBF8ALaCew&utm_medium=api&utm_source=25f3af84&v=63396BA53FBD755263A4D84919B20706C92B06BE
NL,Data Analyst Supply Chain,Trinamics,"Veldhoven, Noord-Brabant",,,,,0,Unknown,"Data Analyst Supply Chain Location: Eindhoven Duration: until 31st of December Salary range: € 5.000 - € 6.200 The Supply Chain Analyst is part of the Planning & Delivery (P&D) – Performance Management & Advanced Analytics team. This team supports the P&D organization and business units by driving performance improvements and enabling better decision-making. The team delivers value by ensuring a reliable data and reporting framework, generating actionable insights through analytics, enhancing p…",2025-05-24T09:29:42Z,Onsite,https://www.adzuna.nl/land/ad/5213959445?se=xtUSFIE48BGKPBF8ALaCew&utm_medium=api&utm_source=25f3af84&v=544562F403E25D063183BE3EF474768F8E8542C5
NL,AI / Data Engineer,Latitude Amsterdam,Nederland,,,,,0,IT ICT vacatures,"About Latitude Latitude is a data & AI consulting firm building AI Agents & Interfaces for Europe’s leading organisations. We help organisations go beyond just using ChatGPT, our goal is to infuse AI into the core workflows, systems, and decisions that define their business. Depending on the use case, this can mean building a retrieval-augmented knowledge system, designing agent workflows to automate internal tasks, or prototyping new AI-first products. The right AI tool depends on the business…",2025-05-24T09:29:42Z,Onsite,https://www.adzuna.nl/land/ad/5213959435?se=xtUSFIE48BGKPBF8ALaCew&utm_medium=api&utm_source=25f3af84&v=1C5B04247A7084400033453F80D50790027E0664
NL,Freelancer - Desktop Support Engineer -Breda,BlupaceTech Limited,Nederland,,,,,0,IT ICT vacatures,"Why join us? BlupaceTech is a world-class IT development company that strives to improve its processes constantly. The company has been in business since 2008 and employs over 160 people in more than 4 countries. Blupace provides innovative software solutions for businesses of all sizes, with a focus on Web & Mob Applications, e-commerce websites, data & Analytics , Field services and more. We are passionate about developing innovative technology solutions that make a difference. We have the ex…",2025-05-24T09:29:42Z,Onsite,https://www.adzuna.nl/land/ad/5213959407?se=xtUSFIE48BGKPBF8ALaCew&utm_medium=api&utm_source=25f3af84&v=C939011A535DA73AD64D49CB581F6BDFADF053E3
NL,Online Marketing Strateeg | CMO-to-Be | Regie volledige marketingfunnel | Maak de impact van Finest People zichtbaar!,Finest People,Nederland,,,,,0,Unknown,"Wil jij… Een rol waarin jij de langetermijnvisie meebepaalt? Bouwen op 15 jaar waardevolle data én een kant-en-klaar brandbook? Finest People te branden als nooit tevoren zodat iedereen weet wie Finest People is én blijft? De complete marketingfunnel beheren, van strategie, uitvoering en leadgeneratie? Resultaatgericht te werken met de vrijheid om te experimenteren met tools en technieken? Dan moet je bij ons zijn!   Finest People stelt zich voor “mocht je ons niet kennen”   In 2010, toen digit…",2025-05-24T09:29:42Z,Onsite,https://www.adzuna.nl/land/ad/5213959448?se=xtUSFIE48BGKPBF8ALaCew&utm_medium=api&utm_source=25f3af84&v=CEB2D3D9694D3BF21E2BFE2B668E46D2274241F6
NL,IT Projectmanager Woningcorporaties,Lefit Recruitment & Development,Nederland,,,,,0,Unknown,"Projectmanager Digitalisering Wil jij werken bij een non-profit organisatie met een maatschappelijke functie waar digitale transformatie op de voorgrond staat? En heb je ervaring met verandertrajecten, waarbij je het voortouw neemt? Lees dan snel verder! De organisatie KWH KWH is al 30 jaar hét landelijke kennis- en kwaliteitscentrum van-, voor en door zo’n 140 woningcorporaties in heel Nederland. KWH helpt corporaties met onderzoek en advies om nog klantgerichter te (kunnen) werken. Vanuit een…",2025-05-24T09:29:42Z,Onsite,https://www.adzuna.nl/land/ad/5213959457?se=0AETFYE48BGok_8BQXcHCQ&utm_medium=api&utm_source=25f3af84&v=6BB31DFC298A124EB6C5F3536C38B52B9566D383
NL,IT - Field Support Engineer,TECEZE,Nederland,,,,,0,Unknown,"Title: IT/ Field Support Engineer Duration: 3 Months - Extendable Location: Stationsweg 18-A, 4416 PJ Kruiningen, Netherlands Manage and resolve Field support Incidents & requests. Do walkups and troubleshoot any end user issues based on tickets created. Assist the plant/office with IT related queries and resolve them based on priority. Document all ticket data and notes in Client provided ITSM Platform till closure. Assist with PC deployment and imaging. Assist end users in plants after comple…",2025-05-24T09:29:42Z,Onsite,https://www.adzuna.nl/land/ad/5213959422?se=0AETFYE48BGok_8BQXcHCQ&utm_medium=api&utm_source=25f3af84&v=119B3EBC8565585CA3C62F6844B490C5D7365672
NL,Recruitment Marketeer,Justitiële ICT Organisatie,Nederland,,,,,0,PR Reclame en Marketing vacatures,"Functie­omschrijving Ben jij een creatieve marketeer met een passie voor werving en employer branding? En lijkt het je leuk om vervolgens als sourcer de vruchten te plukken van deze branding, door actief talent te benaderen? Kom dan werken bij de Justitiële ICT Organisatie (JIO) als onze nieuwe Recruitment Marketeer! Wat ga je doen? Dit is geen standaard rol: als eerste Recruitment Marketeer binnen onze organisatie krijg je de unieke kans om deze functie vanaf de basis op te bouwen en volledig …",2025-05-24T09:29:41Z,Onsite,https://www.adzuna.nl/land/ad/5213959391?se=0AETFYE48BGok_8BQXcHCQ&utm_medium=api&utm_source=25f3af84&v=283A4653190A02016B28F85AA580BDD17C66B90F
NL,Senior Project Manager With Dutch Language,US3 Consulting,"Amsterdam, Noord-Holland",,,,,0,IT ICT vacatures,"Senior Project Manager With Dutch Language: For one of our globally leading tech clients we are urgently looking for an experienced Senior Project Manager With Dutch Language for a long contract based in Amsterdam. Its paying well and my client can interview asap! Job Summary: We are seeking a highly experienced Senior Project Manager to lead complex legacy system replacement projects within a dynamic, international enterprise environment. The ideal candidate has a proven track record in delive…",2025-05-24T09:29:41Z,Onsite,https://www.adzuna.nl/land/ad/5213959398?se=0AETFYE48BGok_8BQXcHCQ&utm_medium=api&utm_source=25f3af84&v=3EB4924A8046BBF8356FA1B4B1D567455363D1F8
NL,Reporting Specialist,Greenberg Nielsen,Nederland,,,,,0,Accounting en Financiële vacatures,"Reporting Specialist – MN Services Locatie: Den Haag | Uren: 36/40 uur | Salaris: tot €85.000 per jaar | Hybride werken Ben jij een ervaren finance professional met een achtergrond in accountancy of de financiële sector? Heb je oog voor detail, inzicht in complexe datastromen en de drive om processen te verbeteren? Als Reporting Specialist bij MN Services krijg je de ruimte om écht impact te maken – binnen een organisatie waar maatschappelijke relevantie hand in hand gaat met financiële precisi…",2025-05-24T09:29:41Z,Hybrid,https://www.adzuna.nl/land/ad/5213959354?se=0AETFYE48BGok_8BQXcHCQ&utm_medium=api&utm_source=25f3af84&v=887C66979654B06EF4FD08836DFEFD93DC85F9D5
NL,Business Analyst (Amsterdam based),Lognext,Nederland,,,,,0,IT ICT vacatures,"At Lognext we have been accompanying companies and teams for more than 18 years to identify and implement the technology necessary to advance, making their challenges and objectives our own and getting closer to their reality. Therefore, being a NEXTER means that your career and talent become meaningful to you and those around you, allowing you to build what matters most to you and reach your next level. We are looking for 2 Business Analyst with different seniority and experience levels to joi…",2025-05-24T09:29:15Z,Onsite,https://www.adzuna.nl/land/ad/5213958356?se=0AETFYE48BGok_8BQXcHCQ&utm_medium=api&utm_source=25f3af84&v=D716832C0BEE8EB62086143FC8C27476B0C27637
NL,Sales Director - Non Food Retail,Hays,Nederland,,,,,0,Logistieke vacatures,Sales Director Benelux - Non-Food Retail Sales Director Benelux | Key Accounts | Leidinggeven | Commercieel | Sales | Eindhoven | Non-Food Retail| HBO Ben jij een gedreven salesdirector met leiderschapskwaliteiten op strategisch niveau? Heb je een passie én ervaring voor de foodservice-industrie en de drive om een team naar succes te leiden? Dan is deze uitdaging voor jou! Jouw nieuwe functie In de rol van Sales Director Benelux speel jij een cruciale rol in de groei van onze marktpositie in de…,2025-05-24T09:29:15Z,Onsite,https://www.adzuna.nl/land/ad/5213958358?se=0AETFYE48BGok_8BQXcHCQ&utm_medium=api&utm_source=25f3af84&v=8C1459E1679DD30BF94A2D8568B9BA901096560B
NL,Data analyst Regio West-Europa,Conrad Electronic Benelux B.V.,Nederland,,,,,0,Unknown,"Voor de standplaats Oldenzaal, hebben wij een openstaande vacature. Wij zijn op zoek naar een data analyst. Jij Om onze ambities binnen de Europese zakelijke elektronicamarkt verder vorm te geven zijn we op zoek naar een veelzijdige data analyst die ons marketing-team en daarmee ons merk naar een hoger niveau weet te tillen. In deze gevarieerde, internationale functie sta jij als data analyst tussen het big data geweld en marketeers in. Jij zorgt ervoor dat rauwe data hapklaar opgediend wordt a…",2025-05-24T09:29:14Z,Onsite,https://www.adzuna.nl/land/ad/5213958331?se=0AETFYE48BGok_8BQXcHCQ&utm_medium=api&utm_source=25f3af84&v=6C8297AC82EF5C4EE4C16A06253B1C4F6402C59E
NL,Medewerker Juridische Zaken,ARTO RECRUITMENT,Nederland,,,,,0,Unknown,"Wat ga je doen? Onze opdrachtgever heeft diverse specialistische diensten die de operationele activiteiten van de organisatie ondersteunen samengebracht in specialistische teams. Als Medewerker Juridisch Zaken ben je werkzaam in het team Juridische Zaken. Dit team bestaat uit 6 personen. Als Medewerker Juridische Zaken ondersteun je de juristen in het team en de operationele afdelingen van de organisatie. Je bent verantwoordelijk voor administratie, agendabeheer, communicatie met interne en ext…",2025-05-24T09:29:14Z,Onsite,https://www.adzuna.nl/land/ad/5213958326?se=0AETFYE48BGok_8BQXcHCQ&utm_medium=api&utm_source=25f3af84&v=A86E96FD72F330E9A245C23736A87C93BA5E7B86
NL,Electronic Data Interchange Specialist,Adroit People Limited ,Nederland,,,,,0,IT ICT vacatures,"Location: Eindhoven, Netherlands Start Date: Immediate Type of employment: Permanent (5days a week Onsite) Job Title: EDI Consultant Requirement: Proficient in EDI distributor mapping with intermediate-level expertise. Solid understanding and hands-on experience in B2B integrations at an intermediate level. Proven experience collaborating with end-users on EDI projects, including interpreting specifications, mapping data, and testing new customer integrations. ECC Side Activities Partner Profil…",2025-05-24T09:29:14Z,Onsite,https://www.adzuna.nl/land/ad/5213958334?se=0AETFYE48BGok_8BQXcHCQ&utm_medium=api&utm_source=25f3af84&v=415B3ED418ECF4BF295A9514175DF28248CE80E0
NL,Teamleider zwembad,Sportief Capelle,Nederland,,,,,0,Vastgoed vacatures,"Wij geloven in de bewegende mens. Bewegen is van levensbelang. Zo blijf je gezond, krijg je zelfvertrouwen, beleef je plezier en ontdek je jouw talent. Zo raken wij mensen. Met onze kennis, ervaring en faciliteiten. Daarmee geven wij aan Capelle aan den IJssel energie en synergie die de stad verdient. Sportief Capelle is ervan overtuigd dat als je elke dag beweegt of sport, je verder komt. Beter wordt. Met die drive inspireren de medewerkers van Sportief Capelle iedereen. Daar ligt onze kracht.…",2025-05-24T09:29:10Z,Onsite,https://www.adzuna.nl/land/ad/5213958242?se=0AETFYE48BGok_8BQXcHCQ&utm_medium=api&utm_source=25f3af84&v=1A4D09F0892E48A5E4C1F4E50EB7DD24EA886E71
NL,Senior Reporting Specialist,MONDAVI,Nederland,,,,,0,Accounting en Financiële vacatures,"Wij zijn op zoek naar een Senior Reporting Specialist (externe rapportages) voor onze opdrachtgever in Nijmegen! Ben jij momenteel werkzaam binnen de accountancy, beschik je over de RA-titel en ben je klaar voor de stap richting de business? Lees snel verder! Over de organisatie Onze opdrachtgever is een toonaangevende dienstverlener binnen de mobiliteitsbranche. Het bedrijf biedt een breed scala aan producten en diensten, waaronder verzekeringen, garanties en datadiensten, om mobiliteitsbedrij…",2025-05-24T09:29:09Z,Onsite,https://www.adzuna.nl/land/ad/5213958232?se=0AETFYE48BGok_8BQXcHCQ&utm_medium=api&utm_source=25f3af84&v=37E8F5C70CC7D0445100802467DD55960EEE2651
NL,Senior applicatiebeheerder,Lefit Recruitment & Development,Nederland,,,,,0,Gezondheidszorg Wetenschap en Verpleging vacatures,"Heb jij meerdere jaren ervaring als Applicatiebeheerder en ben je toe aan een leuke, nieuwe werkomgeving met een link naar de zorgsector? Voel jij je daarnaast als een vis in het water in een jong, dynamisch en veelzijdig bedrijf? Lees dan snel verder. Organisatie Onze opdrachtgever ondersteunt werkgevers in het vitaal en inzetbaar houden van medewerkers om verzuim te voorkomen en meer productiviteit te realiseren. Het is haar missie om iedereen die kan werken, duurzaam te laten participeren. D…",2025-05-24T09:29:08Z,Onsite,https://www.adzuna.nl/land/ad/5213958217?se=0AETFYE48BGok_8BQXcHCQ&utm_medium=api&utm_source=25f3af84&v=3962AD097D3F216679662D39989FD90C31118D1E
NL,Pega CSSA (Constellation),eTeam,Nederland,,,,,0,Accounting en Financiële vacatures,"Pega Certified Senior System Architect In possession of the Pega Constellation adoption training certificate Minimum 5 years of Pega CSSA certified At least 3 years of experience with an Agile/Scrum way of working Experience with the latest Pega architecture such as Enterprise class design, Application layer cake, Data Modelling and Rule resolution Experience optimizing business processes in Pega Experience with Pega Designer StudioTM and PEGA Express, among others Experience with Pega Mobile C…",2025-05-24T09:29:07Z,Onsite,https://www.adzuna.nl/land/ad/5213958166?se=0AETFYE48BGok_8BQXcHCQ&utm_medium=api&utm_source=25f3af84&v=96F28595FE03EE32E70FE49195C55F49798CE28F
NL,Human Resources Manager,ES - Partners in Search,Nederland,,,,,0,Unknown,"Bouw mee aan de toekomst bij Kinderopvang Morgen! Kinderopvang Morgen zoekt een gedreven Manager HRM, Pedagogiek & Kwaliteit om leiding te geven aan strategische ontwikkelingen en samen met de teams impact maakt op de toekomst van Morgen. Wat ga je doen? Als manager HRM, Pedagogiek & Kwaliteit krijg je een sleutelrol in het verder ontwikkelen en vormgeven van de toekomst van Morgen! Je ontwikkelt en implementeert HRM- en pedagogisch en kwaliteitsbeleid en vertaalt dit door naar concrete plannen…",2025-05-24T09:29:07Z,Onsite,https://www.adzuna.nl/land/ad/5213958173?se=0AETFYE48BGok_8BQXcHCQ&utm_medium=api&utm_source=25f3af84&v=7FDB3B5462572E1777750847C1FA9D62E7C0AD9D
NL,Werkvoorbereider woningcorporatie,Corparis,Nederland,,,,,0,Unknown,Houd jij van uitdaging en afwisseling in je werk mét de voordelen van een dienstverband bij Corparis? Vind je het belangrijk om jezelf te blijven ontwikkelen op persoonlijk en vakinhoudelijk vlak? Dat kan! Ontdek de mogelijkheden voor de rol van interim professional werkvoorbereider Woningcorporaties bij Corparis. Als werkvoorbereider speel je een cruciale rol in het voorbereiden en coördineren van diverse projecten binnen de woningcorporatiesector. Je bent verantwoordelijk voor het opstellen v…,2025-05-24T09:29:07Z,Onsite,https://www.adzuna.nl/land/ad/5213958167?se=0AETFYE48BGok_8BQXcHCQ&utm_medium=api&utm_source=25f3af84&v=62E596416802F6C4B8492288DA5A18393F9C7956
NL,Marketing Internship at Kokoro Skincare,Kokoro Skincare,Nederland,,,,,0,Unknown,"Marketing Internship at Kokoro Skincare Remote | 24–40 hours per week | Preferably based in Rotterdam or Eindhoven Kokoro Skincare is looking for a motivated and creative Marketing Intern to support our growing team. This remote internship offers the opportunity to take real responsibility in content creation, graphic design, and data-driven marketing within a fast-growing skincare company focused on Japanese beauty products. About Kokoro Skincare Kokoro Skincare brings high-quality Japanese sk…",2025-05-24T09:29:07Z,Remote,https://www.adzuna.nl/land/ad/5213958186?se=0AETFYE48BGok_8BQXcHCQ&utm_medium=api&utm_source=25f3af84&v=471B675CEA3B4ADBDF70112E15F2ECA4AA408CEF
NL,ML Ops Engineer,Calli Labs,Nederland,,,,,0,IT ICT vacatures,"We are building the infrastructure for a new generation of AI-native creative tools . As our AI MLOps Engineer , you will design and maintain the systems, workflows, and tooling that drive cutting-edge machine learning—from rapid iteration to stable deployment. This is a rare opportunity to define how machines perceive and support narrative construction in visual media. Why Join You will work alongside leading AI and vision researchers and collaborate directly with Hollywood-level creatives and…",2025-05-24T09:29:07Z,Onsite,https://www.adzuna.nl/land/ad/5213958180?se=0AETFYE48BGok_8BQXcHCQ&utm_medium=api&utm_source=25f3af84&v=359CB8AEC7025C2E79F526FFB1278707D3A26F08
NL,Microsoft Software Developer,Revolent Group,Nederland,,,,,0,IT ICT vacatures,"Become a Microsoft Technical Consultant! Microsoft Dynamics 365 Business Central Developer Location: Eindhoven, The Netherlands (Hybrid role, 2 days per week in the office) Exciting Opportunity for Developers to Cross Train as Business Central Developers! Are you a talented developer looking to expand your skillset and explore new career opportunities? Have you ever considered diversifying your skill set by transitioning into the role of a Business Central Developer? I am representing one of Mi…",2025-05-24T09:29:07Z,Hybrid,https://www.adzuna.nl/land/ad/5213958190?se=0AETFYE48BGok_8BQXcHCQ&utm_medium=api&utm_source=25f3af84&v=882EF70CC682BC28A0824D4EB883B955C449E710
NL,Direct Sales Manager (€65.000–€70.000 basis  tot €90.000 OTE),Pure Pet Food,"Amsterdam, Noord-Holland",,,,,0,Unknown,"Over Pure Pet Food Pure Pet Food begon ooit in de keuken van onze oprichters en groeide via een succesvolle pitch in Dragons' Den uit tot een geliefd merk met meer dan 55 miljoen verkochte hondenmaaltijden in het Verenigd Koninkrijk. Onze missie? De manier waarop honden eten radicaal verbeteren met gezonde, natuurlijke voeding die bijdraagt aan een langer en gelukkiger hondenleven. Na groot succes in de UK zijn we nu klaar voor de volgende stap: de Nederlandse markt veroveren . En daarvoor zoek…",2025-05-24T09:29:07Z,Onsite,https://www.adzuna.nl/land/ad/5213958177?se=0AETFYE48BGok_8BQXcHCQ&utm_medium=api&utm_source=25f3af84&v=4AF2B8AA3CD88CD2EB54E450C2AB807C57F10CCC
NL,Commercieel medewerker binnendienst,Sharp Electronics Benelux B.V.,Nederland,,,,,0,IT ICT vacatures,"Commercieel medewerker Binnendienst Heb je een commerciële drive, ben jij niet bang om te bellen en wil je meebouwen aan een afdeling Inside Sales? Dan hebben wij de perfecte uitdaging voor jou: start deze maand nog als Commercieel Medewerker Binnendienst. Wat ga je doen? Samen met de Sales Manager zet je de afdeling Inside Sales op met alles wat daarbij komt kijken. Uiteraard ga je dit niet alleen doen. Samen met de afdeling marketing en sales zoeken we naar de juiste data, kennis en invalshoe…",2025-05-24T09:29:07Z,Onsite,https://www.adzuna.nl/land/ad/5213958176?se=0AETFYE48BGok_8BQXcHCQ&utm_medium=api&utm_source=25f3af84&v=B9F920D6EDFC4CD44E88BC8BBB654D8E5EA14F52
NL,Lead Consultant - Microsoft Dynamics 365 SCM,Infosys,Nederland,,,,,0,IT ICT vacatures,"Role - Lead Consultant Technology – Microsoft Dynamics 365 Supply Chain Management Location – Nunspeet, Netherlands Job Description Today, the corporate landscape is dynamic and the world ahead is full of possibilities! None of the amazing things we do at Infosys would be possible without an equally amazing culture, the environment where ideas can flourish and where you are empowered to move forward as far as your ideas will take you. At Infosys, we assure that your career will never stand stil…",2025-05-24T09:29:06Z,Onsite,https://www.adzuna.nl/land/ad/5213958161?se=0AETFYE48BGok_8BQXcHCQ&utm_medium=api&utm_source=25f3af84&v=2B817301C98A3CBC9E4420F35E65FFE896FA25ED
NL,Sales And Marketing Intern,3SC,Nederland,,,,,0,IT ICT vacatures,"Position Overview : We are looking for proactive, results-oriented Sales & Marketing Interns who are eager to learn, contribute to pipeline growth, and explore the world of B2B Supply Chain Software. This internship will give you hands-on experience in market research, lead generation, customer engagement in a collaborative and creative environment. Key Responsibility : Conduct market research to identify trends, competitors, and potential opportunities Assist in building a strong pipeline of q…",2025-05-24T09:29:00Z,Onsite,https://www.adzuna.nl/land/ad/5213958129?se=0AETFYE48BGok_8BQXcHCQ&utm_medium=api&utm_source=25f3af84&v=F379CB4ED5BD4117C529AE9BD5ADE38DAAB021AD
NL,Python Developer,Parallel Consulting,"Amsterdam, Noord-Holland",,,,,0,Creatieve Design vacatures,"Key Responsibilities Translate business and technical requirements into robust, scalable Python applications. Develop and maintain internal libraries and tools to support trading analytics and official reporting. Implement APIs and dashboards using FastAPI and Dash for internal users. Optimize existing systems for performance and scalability. Provide support and training to risk officers and analysts through code reviews and ad-hoc coaching. Contribute to code quality and architecture with stro…",2025-05-24T09:29:00Z,Onsite,https://www.adzuna.nl/land/ad/5213958125?se=0AETFYE48BGok_8BQXcHCQ&utm_medium=api&utm_source=25f3af84&v=BE1C841056588382798EEA80FCF7AB71F6B8D078
NL,HR Business Partner,Orange Cyberdefense,Nederland,,,,,0,IT ICT vacatures,Wat je doet als HR Business Partner Ben jij de HR-professional die zich thuis voelt in een dynamische omgeving? En ben jij iemand met een ondernemersmentaliteit die op proactieve en accurate wijze het voortouw in alle HR-processen binnen een organisatie neemt? Als HR Business Partner binnen het HR-team heb jij een brede functie en ben je (mede) verantwoordelijk voor alle aspecten rondom HR bij Orange Cyberdefense binnen onze organisatie. Samen met jouw collega’s ben jij dagelijks het eerste aan…,2025-05-24T09:29:00Z,Onsite,https://www.adzuna.nl/land/ad/5213958135?se=0AETFYE48BGok_8BQXcHCQ&utm_medium=api&utm_source=25f3af84&v=E09139781EE13F262C0817A1B11565D2FD945583
NL,Data Scientist,Veldsink Groep,"Eindhoven, Noord-Brabant",,,,,0,Unknown,"Data Engineer – Nuenen 32/40 uur Ben jij een gedreven Data Engineer die energie haalt uit het bouwen van betrouwbare en toekomstbestendige datastructuren? Dan hebben wij een mooie uitdaging voor jou! Binnen Veldsink Groep krijg je de ruimte om bij te dragen aan data gedreven oplossingen die écht het verschil maken. Of je nu al ervaring hebt of nog aan het begin staat van je carrière, jouw werk heeft impact. Jouw job Als Data Engineer ben jij verantwoordelijk voor het ontwerpen, bouwen en onderh…",2025-05-24T09:29:00Z,Onsite,https://www.adzuna.nl/land/ad/5213958127?se=0AETFYE48BGok_8BQXcHCQ&utm_medium=api&utm_source=25f3af84&v=289473CE689A8A488FB24466FBA436EC85BE4701
NL,Python Engineer,agap2 Netherlands,Nederland,,,,,0,IT ICT vacatures,"About us Agap2 is a European IT and Engineering Consultancy, active in 14 countries with over 9.500 employees. The company was founded in Portugal and since 2014 we are based in the Netherlands with our Amsterdam office to provide our expertise to the Dutch market. Our employees are defined by the so-called “Agapian spirit”, which is summarized in 5 keywords: family, union, friendship, team spirit, and learning. Did you identify with what defines us? Then read on to find out more! The position …",2025-05-24T09:29:00Z,Onsite,https://www.adzuna.nl/land/ad/5213958126?se=0AETFYE48BGok_8BQXcHCQ&utm_medium=api&utm_source=25f3af84&v=AD1E226003ADB6D4A815D9129E0E23217B3CECCB
NL,DataCenter Network Engineer,K&K Talents,Nederland,,,,,0,Unknown,"K&K Social Resources & Development GmbH is an international recruiting agency that has been providing technical resources in the European region since 1993. This position is with one of our clients in the Netherlands who is actively hiring candidates to expand their teams. Job Role: DataCenter Network Engineer Location: Amsterdam, Netherlands Employment Type: Permanent Role Description: Required Minimum 6 years solid networking experience background. Experience in architecture, development, tes…",2025-05-24T09:28:59Z,Onsite,https://www.adzuna.nl/land/ad/5213958119?se=0AETFYE48BGok_8BQXcHCQ&utm_medium=api&utm_source=25f3af84&v=8A1FAB37737608BD97EC289EB207EF0AEA20A38E
NL,SAP Solution Architect,US3 Consulting,"Amsterdam, Noord-Holland",,,,,0,IT ICT vacatures,"SAP Solution Architect: For one of our globally leading tech clients we are urgently looking for an experienced SAP Solution Architect for a long contract based in Amsterdam. Its paying well and my client can interview asap! Description: Design and implement end-to-end SAP solutions tailored to business requirements. Lead integration efforts between SAP and non-SAP systems in a complex enterprise landscape. Execute SAP ECC Support Pack Upgrades including system design, data migration, and post-…",2025-05-24T09:28:58Z,Onsite,https://www.adzuna.nl/land/ad/5213958102?se=0AETFYE48BGok_8BQXcHCQ&utm_medium=api&utm_source=25f3af84&v=CFE4B084E7EEB70C9E54B0BD81E6FB72D4D87F21
NL,Demand Planner,Unilever,Nederland,,,,,0,Horeca en Catering vacatures,"For our client, a worldwide famous FMCG Company , we are looking fro a junior Supply Planner to join the team in Rotterdam. Offer: contract for 7 months, extension possible salary between 3000 and 3700 euro, depending on experience Your tasks: Volume Forecasting • The forecasting part of the job consists of the responsibility for the full-term volume demand forecast (both base & promo) per category for the Benelux for a rolling horizon of 18 months. • The main focus is on the horizon of 2-6 mon…",2025-05-24T09:28:55Z,Onsite,https://www.adzuna.nl/land/ad/5213958081?se=0AETFYE48BGok_8BQXcHCQ&utm_medium=api&utm_source=25f3af84&v=420919460C297FCB00597C2CB1254DF6417ED207
NL,Content QA Analist,ARTO RECRUITMENT,Nederland,,,,,0,Creatieve Design vacatures,"Wat ga je doen? De primaire focus van deze rol ligt op het waarborgen van de kwaliteit van de inhoud (content), maar de functie kan ook Content Publishing-activiteiten omvatten. De ideale kandidaat heeft een scherp oog voor detail, uitstekende communicatieve vaardigheden en passie om ervoor te zorgen dat alle inhoud aan de hoogste kwaliteitsnormen voldoet. Hoe ziet jouw werkdag eruit? Tot jouw taken behoren het beoordelen en redigeren van inhoud om nauwkeurigheid, duidelijkheid en consistentie …",2025-05-24T09:28:55Z,Onsite,https://www.adzuna.nl/land/ad/5213958073?se=0AETFYE48BGok_8BQXcHCQ&utm_medium=api&utm_source=25f3af84&v=F78F6D1F4BDBFC5418F3F49B8D8B82ADFC14B986
NL,Marketing Professional,cpmview,Nederland,,,,,0,Adviseur en Consultancy vacatures,"Heb jij meerdere jaren ervaring in Marketing en wil je jouw kennis en ervaring graag uitbreiden in een snel groeiende, internationale en ambitieuze organisatie? Lees dan verder! Wat ga je doen? Als Marketing Professional ben je verantwoordelijk voor de complete marketing! Zowel operationeel, als het ontwikkelen van slimme marketingstrategieën die zorgen voor meer zichtbaarheid van ons merk en meer betrokkenheid van onze klanten. Je werkt hierbij nauw samen met teams zoals IT, Business Developme…",2025-05-24T09:28:54Z,Onsite,https://www.adzuna.nl/land/ad/5213958060?se=0AETFYE48BGok_8BQXcHCQ&utm_medium=api&utm_source=25f3af84&v=02F168A648123A58A51BF5684027A9C9164C133E
NL,Senior Social Advertiser,Short Commerce,Nederland,,,,,0,Sales vacatures,"Short Commerce is op zoek naar een full-time Senior Social Advertising Specialist die ons team in ons gloednieuwe kantoor komt versterken. Wil jij écht impact maken met je campagnes en strategisch meebouwen aan de groei van topmerken? Bij Short Commerce werken we met de grootste brands van dit moment: New York Pizza, Schwarzkopf Professional, Clay and Glow, Sophia Mae and many more. Wat ga je doen? Als Senior Social Advertising Specialist ben je meer dan een campaign manager: je bent een strate…",2025-05-24T09:28:53Z,Onsite,https://www.adzuna.nl/land/ad/5213958048?se=0AETFYE48BGok_8BQXcHCQ&utm_medium=api&utm_source=25f3af84&v=DD692CD861A58F656C825A8299BEA0D7734D474D
NL,Commercial Business Controller,Greenberg Nielsen,Nederland,,,,,0,Detailhandel vacatures,"Commercial Business Controller – Schiphol Airport Retail – Hoofddorp Salary: €58,000 – €71,280 based on 40 hours Do you thrive in a high-frequency, international environment? Does your heart beat faster for a role where you contribute at a commercial level and provide multiple stakeholders with valuable advice? Do you enjoy being at the heart of the business, working on topics such as sales analysis and the impact of price reductions? Then you might be the Commercial Business Controller Schipho…",2025-05-24T09:28:52Z,Onsite,https://www.adzuna.nl/land/ad/5213958033?se=0AETFYE48BGok_8BQXcHCQ&utm_medium=api&utm_source=25f3af84&v=F22930EB1C58D5BBAAD740A2AB36BBD9519727E2
NL,CLM Specialist,Amoria Bond,Nederland,,,,,0,Personeelszaken Human Resources vacatures,"Freelance CLM Business Process Expert – Remote We are looking for an experienced Contract Lifecycle Management (CLM) Business Process Expert to support a major global CLM platform implementation. This freelance role is focused on process optimization, system alignment, and data migration across multiple business functions. If you have a strong CLM background and thrive in collaborative, cross-functional environments, we’d like to hear from you. Role: Freelance CLM Business Process Expert Locati…",2025-05-24T09:28:52Z,Remote,https://www.adzuna.nl/land/ad/5213958028?se=0AETFYE48BGok_8BQXcHCQ&utm_medium=api&utm_source=25f3af84&v=012AD5754E90DDD466F4AFC8788B044F4DA326EA
NL,Field Technician (Amersfoort),Cognizant,Nederland,,,,,0,Unknown,"What makes Cognizant a unique place to work? The combination of rapid growth and an international and innovative environment! This is creating a lot of opportunities for people like YOU — people with an entrepreneurial spirit who want to make a difference in this world. At Cognizant, together with your colleagues from all around the world, you will collaborate on creating solutions for the world's leading companies and help them become more flexible, more innovative and successful. And this is …",2025-05-24T09:28:52Z,Onsite,https://www.adzuna.nl/land/ad/5213958029?se=0AETFYE48BGok_8BQXcHCQ&utm_medium=api&utm_source=25f3af84&v=921EE0D6FA8EBA46717C52C8639E35AEF776400C
NL,ESG Controller,C. Steinweg Nederland,Nederland,,,,,0,Unknown,"Steinweg is een begrip in de Rotterdamse haven. Sinds 1847 zorgen wij voor de logistieke afhandeling van de goederen van onze klanten. Dit doen we professioneel, veilig en betrouwbaar. In Rotterdam zijn we actief op 9 terminals met een totale grootte van 250 voetbalvelden. Maar ook ver buiten Rotterdam zijn wij actief, wereldwijd op meer dan 135 locaties en in ruim 60 landen. Ons doel? Onze klanten op een duurzame manier de beste service en hoogste kwaliteit bieden. Met wereldwijd ruim 6.200 co…",2025-05-24T09:28:44Z,Onsite,https://www.adzuna.nl/land/ad/5213957886?se=0AETFYE48BGok_8BQXcHCQ&utm_medium=api&utm_source=25f3af84&v=A5943A88D4296D2A9F52661DEB0582A2F0D698EB
NL,Software-ingenieur,HITS - Partner in IT sourcing,Nederland,,,,,0,Unknown,"Help develop software that is used worldwide! Up to 75K For an innovative organization in the liquid resources sector, we are looking for a skilled .NET developer. This is a unique opportunity to play a key role in a specialized team that focuses on the fundamental technology behind a widely used digital product, which supports a worldwide user base on a daily basis. Their focus is on efficient data processing and reliable performance. What kind of team will you be joining? You will work as a d…",2025-05-24T09:28:42Z,Onsite,https://www.adzuna.nl/land/ad/5213957821?se=0AETFYE48BGok_8BQXcHCQ&utm_medium=api&utm_source=25f3af84&v=19BE0F4F96E162D6C65EEC9B3CC2080EB3E0B8B5
NL,Sales Director,Magnitude Consulting,"Amsterdam, Noord-Holland",,,,,0,IT ICT vacatures,"Job Title: Sales Director – EMEA & Global (Second Line Leadership) Location: Amsterdam, Netherlands (Hybrid) Salary: €100,000 – €130,000 base  €200,000 – €260,000 OTE (Uncapped) Industry: AI, Cloud, Data, SaaS Type: Full-Time | Permanent Reporting to: VP of Sales / CRO About the Company Our client is a high-growth AI software vendor headquartered in the Netherlands. Backed by over €100M in Series B funding and having already achieved tech unicorn status, they are scaling rapidly across global m…",2025-05-24T09:28:42Z,Hybrid,https://www.adzuna.nl/land/ad/5213957808?se=0AETFYE48BGok_8BQXcHCQ&utm_medium=api&utm_source=25f3af84&v=13DA4E8F76C08A186987B59BADABC7F272F00FA0
NL,Mendix Business Consultant (ervaren),Axians NL,Nederland,,,,,0,IT ICT vacatures,Senior Mendix Business Consultant Wil jij applicaties ontwikkelen waar eindgebruikers blij van worden? En is werksfeer voor jou belangrijk? Dan ben je bij Axians aan het goede adres. Dit bieden wij jou Bij Axians werk je in een lokaal hecht team en heb je toch ook de voordelen van werken in een grote internationale organisatie; we vinden jouw persoonlijke ontwikkeling erg belangrijk en bieden hier volop mogelijkheden voor. En verder: Werken in een hecht team met betrokken collega's en veel geze…,2025-05-24T09:28:42Z,Onsite,https://www.adzuna.nl/land/ad/5213957820?se=0AETFYE48BGok_8BQXcHCQ&utm_medium=api&utm_source=25f3af84&v=9211C0929E09714A52932331884E001CFEA845BF
NL,R&D project Manager,EPM Scientific,Nederland,,,,,0,Unknown,"About the Company: An independent manufacturer specializing in magnetic microparticles and complete kits for life sciences, research and development, and bio-analytical applications. The organization is known for its innovative approach to magnetic sample preparation workflows, supporting scientific advancements that contribute to a healthier and more intelligent future. Operating within a small, agile team, the company values flexibility and a proactive mindset. Position: R&D (Associate) / Pro…",2025-05-24T09:28:41Z,Onsite,https://www.adzuna.nl/land/ad/5213957807?se=0AETFYE48BGok_8BQXcHCQ&utm_medium=api&utm_source=25f3af84&v=1B7646299F94E24B5D5717A309697711329C89D1
NL,Ingenieur automatisering,Talentmark,Nederland,,,,,0,Unknown,"We currently have an assignment for an automation Engineer to strengthen the Execution Systems department, based onsite our pharmaceutical site in Leiden. The department: The department is responsible for the implementation, support and maintenance of computerized systems and GxP related hardware/software for the Leiden production facility. We are focused on implementing standard recipe-based processes to deliver consistent content, optimized end-to-end execution, data availability and visualiz…",2025-05-24T09:28:41Z,Onsite,https://www.adzuna.nl/land/ad/5213957796?se=0AETFYE48BGok_8BQXcHCQ&utm_medium=api&utm_source=25f3af84&v=E28CEA5B1BA752B39FE9E090730CFF212B14237F
NL,"Senior Technology Architect – SAP S/4HANA ABAP, Netherlands",Infosys,Nederland,,,,,0,IT ICT vacatures,"Role – Senior Technology Architect Technology – SAP S/4 ABAP Location – Amsterdam, NL Compensation – Competitive (including bonus) Today, the corporate landscape is dynamic, and the world ahead is full of possibilities! None of the amazing things we do at Infosys would be possible without an equally amazing culture, the environment where ideas can flourish and where you are empowered to move forward as far as your ideas will take you. At Infosys, we assure that your career will never stand stil…",2025-05-24T09:28:40Z,Onsite,https://www.adzuna.nl/land/ad/5213957769?se=0AETFYE48BGok_8BQXcHCQ&utm_medium=api&utm_source=25f3af84&v=A11D3BAC497871DA69D2694592E24F58A52E2DA6
NL,Product Owner,Doghouse Recruitment,Nederland,,,,,0,IT ICT vacatures,"Product Owner- SaaS- Hybrid- Amsterdam-58k (No Visa Sponsor) My client is the premier destination for sports betting and the ultimate online (live) casino experience in the Netherlands. As pioneers in the industry, they are committed to reshaping entertainment while maintaining responsible gambling. Their goal is to create an environment where players can enjoy themselves responsibly without losing control. We are looking for a structured and proactive Product Owner to lead our 8 person data te…",2025-05-24T09:28:40Z,Hybrid,https://www.adzuna.nl/land/ad/5213957757?se=0AETFYE48BGok_8BQXcHCQ&utm_medium=api&utm_source=25f3af84&v=299D39B620DCA2F41607D00EA863F63BF0300DCC
NL,Oracle HCM Consultant,Mastek,Nederland,,,,,0,IT ICT vacatures,"We are seeking a highly experienced and German-speaking Oracle Cloud HCM Lead to join our dynamic European team. This pivotal role will see you leading complex Oracle Cloud HCM implementations, with a strong focus on Core HR, Absence Management, and Time & Labor modules across various European countries, particularly within Germany. You will be instrumental in guiding clients through their HR transformation journey, from strategy and design to successful deployment and adoption. Key Responsibil…",2025-05-24T09:28:40Z,Onsite,https://www.adzuna.nl/land/ad/5213957746?se=0AETFYE48BGok_8BQXcHCQ&utm_medium=api&utm_source=25f3af84&v=E63A8E715CC7A25D3F207AC2AC6DB4FBB1965D1F
NL,Quantitative Trader,Venture Search,Nederland,,,,,0,Accounting en Financiële vacatures,"Venture Search is partnering with a leading equity derivatives market-making firm with nearly 20 years of experience. The firm is seeking a Senior Quantitative Trader to spearhead a new venture in the rapidly evolving crypto space. This role involves developing data-driven models using statistical and machine learning techniques, analyzing market data to identify profitable opportunities, and optimizing strategies to adapt to the dynamic crypto landscape. Responsibilities: Design, develop, and …",2025-05-24T09:28:37Z,Onsite,https://www.adzuna.nl/land/ad/5213957673?se=0AETFYE48BGok_8BQXcHCQ&utm_medium=api&utm_source=25f3af84&v=E8ADE4040DBE01F8746F8265509F288A1782EE93
NL,ICT-specialist,Telco Accessories Group,Nederland,,,,,0,Onderhoud vacatures,"Telco Accessories Group (TAG), de naam achter de succesvolle retailmerken Xtorm, Gecko Covers, Cazy, Njord, LINQ en Just in Case. Sinds 2008 ontwikkelen, distribueren en verkopen wij hoogwaardige mobiele accessoires gericht op het gespecialiseerd- en premium marktsegment in de consumentenelektronica. Ondersteund door een professioneel marketing- en productontwikkelingsteam, ervaren kanaalgericht B2C/B2B-verkoopteam en D2C (eCommerce) team dat alle competenties omvat om merken digitaal te laten …",2025-05-24T09:28:37Z,Onsite,https://www.adzuna.nl/land/ad/5213957662?se=0AETFYE48BGok_8BQXcHCQ&utm_medium=api&utm_source=25f3af84&v=205D585DF4A5833071B779C1B2C01F94D2966B47
NL,Lead C++ Developer - Algorithmic Trading,Venture Search,Nederland,,,,,0,Unknown,"Our client, is a leading prop trading firm, driven by data and technology. They act as market makers, using their capital to trade on global stock and derivatives exchanges. By leveraging a large network of interdealer brokers and the latest advancements in electronic trading technology, they add liquidity to the financial markets specialized in cash equity and derivatives. Your role Our client is looking for a highly talented C++ Developer to help build out their algorithmic trading software s…",2025-05-24T09:28:37Z,Onsite,https://www.adzuna.nl/land/ad/5213957679?se=0AETFYE48BGok_8BQXcHCQ&utm_medium=api&utm_source=25f3af84&v=3E89A14E900C909C198412D16F5987F6BFC0D506
NL,Softwarespecialist,ENTER BV,Nederland,,,,,0,Unknown,"Altijd al in de lead willen zijn van een complexe applicatie? En wil jij bijdragen aan innovatieve hightech projecten die ervoor zorgen dat onze opdrachtgevers een blijvende voorsprong opbouwen in de wereld van technologie? Terwijl je tegelijkertijd werkt voor een bedrijf waar jij centraal staat en waar jouw persoonlijke ontwikkeling prioriteit is? Dan ben jij de kandidaat die we zoeken! Wat ga jij doen? Je komt terecht in een topteam van 10 developers en wordt dé technische spil rondom BIMAC, …",2025-05-24T09:28:37Z,Onsite,https://www.adzuna.nl/land/ad/5213957677?se=0AETFYE48BGok_8BQXcHCQ&utm_medium=api&utm_source=25f3af84&v=DBC3169F47E3AF9F9D13D20B1CC0EA24F0615A8C
NL,Stage Consumer Insights,Lamb Weston EMEA,"Veldhoven, Noord-Brabant",,,,,0,Horeca en Catering vacatures,"Are you ready to dive into data and help shape the future of consumer-driven business decisions? Join our Consumer & Customer Insights team as an intern, where you’ll work with a variety of research tools and data sources to generate actionable recommendations for our business. Your role: You will work on a key project to analyze the flavor landscape and develop strategic recommendations on the role of flavor in the future of our fries category. Your responsibilities include: Mining and analyzi…",2025-05-24T09:28:37Z,Onsite,https://www.adzuna.nl/land/ad/5213957650?se=0AETFYE48BGok_8BQXcHCQ&utm_medium=api&utm_source=25f3af84&v=56081F8B6102151B60373E9CBC468D69E6C19734
NL,Manager BL - Company Building,InnoEnergy,Nederland,,,,,0,Accounting en Financiële vacatures,"Manager Business Line – Company Building (Strategic Venture – All-Rounder) Hybrid About InnoEnergy InnoEnergy is industrialising clean tech innovation to enable and grow a global net zero economy. Active in Europe and the US, the company invests in early-stage start-ups and the current and future workforce, building resilient clean tech value chains that drive sustainable economic growth. Through its ecosystem – with 1,400 partners including 39 shareholders spanning industry, finance, public po…",2025-05-24T09:28:36Z,Hybrid,https://www.adzuna.nl/land/ad/5213957637?se=spX2FYE48BGKPBF8ALaCew&utm_medium=api&utm_source=25f3af84&v=43CA7CF5255F7129100CA5E7623EAB1D6D1D4890
NL,Senior Data Science Manager - AML,Vivid Resourcing,Nederland,,,,,0,Accounting en Financiële vacatures,"We are looking for a Senior Manager Anti Money Laundering (AML) Data Scientist to help grow the firm with a focus on model development in the field of Transaction Monitoring (TM), Customer Due Diligence (CDD), Sanctions screening and Fraud detection. You will be running one or more projects simultaneously and will be responsible for the full modelling scope: from imagining solutions to the strategic needs of our clients, to building and implementing them into their cloud infrastructure. You wil…",2025-05-24T09:28:36Z,Onsite,https://www.adzuna.nl/land/ad/5213957644?se=spX2FYE48BGKPBF8ALaCew&utm_medium=api&utm_source=25f3af84&v=8F2426F2D4332490E27ADAC473DD44A1B579F286
NL,Afdelingshoofd,BAM Infra Nederland,Nederland,,,,,0,Bouwkunde vacatures,"Wat als jij de HSL-Zuid naar een hoger niveau tilt? Bij Infraspeed Maintenance BV (IMBV) zijn we op zoek naar een ervaren Afdelingshoofd Civiel die de prestaties en betrouwbaarheid van onze civiele assets waarborgt. Denk aan tunnels, bruggen, viaducten, gebouwen, watergangen, groenvoorzieningen, hekwerken en geluids- en windschermen. In deze rol ben je verantwoordelijk voor het onderhoud, de veiligheid en de beschikbaarheid van deze infrastructuur, met als doel een veilige en betrouwbare HSL-Zu…",2025-05-24T09:28:34Z,Onsite,https://www.adzuna.nl/land/ad/5213957571?se=spX2FYE48BGKPBF8ALaCew&utm_medium=api&utm_source=25f3af84&v=FBADCCDCA7CB294CB066B040779D1EF06B1AC458
NL,Teamlead HR Services,Zeeman textielSupers,Nederland,,,,,0,Detailhandel vacatures,"Als Teamlead HR Services ben je verantwoordelijk voor de correcte uitvoering en ontwikkeling van HR processen en de HR administratie binnen Zeeman. Jouw doel is om de HR processen te optimaliseren en communicatie met de diverse stakeholders te verbeteren. Je bent goed in het opbouwen van een team, bent een echte peoplemanager en weet mensen te motiveren om het beste uit zichzelf te halen. Je bent data driven en weet hoe je KPI's kunt inzetten om processen te verbeteren. De afgelopen jaren heeft…",2025-05-24T09:28:34Z,Onsite,https://www.adzuna.nl/land/ad/5213957595?se=spX2FYE48BGKPBF8ALaCew&utm_medium=api&utm_source=25f3af84&v=C1A64AA858F5BE04D9BDC46F67D53E6DB1C43455
NL,Business Controller,SourceMonks,Nederland,,,,,0,Detailhandel vacatures,"(24-32 uur) Voor onze klant Kinki Kappers – een uitgesproken en creatieve franchiseorganisatie met zo’n 40 salons door heel Nederland – zijn wij (SourceMonks) op zoek naar een energieke en ervaren Business Controller . Kinki Kappers ademt stijl, authenticiteit en creativiteit. Als franchisegever van een merk dat al decennia eigenzinnig en vooruitstrevend is, zoeken zij een financieel brein dat structuur brengt zonder de vrijheid te verliezen, kansen spot en actief bijdraagt aan duurzame groei. …",2025-05-24T09:28:34Z,Onsite,https://www.adzuna.nl/land/ad/5213957578?se=spX2FYE48BGKPBF8ALaCew&utm_medium=api&utm_source=25f3af84&v=14F0A8AD7FBBFDEB135C90901EB47E91B5B03CCD
NL,Regulatory reporting analyst,Greenberg Nielsen,Nederland,,,,,0,Unknown,"Job description At Brand New Day we tend to do things differently. We are not boring or bureaucratic like other banks or insurers. We’re entrepreneurs, not traditional bankers. We want to build the best bank for long-term consumer savings and investments. In order to do that, we need the best people. We know this sounds like a marketing story. It isn’t. We genuinely believe in doing things our own way and challenging the status quo. Not convinced? Come in for a coffee with our finance & regulat…",2025-05-24T09:28:34Z,Onsite,https://www.adzuna.nl/land/ad/5213957587?se=spX2FYE48BGKPBF8ALaCew&utm_medium=api&utm_source=25f3af84&v=5C378382EE9D13173696C575F5333FC2B6984B75
NL,"Lead Consultant Microsoft Dynamics 365 SCM, Rotterdam",Infosys,Nederland,,,,,0,IT ICT vacatures,"Role - Lead Consultant Technology – Microsoft Dynamics 365 SCM Modules (Inventory Management, Procurement, Production, Quality and Warehouse Management) Location – Rotterdam, Netherlands Job Description Today, the corporate landscape is dynamic and the world ahead is full of possibilities! None of the amazing things we do at Infosys would be possible without an equally amazing culture, the environment where ideas can flourish and where you are empowered to move forward as far as your ideas will…",2025-05-24T09:28:34Z,Onsite,https://www.adzuna.nl/land/ad/5213957577?se=spX2FYE48BGKPBF8ALaCew&utm_medium=api&utm_source=25f3af84&v=A7E6E157A980FB52AD4BF30D61DCE6E5292C5FCF
NL,Medior Paid Social Specialist,Urban Gym Group,Nederland,,,,,0,Klantenservice vacatures,"Amsterdam | Fulltime Are you passionate about performance marketing and fueled by a love for an active lifestyle? Ready to take Paid Social campaigns to the next level? Urban Gym Group is looking for a Medior Paid Social Specialist to help grow our brands and inspire more people to embrace an active lifestyle through powerful campaigns. This is your sign to join our growing performance marketing team! As our Paid Social Specialist, you’ll play a key role in scaling and optimizing our Meta and T…",2025-05-24T09:28:34Z,Onsite,https://www.adzuna.nl/land/ad/5213957599?se=spX2FYE48BGKPBF8ALaCew&utm_medium=api&utm_source=25f3af84&v=E750D30B76EBA5F0776CFF58CDBE33519951F6FA
NL,Businesscontroller,DekaMarkt,Nederland,,,,,0,Unknown,"Heb jij een passie voor cijfers én strategie? In deze sleutelpositie vorm jij de brug tussen finance en de business. Voel jij je thuis in een open, daadkrachtige, no nonsens en initiatiefrijke omgeving? Dan zijn wij op zoek naar jou! Wat ga je doen? De afdeling Control is verantwoordelijk voor het controleren van de financiële processen, het leveren van managementinformatie en de analyse van de periodecijfers. Hierdoor kunnen de afgesproken (financiële) doelstellingen worden gerealiseerd. Als B…",2025-05-24T09:28:33Z,Onsite,https://www.adzuna.nl/land/ad/5213957568?se=spX2FYE48BGKPBF8ALaCew&utm_medium=api&utm_source=25f3af84&v=B7370990FA6EA6E082293ABE651BA32EC17C5744
NL,Business Controller,Allison Red,Nederland,,,,,0,Adviseur en Consultancy vacatures,"Wil jij als Business Controller écht het verschil maken binnen een organisatie waar data, strategie en samenwerking centraal staan? Spar je graag met het MT, til je rapportages en analyses naar een hoger niveau en zoek je een omgeving waar ruimte is voor initiatief én verbetering? Lees dan vooral verder! Voor een snelgroeiende, digitale dienstverlener binnen de financiële sector zoeken we een Business Controller met visie, analytisch vermogen en lef. Een controller die niet alleen financieel in…",2025-05-24T09:28:33Z,Onsite,https://www.adzuna.nl/land/ad/5213957541?se=spX2FYE48BGKPBF8ALaCew&utm_medium=api&utm_source=25f3af84&v=FD6B6B3F554FF65D7B1A393443B62896F7649B31
NL,Java Software Engineer,YorTeam B.V.,Nederland,,,,,0,IT ICT vacatures,"This team handles user access across critical systems. When identity works, everything else can too. Here’s what the role looks like: This team guards the digital front door. From secure logins to federated access across platforms, they build and maintain the systems that keep identity flows running safely and reliably. The focus? A critical PING environment used across the bank. The stack includes PING Federation and PING Access, with Java-based integrations that connect to wider systems. You’…",2025-05-24T09:28:33Z,Onsite,https://www.adzuna.nl/land/ad/5213957538?se=spX2FYE48BGKPBF8ALaCew&utm_medium=api&utm_source=25f3af84&v=AA3B7D636B76BD984A36911BAB452F7C9CED3300
NL,Propositie Ontwikkelaar,Veldsink Groep,"Eindhoven, Noord-Brabant",,,,,0,Unknown,"Propositie Ontwikkelaar – Nuenen 32/40 uur Ben jij klaar voor een nieuwe uitdaging in een innovatieve werkomgeving? Binnen de afdeling Data, IT en Development (DID), onderdeel van het grootste onafhankelijke familiebedrijf in de branche, werk je samen met enthousiaste collega’s aan baanbrekende digitaliserings- en automatiseringsprojecten. Wij bieden jou de ruimte om je ambities waar te maken en jezelf verder te ontwikkelen in een organisatie die vooruitstrevend en dynamisch is. Jouw job Als Pr…",2025-05-24T09:28:33Z,Onsite,https://www.adzuna.nl/land/ad/5213957542?se=spX2FYE48BGKPBF8ALaCew&utm_medium=api&utm_source=25f3af84&v=6D13BCE7693F3E2DD922A584D3365A9C4F37CCEB
NL,Lapidarists and Senior Enterprise Architects.,Mongoose Gray,Nederland,,,,,0,IT ICT vacatures,"There are 2 versions of this ad. Below is the anaemic version. Bonus points if you can find the more analeptic version. And provide proof of your quest. Good luck! The Senior Enterprise Architect will work at an industry disruptor in The Hague. The Senior Enterprise Architect will earn up to €100,000 per annum. The Senior Enterprise Architect will have first-class knowledge of ArchiMate, TOGAF, Zachman or similar. The Senior Enterprise Architect will be familiar with at least one cloud platform…",2025-05-24T09:28:33Z,Onsite,https://www.adzuna.nl/land/ad/5213957558?se=spX2FYE48BGKPBF8ALaCew&utm_medium=api&utm_source=25f3af84&v=9B60BE01B4730E96535FD490A0065DE2A0E36B6D
NL,Machine Learning Engineer,Selby Jennings,Nederland,,,,,0,Accounting en Financiële vacatures,"We are looking for a talented Machine Learning Engineer to join our team and help develop next generation of AI-driven trading strategies in Amsterdam. Job Description Develop, train and optimize deep learning models for financial and market prediction. Analyze large-scale market data to uncover trading opportunities. Collaborate with other teams and colleagues such as traders, data scientists, and software engineers to integrate models into live trading systems. Continuously monitor model perf…",2025-05-24T09:28:33Z,Onsite,https://www.adzuna.nl/land/ad/5213957554?se=spX2FYE48BGKPBF8ALaCew&utm_medium=api&utm_source=25f3af84&v=4518A53E3AC23BF3EC242375734F8F8BB9668407
NL,"Azure Data Engineer – Databricks, Python | Amsterdam, Hybrid | Mid - Senior Level",Poreion,"Amsterdam, Noord-Holland",,,,,0,Unknown,"About the Company This company is quietly transforming how millions of people secure their financial future, reshaping a traditionally conservative industry through innovation and sustainability. They are recognized for their commitment to responsible investing consistently scoring high on ESG (Environmental, Social, Governance) benchmarks. Ranked among the top workplaces worldwide for sustainability and performance. With the migration to Azure data platform nearly complete, they are now hiring…",2025-05-24T09:28:29Z,Onsite,https://www.adzuna.nl/land/ad/5213957471?se=spX2FYE48BGKPBF8ALaCew&utm_medium=api&utm_source=25f3af84&v=14A52855637EC119C94319282DBFC66E70C14956
NL,Specialist eCommerce,Telco Accessories Group,Nederland,,,,,0,Bouwkunde vacatures,"Telco Accessories Group (TAG) , de naam achter de succesvolle retailmerken Xtorm, Gecko Covers, Cazy, LINQ en Just in Case. Sinds 2008 ontwikkelen, distribueren en verkopen wij hoogwaardige mobiele accessoires gericht op het gespecialiseerd- en premium marktsegment in de consumentenelektronica. Ondersteund door een professioneel marketing- en productontwikkelingsteam, ervaren kanaalgericht B2C/B2B-verkoopteam en D2C (eCommerce) team dat alle competenties omvat om merken digitaal te laten groeie…",2025-05-24T09:28:26Z,Onsite,https://www.adzuna.nl/land/ad/5213957406?se=spX2FYE48BGKPBF8ALaCew&utm_medium=api&utm_source=25f3af84&v=26386EC5922727EC7D7D393D78219F066D9C31ED
NL,HEOR Contractor,Discover International,"Veldhoven, Noord-Brabant",,,,,0,Unknown,"For one of our clients' we are currently looking for HEOR Consultant for a long-term contract. Deliverables: Develop and adapt health economic and budget impact models. Lead or contribute to the execution of comprehensive HEOR programs aligned with commercial and market access strategies. Generate and communicate payer evidence strategies and deliverables, including economic models, resource data collection, real-world evidence studies, patient-reported outcomes, and statistical analyses. Integ…",2025-05-24T09:28:25Z,Onsite,https://www.adzuna.nl/land/ad/5213957401?se=spX2FYE48BGKPBF8ALaCew&utm_medium=api&utm_source=25f3af84&v=E94BADE41F08259B74A1ED57FC7EF99B21CFC821
NL,Talent Partner,WeAreKeen | Talent Partners,Nederland,,,,,0,Personeelszaken Human Resources vacatures,"Over WeAreKeen WeAreKeen is de embedded recruitment partner die snelgroeiende techbedrijven in Europa helpt top talent aan zich te binden. Onze ervaren talent partners werken nauw samen met de inhouse recruitment teams om hen van binnen uit te versterken. Hiermee versnellen we de groei voor bedrijven zoals Mollie, Adyen, SITA, Just Eat Takeaway, Miro, Rabobank, FLYR, Backbase en Bitvavo. Met ons kantoor op de Brouwersgracht zijn we een hechte, internationale en diverse community, in het hart va…",2025-05-24T09:27:59Z,Onsite,https://www.adzuna.nl/land/ad/5213957241?se=spX2FYE48BGKPBF8ALaCew&utm_medium=api&utm_source=25f3af84&v=EEC7188AF6B9A76356BD256964884B86B8728945
NL,Senior Software Developer,Blackware B.V,Nederland,,,,,0,Unknown,Over ons Blackware ontwikkelt innovatieve oplossingen voor haar afnemers. Dat zijn voornamelijk productiebedrijven. Met de door Blackware ontwikkelde applicaties wordt de productie efficiënt aangestuurd. En met de data die wordt verzameld tijdens productie geeft Blackware de klant inzicht in de performance van de productie en de kwaliteit van het eindproduct en de het productieproces. Jouw rol Als (senior) software developer ben je verantwoordelijk voor het ontwikkelproces van Blackware en klan…,2025-05-24T09:27:59Z,Onsite,https://www.adzuna.nl/land/ad/5213957246?se=spX2FYE48BGKPBF8ALaCew&utm_medium=api&utm_source=25f3af84&v=A079ED5D22B887FD50ED75F345A4F6F69B3BA824
NL,ONE Graduate Analytics Accelerator,ONE-Consultants,Nederland,,,,,0,IT ICT vacatures,"Ready to deliver NextGen Enterprise Analytics/AI and apply your process/consulting skills with large, leading European enterprises? ONE is on a mission to invest in and grow our NextGen ONE-Consultants team. You will assist our portfolio of leading European enterprises in making significant strides toward establishing a business data fabric or data mesh setup using SAP Datasphere. This setup will accelerate the development of SAP data products and AI, enabling rapid responses to evolving busine…",2025-05-24T09:27:58Z,Onsite,https://www.adzuna.nl/land/ad/5213957219?se=spX2FYE48BGKPBF8ALaCew&utm_medium=api&utm_source=25f3af84&v=7B1E7883C98FB5835F10DB984172A0D5869AE00D
NL,Adviseur Inkomensverzekeringen,AP Support,Nederland,,,,,0,Unknown,"Functieomschrijving: Ben jij dé adviseur die werkgevers écht verder helpt bij complexe vraagstukken zoals arbeidsongeschiktheid, verzuim en inkomenszekerheid? Combineer jij commercieel talent met inhoudelijke kennis én een drive voor digital sales? Dan zijn wij op zoek naar jou! Als binnendienst adviseur inkomensverzekeringen adviseer jij MKB-ondernemers (tot 50 medewerkers) over het verzekeren van arbeidsongeschiktheidsrisico’s zoals WIA en WGA ERD. Je helpt klanten om grip te krijgen op verzu…",2025-05-24T09:27:57Z,Onsite,https://www.adzuna.nl/land/ad/5213957181?se=spX2FYE48BGKPBF8ALaCew&utm_medium=api&utm_source=25f3af84&v=14B157AED04A4ED4FC0875FBCF56F9D16E775122
NL,Marketingconsultant,JOBR.,Nederland,,,,,0,IT ICT vacatures,"Word jij de spil in marketingprojecten voor merken als Microsoft, Apple en HP en weet jij campagnes tot een strategisch succes te brengen? Ga aan de slag als Marketing Consultant! Als Marketing Consultant ben jij de drijvende kracht achter creatieve en effectieve marketingcampagnes die écht het verschil maken. Met een scherp oog voor data en strategie geef je de groei in de Benelux-regio een flinke boost. Samen met een energiek team van vijf Marketing Consultants bedenk en realiseer je campagne…",2025-05-24T09:27:57Z,Onsite,https://www.adzuna.nl/land/ad/5213957169?se=spX2FYE48BGKPBF8ALaCew&utm_medium=api&utm_source=25f3af84&v=73A3C138BC01B8CC9327B59DB172E263587A7DF0
NL,iOS Developer (Dutch Speaker),US3 Consulting,Nederland,,,,,0,IT ICT vacatures,"Role Description: We are looking for a seasoned iOS Developer to join our team in Amsterdam. You will be responsible for designing and building advanced applications for the iOS platform, working closely with cross-functional teams to define, develop, and ship new features. This role requires strong leadership in architecture design, legacy migration, and technical troubleshooting. Key Responsibilities: Design and build advanced iOS applications using Swift and SwiftUI Lead the migration of leg…",2025-05-24T09:27:56Z,Onsite,https://www.adzuna.nl/land/ad/5213957132?se=spX2FYE48BGKPBF8ALaCew&utm_medium=api&utm_source=25f3af84&v=6C4C42444CAC3C3F089268D7255FCFBA983981CE
NL,International Financial Controller,JEK recruitment B.V.,Nederland,,,,,0,Unknown,"International Finance Controller  Utrecht, Netherlands  Full-time | Hybrid | 3-4 days in office Salary 65-75k  2ndary Benefits About the Role A dynamic and growing international organization is seeking a sharp and detail-oriented Finance Controller to join its Global Team, based in Utrecht. This is a critical role that supports senior finance leadership with insights and analysis to drive key decisions across global operations. If you thrive in a fast-paced, collaborative environment and enjoy …",2025-05-24T09:27:56Z,Hybrid,https://www.adzuna.nl/land/ad/5213957140?se=spX2FYE48BGKPBF8ALaCew&utm_medium=api&utm_source=25f3af84&v=222272AB8603A0A07431BBC60E1A29FD56EA0E67
NL,Desktop Support Specialist,Sharp Brains,Nederland,,,,,0,Creatieve Design vacatures,"Role: End User Computing (Desktop Analyst) L1-Onsite services Experience/Skills: ● 2-4 years of experience in Onsite support ● Knowledge and experience on windows 10/11 OS ● Manage Desktop Devices (hardware, software and connectivity) incidents through to resolution. ● Manage IMAC and desk side support services. ● Manage hard and soft break fix services for laptops and desktops. ● Provide standard and approved hardware and software (operating systems and standard office applications) support an…",2025-05-24T09:27:55Z,Onsite,https://www.adzuna.nl/land/ad/5213957093?se=spX2FYE48BGKPBF8ALaCew&utm_medium=api&utm_source=25f3af84&v=EAB564F154B32A49A1C99F406F670DB890EED45F
NL,Technical Lead,Shaw Daniels Solutions,Nederland,,,,,0,Unknown,"Tech Lead About Our Client Our client helps customers worldwide optimise their remote operations through advanced hybrid networks and digital technologies. With over 1,500 employees across 30 countries, they serve sectors such as maritime, energy, and humanitarian services, fostering a culture of innovation and continuous development. Role Overview The Tech Lead for the Commercial Platform bridges the gap between business and technology, ensuring alignment between product vision and technical e…",2025-05-24T09:27:55Z,Remote,https://www.adzuna.nl/land/ad/5213957100?se=spX2FYE48BGKPBF8ALaCew&utm_medium=api&utm_source=25f3af84&v=56055E920CF2D6437D7A991BD85240F9AA78D108
NL,Innovation Manager,Vivid Resourcing,Nederland,,,,,0,Accounting en Financiële vacatures,"What will you do? As a Digital Business Innovator, you will transform our business processes by leveraging digitalization and AI. You will work at the heart of our organization, making a measurable impact on the quality and efficiency of our services. Your role is to make your colleagues’ work more enjoyable, efficient, and effective by helping them fully utilize new digital opportunities. You will actively follow the latest developments in digitalization and AI and guide colleagues from concep…",2025-05-24T09:27:55Z,Onsite,https://www.adzuna.nl/land/ad/5213957085?se=spX2FYE48BGKPBF8ALaCew&utm_medium=api&utm_source=25f3af84&v=F3B0AD7AC5BA16F174BEDA54A2965E02A30165C4
NL,Cloud Engineer (€7-11k p/m),Citrus,Nederland,,,,,0,IT ICT vacatures,"*Fluency in DUTCH (C1 / C2) is REQUIRED for this position* Cloud (AWS, GC & AZURE) / DevOps engineers opgelet! Ben jij een gedreven Cloud Engineer met passie voor de nieuwste platform technieken zoals bijvoorbeeld Kubernetes & Docker ? Bij Citrus hebben we de meest uitdagende opdrachten voor Cloud Engineers zoals jij! Of je nu wilt schitteren in high-end security teams of als DevOps Engineer aan de wieg wilt staan van een nieuw data platform, wij vinden voor jou de perfecte match.  OVER JOU Bij…",2025-05-24T09:27:55Z,Onsite,https://www.adzuna.nl/land/ad/5213957095?se=spX2FYE48BGKPBF8ALaCew&utm_medium=api&utm_source=25f3af84&v=F85A1FF91501F0093B3CB7DF07D85953101740A0
NL,Data engineer,Datagrid,Nederland,,,,,0,IT ICT vacatures,"Wat ga je doen als Data Engineer? In deze rol ben jij verantwoordelijk voor het ontwerpen, ontwikkelen en beheren van complexe datasystemen. Je zorgt ervoor dat data toegankelijk, betrouwbaar en bruikbaar wordt gemaakt voor organisaties. Dit zijn enkele van je belangrijkste verantwoordelijkheden: Structureren, opschonen en analyseren van grote datasets. Ontwikkelen van slimme algoritmen en het herkennen van datapatronen. Creëren van efficiënte API’s en oplossingen om data bruikbaar te maken voo…",2025-05-24T09:27:55Z,Onsite,https://www.adzuna.nl/land/ad/5213957106?se=spX2FYE48BGKPBF8ALaCew&utm_medium=api&utm_source=25f3af84&v=3DE6CDAB9AA1D541FE584B4240EEF66A95050C41
NL,Product Owner,Landal,Nederland,,,,,0,Unknown,"Are you contributing to the HR future at Landal? At Landal, we believe that people make the difference. Every day, over 6,000 colleagues work hard to provide our guests with an unforgettable holiday experience. To optimally support them, we are building a modern, future-proof HR organization at Landal. We are in the process of harmonizing processes and systems, with the central project being the implementation of the HR platform, Workday. A foundation has been laid. Now, we are looking for a Pr…",2025-05-24T09:27:55Z,Onsite,https://www.adzuna.nl/land/ad/5213957090?se=spX2FYE48BGKPBF8ALaCew&utm_medium=api&utm_source=25f3af84&v=08A55D69F27824ECFEF7E56C263F159B66CAC8C6
NL,Senior Web Analist (Interim),HVEG Fashion Group,Nederland,,,,,0,Unknown,"Wie zijn wij? HVEG Fashion Group, opgericht in 1989, is een internationale groep modebedrijven met een gezamenlijke omzet van circa €300 miljoen. Wij bieden: Merken en licenties: Gericht op zowel B2B- als B2C-kanalen in diverse productgroepen. Private labels: Gebaseerd op langdurige partnerships met toonaangevende (r)etailers, hypermarkten en drogisterijen. Onze specialisaties: Ontwerp, ontwikkeling, inkoop en verkoop van private label mode voor dames, heren, kinderen en baby’s. Accessoires en …",2025-05-24T09:27:54Z,Onsite,https://www.adzuna.nl/land/ad/5213957067?se=spX2FYE48BGKPBF8ALaCew&utm_medium=api&utm_source=25f3af84&v=B02E7CA1C353602A7B7FC232619C610DAC32B021
NL,Technical Writer,Target | the career company,Nederland,,,,,0,Unknown,"Ben jij een Technisch Schrijver die wil groeien in zijn vak en in een groot team met experts wil werken? Wil jij werken aan complexe machines en zoek jij de uitdaging vooral in de inhoud van het werk? Dan is de functie van Technical Writer de vervolgstap voor jou! Functieomschrijving Om te bepalen welke technische gebruikersinformatie nodig is, analyseer je de machine met een technisch oog. Zo begrijp je welke functies beschreven moeten worden en welke bestaande informatie hergebruikt kan worde…",2025-05-24T09:27:54Z,Onsite,https://www.adzuna.nl/land/ad/5213957073?se=spX2FYE48BGKPBF8ALaCew&utm_medium=api&utm_source=25f3af84&v=ED7503E053EDE8F82C731ACFABAC866C01F3E9D5
NL,Software Test Engineer Signal Processing,Trinamics,Nederland,,,,,0,Unknown,"Wij zoeken een ervaren Software Tester om onze klant in Breda te komen versterken. Onze klant begrijpt dat innovatie en precisie cruciaal zijn voor de vooruitgang in de automotive-, luchtvaart- en R&D-sectoren. Zij spelen een essentiële rol bij het valideren en verbeteren van hightech-oplossingen om ervoor te zorgen dat deze aan de hoogste standaarden voldoen. Door met hen samen te werken, krijg je toegang tot de nieuwste technologieën en expertise, zodat jouw organisatie voorop blijft lopen in…",2025-05-24T09:27:54Z,Onsite,https://www.adzuna.nl/land/ad/5213957078?se=spX2FYE48BGKPBF8ALaCew&utm_medium=api&utm_source=25f3af84&v=953E2991F2C71206CEA39ECBB9AFFD0119E18B2C
NL,Privacy Officer,One2grow,Nederland,,,,,0,Accounting en Financiële vacatures,"Privacy Officer | 32 – 40 uur | Nijmegen In het kort Salarisindicatie Bruto salaris €3.380,- €5.633,- afhankelijk van ervaring Dienstverband Jaarcontract, uitzicht op vast dienstverband Minimale educatie hbo-bachelor Vakgebied Proces l Optimalisatie Ben jij een expert in privacy en gegevensbescherming en klaar om een cruciale rol te spelen binnen een vooruitstrevende organisatie? Wij zoeken een privacy officer met een helikopterview over de verschillende afdelingen om daar het proces te verbete…",2025-05-24T09:27:54Z,Onsite,https://www.adzuna.nl/land/ad/5213957062?se=spX2FYE48BGKPBF8ALaCew&utm_medium=api&utm_source=25f3af84&v=29DCAB60D5DA50050F90F06594A7DF791B79BCD5
NL,E-Commerce stagiair,Iglo Nederland ,Nederland,,,,,0,Horeca en Catering vacatures, E-Commerce Stage bij Iglo Nederland!  Utrecht – hybride – 6 maanden - 32-40 uur per week - vanaf augustus 2025 Word jij onze nieuwe E-Commerce stagiair? Start jouw carrière bij Iglo Nederland vanaf augustus 2025! Iglo Nederland is onderdeel van dé grootste vriesvers fabrikant in Europa; Nomad Foods . Het is onze missie om de consument te helpen bij het invullen van gezondere en lekkere maaltijdkeuzes . In andere woorden: we geven consumenten ‘gemak’ zonder daarbij in te leveren op lekker vers …,2025-05-24T09:27:52Z,Hybrid,https://www.adzuna.nl/land/ad/5213957010?se=spX2FYE48BGKPBF8ALaCew&utm_medium=api&utm_source=25f3af84&v=D7234F9ADE02E00129A2C2FB9C0AC1E866B72D58
NL,Business Controller,Kitech Recruitment B.V. - Engineers,Nederland,,,,,0,Unknown,"Ben jij een analytische en resultaatgerichte Business Controller die moeiteloos schakelt tussen operatie, commercie en financiën? Wil je als Business Controller werken in een dynamische, technische projectomgeving met veel groei en innovatie? Dan is dit jouw kans! Over de functie Als Business Controller ben je dé drijvende kracht achter het analyseren en optimaliseren van bedrijfsprocessen en projecten. Je gaat nauw samenwerken met afdelingen zoals productie, engineering en service en identific…",2025-05-24T09:27:51Z,Onsite,https://www.adzuna.nl/land/ad/5213957001?se=spX2FYE48BGKPBF8ALaCew&utm_medium=api&utm_source=25f3af84&v=7B84D83E226A813E4AB4496FFEDA83C64E35AAC3
NL,Technical Team Lead,SOURCE.ME,"Veldhoven, Noord-Brabant",,,,,0,Unknown," Freelance Technical Team Lead – Distributed Systems / Infra  Remote-first (NL based preferred) |  €95–100/hr |  Start: ASAP I’m looking for a freelance Technical Team Lead to support a high-performing engineering team working on a real-time, high-throughput platform. This isn’t a coding role, you’ll provide system-level guidance, technical leadership, and architectural clarity to help scale a complex, low-latency environment handling millions of time-sensitive transactions.  You’ll Bring: Expe…",2025-05-24T09:27:51Z,Remote,https://www.adzuna.nl/land/ad/5213957004?se=spX2FYE48BGKPBF8ALaCew&utm_medium=api&utm_source=25f3af84&v=DA8E518138498C6AF156DC68CFA74BAD78656712
NL,Marketing Automation Specialist,Canon Medical Systems Europe,Nederland,,,,,0,Unknown,"Marketing Automation Specialist Full time 40 hours Hybrid Are you a digital marketer with a passion for marketing automation, campaign performance, and lead generation? Join our Marketing team as a Marketing Automation Specialist, where you'll drive the execution of marketing campaigns across Europe using Salesforce Marketing Cloud Engagement (Pardot). You'll collaborate with country and modality teams to optimize campaign performance, track lead follow-up, and improve digital engagement across…",2025-05-24T09:27:51Z,Hybrid,https://www.adzuna.nl/land/ad/5213956990?se=spX2FYE48BGKPBF8ALaCew&utm_medium=api&utm_source=25f3af84&v=3F0E13600135B0F2C13DDC0E1E2AFCEF11B6231B
NL,Software Designer,TESTQ Technologies Limited,Nederland,,,,,0,IT ICT vacatures,"The main deliverables for the project are: Financial Domain: • Assistance in several finance modules that share a common technical platform. This platform is based on a modular architecture composed of 4 layers: • Data provisioning, centered around Wallstreet Suite (WSS) banking software and using Denodo for Data Virtualization, • A Python platform (Standalone Python Solution) for the data processing and computation, • A storage solution for output data (using Oracle database), • Extended UI ca…",2025-05-24T09:27:51Z,Onsite,https://www.adzuna.nl/land/ad/5213956992?se=spX2FYE48BGKPBF8ALaCew&utm_medium=api&utm_source=25f3af84&v=224C3093AA4706003AE69C6A3359FF4B2762BFD3
NL,Product and Commercial Data Specialist,Wavin Nederland - een Orbia business,Nederland,,,,,0,Vacatures Ander of Algemeen,"Kom bij Orbia Building & Infrastructure (Wavin): Waar een doel tot leven komt. Waar jouw ideeën bijdragen aan een betere wereld en jouw rol impact maakt! Jij bent gedreven door een doel. Gericht op groei. Klaar om je potentieel te vergroten. Welkom bij Orbia Building & Infrastructure (Orbia B&I), Wavin, - waar ons doel om het leven in de hele wereld te verbeteren ons volledige wereldwijde team motiveert. Elke dag denken we groot en werken we slim om enkele van de moeilijkste uitdagingen aan te …",2025-05-24T09:27:51Z,Onsite,https://www.adzuna.nl/land/ad/5213956987?se=spX2FYE48BGKPBF8ALaCew&utm_medium=api&utm_source=25f3af84&v=88961BC919FE9AA5B1157CC43AEBBDE72BA94E62
NL,SAP BTP,Bytehire Solutions,Nederland,,,,,0,IT ICT vacatures,"SAP BTP – 8 months – Amsterdam – Start June We are looking for an expert in S4HANA, broad in the field of data in SAP. Knowledge of datasphere as extraction tooling to Azure data platform. (Technically it is already there). Data modeling (preferably general but S4hana is also good). If he/she has BW and associated ETTL knowledge even better. And Sap view browser. He/she will open up S4HANA for data modeling and reporting in Azure, the linking pin. Extension will be for phase 2. Project: Start: …",2025-05-24T09:27:51Z,Onsite,https://www.adzuna.nl/land/ad/5213957005?se=spX2FYE48BGKPBF8ALaCew&utm_medium=api&utm_source=25f3af84&v=480B42F851E21AF8AE740F91CE3F42BE9951EBFE
NL,SAP Data Migration Specialist,Callisto Web Solutions B.V.,"Veldhoven, Noord-Brabant",,,,,0,IT ICT vacatures," We're Hiring: Data Migration Specialist (S/4HANA)  Remote – Work from anywhere in Europe ( However if required need to travel to clients place during critical milestones )  Contract: 12 months We are looking for a highly experienced Data Migration Specialist to lead a critical SAP ECC to S/4HANA transformation. This is an exciting opportunity to work on a complex migration using the Bluefield approach, collaborating with top-tier stakeholders across Europe. If you have deep expertise in SAP da…",2025-05-24T09:27:51Z,Remote,https://www.adzuna.nl/land/ad/5213956997?se=spX2FYE48BGKPBF8ALaCew&utm_medium=api&utm_source=25f3af84&v=35DBA8E4FA508AF6405B740B0B8BE3BFC565ACE7
NL,Regional Sales Manager – Technical Solutions for Automotive Accessibility,European Tech Recruit,"Veldhoven, Noord-Brabant",,,,,0,Unknown,"Regional Sales Manager – Technical Solutions for Automotive Accessibility Drive Growth. Lead Teams. Expand Impact. We’re seeking a dynamic and strategic Regional Sales Manager to lead our regional sales team across European markets (mostly Germany and Benelux) If you have a strong background in automotive component sales or vehicle adaptations, coupled with leadership experience in technical sales, this could be the perfect fit. What You’ll Do: Lead, mentor and support a high-performing regiona…",2025-05-24T09:27:51Z,Onsite,https://www.adzuna.nl/land/ad/5213956996?se=spX2FYE48BGKPBF8ALaCew&utm_medium=api&utm_source=25f3af84&v=556DF4EB139A77F2294CBC55F87EC7DE76F26578
NL,HR-adviseur,SaamWen,"Veldhoven, Noord-Brabant",,,,,0,Unknown,Voor SaamWen zijn wij op zoek naar een enthousiaste HR adviseur (24-32 uur) om onze HR processen te verbeteren en nieuwe projecten op te starten. SaamWen is een dynamische organisatie met veel jonge medewerkers. Wij willen met HR collega’s laten ontwikkelen en een prettige werkomgeving borgen. We hebben op dit moment ongeveer 400 collega’s die verspreid werken over onze drie Jumbo winkels in het Gooi en Vechtstreek. Wie ben jij? Jij bent ondernemend en ziet kansen. Je werkt nauwkeurig en gestru…,2025-05-24T09:27:50Z,Onsite,https://www.adzuna.nl/land/ad/5213956973?se=spX2FYE48BGKPBF8ALaCew&utm_medium=api&utm_source=25f3af84&v=807CF061646000165E032E217A1A51EA2B9F826D
NL,Relatiemanager regio Zuid,Data B. Mailservice B.V.,Nederland,,,,,0,IT ICT vacatures,"Relatiemanager Regio Zuid Ben jij iemand die moeiteloos duurzame klantrelaties opbouwt en onderhoudt? Weet jij als geen ander hoe je informatie op een begrijpelijke manier overbrengt? En heb je affiniteit met digitale producten en omnichannel communicatie? Dan komen we graag met je in contact! Data B. Mailservice is op zoek naar een gedreven, proactieve en nieuwsgierige Relatiemanager voor de regio Zuid die ons salesteam komt versterken. Wat ga je doen: Als Relatiemanager bij Data B. Mailservic…",2025-05-24T09:27:50Z,Onsite,https://www.adzuna.nl/land/ad/5213956965?se=spX2FYE48BGKPBF8ALaCew&utm_medium=api&utm_source=25f3af84&v=08CEE6A6F7FE7532A964F5686CCE78AD1B8D0BD3
NL,Hoofd kwaliteit,Topaas Metaal B.V.,Nederland,,,,,0,Unknown,"Zoek je een plek waar kwaliteit geen afdeling is, maar een mentaliteit? Heb jij een scherp oog voor kwaliteit en zie je fouten voordat ze ontstaan? En geniet jij ervan om op vrijdag een halve dag te werken en extra lang van je weekend te genieten? Check dan snel deze vacature bij Topaas Metaal in Hengelo. Topaas Metaal maakt fijnmechanische onderdelen voor sectoren zoals defensie, semicon, medische technologie en machinebouw, daar ligt de specialisatie van Topaas. Wat Topaas bijzonder maakt, is…",2025-05-24T09:27:49Z,Onsite,https://www.adzuna.nl/land/ad/5213956953?se=spX2FYE48BGKPBF8ALaCew&utm_medium=api&utm_source=25f3af84&v=D53D75DE8A38560B76D97691DD1AF6BB096F2EBD
NL,FPGA/Firmware Engineer,Trinamics,"Veldhoven, Noord-Brabant",,,,,0,Unknown,"Job Opening: FPGA/Firmware Engineer – Help Shape the Future of Satellite Communication! Are you a passionate FPGA/Firmware Engineer with a love for technology and space? Do you want to work on innovative high-tech solutions that support the development, testing, and operation of satellites? Then we’ve got an exciting opportunity for you! What will you do? As an FPGA/Firmware Engineer, you’ll work at the heart of our products, including data processing systems and optical modems. You’ll be respo…",2025-05-24T09:27:48Z,Onsite,https://www.adzuna.nl/land/ad/5213956943?se=spX2FYE48BGKPBF8ALaCew&utm_medium=api&utm_source=25f3af84&v=6A8F7D6236A699EF7E81772C4B94C8636B2A5DEC
NL,Senior Software Engineer C++/Python,Liemur Limited,"Veldhoven, Noord-Brabant",,,,,0,Unknown,"Senior Software Engineer, Modern C++, Python You are looking for a job where you can fully use your technical skills by working on innovative and challenging projects. Different areas are open for you such as advanced healthcare, autonomous driving, object detection with smart sensors or wireless communication solution. In short you will be working on state of the art R&D projects. You are motivated to be part of a company offering attractive assignments, personal support and an open and inform…",2025-05-24T09:27:48Z,Onsite,https://www.adzuna.nl/land/ad/5213956937?se=spX2FYE48BGKPBF8ALaCew&utm_medium=api&utm_source=25f3af84&v=6EC0FC4F29CDB32F2931E1D78D57C5FE87571682
NL,Creative Automation Specialist,Cape - Creative and campaign automation,Nederland,,,,,0,Creatieve Design vacatures,"We are Cape We power modern advertising with the speed and intelligence today’s brands, agencies, and advertisers need. As part of Peach since 2022, we combine Cape’s cutting-edge campaign automation with Peach’s global video distribution network, giving marketers the tools to launch smarter campaigns, faster and at scale. With headquarters in Amsterdam and London and offices around the world, our teams work across borders to support leading brands and agencies. We’re now hiring in Amsterdam an…",2025-05-24T09:27:48Z,Onsite,https://www.adzuna.nl/land/ad/5213956941?se=spX2FYE48BGKPBF8ALaCew&utm_medium=api&utm_source=25f3af84&v=0A2C36794BE13D5CD49B3CB6C1CD6A32E8AF9CB7
NL,QC Sample management Specialist,Hobson Prior,Nederland,,,,,0,Vacatures Ander of Algemeen,"Be the critical first-link in breakthrough science! This position as QC Sample Management Specialist is your next way to help ensure every biotech discovery starts with precision! Hobson Prior is seeking a proactive QC Sample Management Specialist to join our client's quality control team for a 12 month contract based in Leiden, Netherlands. You will play a crucial role in managing samples and ensuring smooth operations within our quality control activities. This position involves coordinating …",2025-05-24T09:27:48Z,Onsite,https://www.adzuna.nl/land/ad/5213956933?se=spX2FYE48BGKPBF8ALaCew&utm_medium=api&utm_source=25f3af84&v=4D2DB879632DB6A930D03D7500D6D6444D2DC505
NL,iOS Developer - Dutch Speaker,Intuition IT – Intuitive Technology Recruitment,"Amsterdam, Noord-Holland",,,,,0,Unknown,"Role: iOS developer - Dutch Speaker Project Location: Amsterdam, Netherlands (Onsite / Hybrid – 2 to 3 days in week must visit office) Project Type: Contract Role Description: Design and build advanced applications for the iOS platform Collaborate with cross-functional teams to define, design, and ship new features Ensure the performance, quality, and responsiveness of applications Identify and correct bottlenecks and fix bugs Help maintain code quality, organization, and automatization Partici…",2025-05-24T09:27:48Z,Hybrid,https://www.adzuna.nl/land/ad/5213956945?se=8GHmFoE48BG0wAyeaCZXLA&utm_medium=api&utm_source=25f3af84&v=96C9C3F654E8690F10A1A14EEE3BF6CF67F8BF38
NL,AI Engineer,Foxtek,"Amsterdam, Noord-Holland",,,,,0,IT ICT vacatures,"Are you an AI & ML Engineer who thrives on building intelligent systems and developing cutting-edge machine learning models? This is your chance to join an innovative organization where your expertise will shape the future of AI-driven solutions! You’ll have the freedom to experiment, deploy, and optimize models while working alongside top-tier engineers and business leaders. What You’ll Be Doing: Designing and implementing machine learning models and AI algorithms. Developing scalable, product…",2025-05-24T09:27:47Z,Onsite,https://www.adzuna.nl/land/ad/5213956929?se=8GHmFoE48BG0wAyeaCZXLA&utm_medium=api&utm_source=25f3af84&v=0CB5A083F33666A92AA9F4F5A28147862C8056D4
NL,Mendix Business Consultant,Axians NL,Nederland,,,,,0,IT ICT vacatures,"Mendix Business Consultant (Junior/Medior) Is jouw HBO of WO diploma in de pocket? Helemaal klaar om het bedrijfsleven in te stappen, maar nog niet helemaal klaar met leren? Interesse (of al wat ervaring) om de low code kant op te gaan? Dan zijn wij op zoek naar jou! Dit bieden wij jou Bij Axians werk je in een lokaal hecht team en heb je toch ook de voordelen van werken in een grote internationale organisatie; we vinden jouw persoonlijke ontwikkeling erg belangrijk en bieden hier volop mogelij…",2025-05-24T09:27:47Z,Onsite,https://www.adzuna.nl/land/ad/5213956924?se=8GHmFoE48BG0wAyeaCZXLA&utm_medium=api&utm_source=25f3af84&v=68697337E9ED39BCA2EFFAB30A20DDC81F969EA3
NL,Senior Power Platform Consultant,Axians NL | Data Analytics,Nederland,,,,,0,IT ICT vacatures,"Senior Power Platform Consultant DE WERELD VAN: Data Analytics Als jij gepassioneerd bent om samen met klanten hun visie om te zetten in een innovatief applicatielandschap, dan is Axians de perfecte plek voor jou. Wij leggen je graag uit waarom: Dit bieden wij jou Bij Axians werk je in een lokaal hecht team en heb je toch ook de voordelen van werken in een grote internationale organisatie; we vinden jouw persoonlijke ontwikkeling erg belangrijk en bieden hier volop mogelijkheden voor. En verder…",2025-05-24T09:27:47Z,Onsite,https://www.adzuna.nl/land/ad/5213956923?se=8GHmFoE48BG0wAyeaCZXLA&utm_medium=api&utm_source=25f3af84&v=B9C8437FD98756DCEFC143D7F63E7AFC4CFAE765
NL,Principal Weight Control Engineer,Hanwha Ocean,Nederland,,,,,0,Unknown,"Hanwha Ocean is undergoing a transformative journey, evolving from a traditional shipbuilder into a comprehensive Engineering, Procurement, Construction, Installation, and Operation (EPCI(O)) solutions provider, offering products such as FPSO, FLNG, Offshore Renewables and other Floating Production Units. The Offshore Business Division is proud to announce the establishment of new Global Business Centers marking a significant milestone in our journey toward becoming a project-centric and client…",2025-05-24T09:27:26Z,Onsite,https://www.adzuna.nl/land/ad/5213956859?se=8GHmFoE48BG0wAyeaCZXLA&utm_medium=api&utm_source=25f3af84&v=61190BE1CD83574D604CBF4D45275F79DF4C82F4
NL,Test Engineer,Raaak Personeel,"Schijndel, Noord-Brabant",,,,,0,Bouwkunde vacatures,"Samenvatting Word Test Engineer in Veghel en waarborg innovatie en kwaliteit. Verdien tot €2.800,- per maand. Neem de stap naar een uitdagende carrière en solliciteer direct! Dit ga je doen Als Test Engineer ben je de spil in het testen en verbeteren van onze producten. Je bent verantwoordelijk voor het volledig en nauwkeurig testen voordat deze de markt op gaan. Jouw analytische vaardigheden en oog voor detail zorgen ervoor dat onze producten voldoen aan de hoogste standaarden. Een gemiddelde …",2025-05-24T08:58:35Z,Onsite,https://www.adzuna.nl/details/5213937356?utm_medium=api&utm_source=25f3af84
NL,Industrial Electrician,Envases BV,"Halsteren, Bergen op Zoom",,,,,0,Bouwkunde vacatures,"Industrial Electrician Electrical Technician An electrical technician is responsible for installing, maintaining, repairing, and troubleshooting electrical systems and equipment within our factory in Horst. The duties can vary, but generally include the following: Preparation of the worksite Performing maintenance schedules Maintaining machinery log books Keeping machinery and tools clean, organized, and maintained Installation and maintaining of electro technical products and systems Determini…",2025-05-24T08:58:33Z,Onsite,https://www.adzuna.nl/details/5213937325?utm_medium=api&utm_source=25f3af84
NL,Senior Infrastructure Engineer,ASML,"Veldhoven, Noord-Brabant",,,,,0,Bouwkunde vacatures,"Introduction to the job We are looking for someone who is passionate about designing and maintaining the infrastructure that powers AI-driven solutions. With a vision for how scalable and reliable infrastructure can transform industries like semiconductors, you will play a key role in building cutting-edge systems. Join a team of engineers dedicated to delivering innovative AI services and make impact. Job Mission The AI Infrastructure Engineer in the CDO AI Services is responsible for designin…",2025-05-24T08:58:33Z,Onsite,https://www.adzuna.nl/details/5213937327?utm_medium=api&utm_source=25f3af84
NL,Naval Architect/Marine Engineer,Damen Shipyards,"Vlissingen, Zeeland",,,,,0,Bouwkunde vacatures,"locationsVlissingentime typeFull timeposted onPosted Todayjob requisition idJR0010866 We offer you an Ocean of Possibilities. Join our family. About us Hop aboard Damen Naval; the naval division of the family-owned Damen Shipyards Group, where 12,000 professionals work worldwide. Damen Naval delivers advanced naval vessels to clients all over the globe. By implementing the most innovative technological developments in practice, we continue to push the boundaries of the shipbuilding industry. Yo…",2025-05-24T08:58:33Z,Onsite,https://www.adzuna.nl/details/5213937320?utm_medium=api&utm_source=25f3af84
NL,Coördinator Preventief Onderhoud,Intersnack,"Doetinchem, Gelderland",,,,,0,Bouwkunde vacatures,"Smakelijke kennismaking! Heb je veel kennis van onderhoud in een productie-omgeving? Ervaring met het aansturen van een team? Bij Intersnack in Doetinchem zijn we op zoek naar een Coördinator Preventief Onderhoud. Jouw rol Als Coördinator Preventief Onderhoud ben je dagelijks met je team bezig om het beste onderhoud mogelijk te leveren. Je werkt intensief samen met de 4 maintenance leads van onze productieteams, zodat de uitvoering van preventief onderhoud goed voorbereid is. Ook de voorbereidi…",2025-05-24T08:58:33Z,Onsite,https://www.adzuna.nl/details/5213937324?utm_medium=api&utm_source=25f3af84
NL,Configuration Manager,Damen Shipyards,"Vlissingen, Zeeland",,,,,0,Bouwkunde vacatures,"locationsVlissingentime typeFull timeposted onPosted 2 Days Agojob requisition idJR0006497 We offer you an Ocean of Possibilities. Join our family. About us Hop aboard Damen Naval; the naval division of the family-owned Damen Shipyards Group, where 12,000 professionals work worldwide. Damen Naval delivers advanced naval vessels to clients all over the globe. By implementing the most innovative technological developments in practice, we continue to push the boundaries of the shipbuilding industr…",2025-05-24T08:58:32Z,Onsite,https://www.adzuna.nl/details/5213937318?utm_medium=api&utm_source=25f3af84
NL,Senior Data Engineer,alliander,"Arnhem, Gelderland",,,,,0,Bouwkunde vacatures,Wil jij impact maken in de energietransitie met jouw ervaring in data engineering? En bijdragen aan een slimme en betrouwbare dataketen binnen een innovatief team? Dan zoeken wij jou. Dit betreft een functie voor minimaal 32 uur per week. Jij maakt het net slimmer bij Alliander. De energietransitie is onmogelijk zonder jou als Senior Data Engineer Als Senior Data Engineer zorg jij voor een toekomstbestendige datastructuur die helpt bij het nemen van strategische beslissingen. Je werkt in het sc…,2025-05-24T08:58:31Z,Onsite,https://www.adzuna.nl/details/5213937295?utm_medium=api&utm_source=25f3af84
NL,Senior Specialist Ecologie,qterra,"Arnhem, Gelderland",,,,,0,Bouwkunde vacatures,"Werken aan het energienet van de toekomst, en daarmee aan de grootste uitdaging ooit? Dat doe je bij Qterra (onderdeel van Alliander) in de functie van Senior Specialist Ecologie. Jij zorgt ervoor dat de voorbereiding van werken op rolletjes verloopt, waardoor Alliander haar strategie kan realiseren. Dit betreft een functie voor minimaal 32 uur per week vanuit ons kantoor in Arnhem en vanuit huis. Jij maakt het net professioneler bij Alliander. De energietransitie is onmogelijk zonder jou als S…",2025-05-24T08:58:31Z,Onsite,https://www.adzuna.nl/details/5213937291?utm_medium=api&utm_source=25f3af84
NL,Scrum Master Reporting House,alliander,"Arnhem, Gelderland",,,,,0,Bouwkunde vacatures,"Wij zijn een organisatie die een professionele en waardevolle agile community heeft neergezet, maar we willen nog beter worden. Het doel: een high performance organisatie zijn! Jij bent de Senior Scrum Master die wij nodig hebben om hier een bepalende en waardevolle rol te spelen. Dit betreft een functie voor 28-40 per week. Wij werken hybride. Voor deze functie werk je ongeveer 2 dagen per week op ons kantoor in Arnhem. Jij maakt het net slimmer bij Alliander. De energietransitie is onmogelijk…",2025-05-24T08:58:30Z,Hybrid,https://www.adzuna.nl/details/5213937288?utm_medium=api&utm_source=25f3af84
NL,BI Test Engineer,Stedin,"Rotterdam, Zuid-Holland",,,,,0,Bouwkunde vacatures,"Werk waar je trots op kan zijn Dit ga je doen Voor de energietransitie is data over onze netten en netwerken onmisbaar om vooruit te komen; en data, daar hebben we veel van bij Stedin. Als BI Test Engineer bij Stedin ben je verantwoordelijk voor het waarborgen van de kwaliteit van onze Business Intelligence en Datawarehouse oplossingen. Je speelt een cruciale rol in het testen van ETL-processen, SQL-queries en API's om ervoor te zorgen dat onze data-integraties vlekkeloos verlopen. Kwaliteit is…",2025-05-24T08:58:23Z,Onsite,https://www.adzuna.nl/details/5213937220?utm_medium=api&utm_source=25f3af84
NL,Specialist Ecologie (32 tot 40 uur),Stedin,"Delft, Zuid-Holland",,,,,0,Bouwkunde vacatures,"Werk waar je trots op kan zijn Dit ga je doen Stedin zet zich in voor een betrouwbare en duurzame energievoorziening. We spelen een cruciale rol in de energietransitie en werken dagelijks aan het toekomstbestendig maken van ons energienet. Als Specialist Ecologie met passie en enthousiasme voor natuur en biodiversiteit, wil je graag een bijdrage leveren aan de energietransitie. Deze functie is nog nieuw te vormen, wat betekent dat de kaders nog niet vastliggen. Hoe jouw dag eruit ziet: Wat deze…",2025-05-24T08:58:23Z,Onsite,https://www.adzuna.nl/details/5213937226?utm_medium=api&utm_source=25f3af84
NL,Data Platform Engineer,Stedin,"Rotterdam, Zuid-Holland",,,,,0,Bouwkunde vacatures,"Werk waar je trots op kan zijn Dit ga je doen De energietransitie is in volle gang, en data speelt hierin een onmisbare rol. Bij Stedin beschikken we over enorme hoeveelheden data die helpen de volgende stappen te zetten. Om deze data optimaal te benutten, hebben we een robuust, schaalbaar en krachtig dataplatform nodig. Als Data Platform Engineer binnen het ART Dataplatform speel jij een sleutelrol in het ontwikkelen, beheren en toegankelijk maken van dit platform. Ons dataplatform bestaat uit…",2025-05-24T08:58:23Z,Onsite,https://www.adzuna.nl/details/5213937223?utm_medium=api&utm_source=25f3af84
NL,Teammanager Portfoliomanagement,Enexis,"'s-Hertogenbosch, Noord-Brabant",,,,,0,Bouwkunde vacatures,"Organisatie Je zet je schouders eronder met… Peter Kikkert, manager Ketenvernieuwing, kijkt ernaar uit dat je de afdeling komt versterken: “Energietransitie. Dat ene woord zegt enorm veel over de dynamiek waarin de energiemarkt zich nu en in de komende jaren bevindt. Samen met je collega's van de afdeling en de hele Enexis-organisatie kun jij daarin een belangrijke rol pakken. Een supermooie uitdaging”. Je vormt samen met de manager Ketenvernieuwing, de Business Implementatiemanager en vier Pro…",2025-05-24T08:58:22Z,Onsite,https://www.adzuna.nl/details/5213937197?utm_medium=api&utm_source=25f3af84
NL,Data Discipline Architect,Lely,"Maassluis, Zuid-Holland",,,,,0,Bouwkunde vacatures,"Vacatureomschrijving Lely is seeking a highly skilled and experienced Data Discipline Architect to join our dynamic team. As a Data Discipline Architect, you will be responsible for designing, developing, and managing our data architecture strategy . You will play a critical role in ensuring that our data systems are robust, scalable, and aligned with our business objectives. Your expertise will contribute to the optimization of our data infrastructure, enabling us to leverage data for innovati…",2025-05-24T08:58:22Z,Onsite,https://www.adzuna.nl/details/5213937200?utm_medium=api&utm_source=25f3af84
NL,Technisch Applicatiebeheerder SCADA bij EBS,Enexis,"Weert, Limburg",,,,,0,Bouwkunde vacatures,"Organisatie Je zet je schouders eronder met Met ruim 90 collega's verdeeld over de regio's Noord (zwolle) en Zuid (Weert) ben je onderdeel van de afdeling Netautomatisering. De afdeling netautomatisering bestaat uit verschillende teams met elk een eigen kennisgebied. Op onze afdeling heerst een groot wij-gevoel en allemaal staan we voor elkaar klaar. Omdat de beveiliging van onze netten en informatie superbelangrijk is, werken we op kantoor. Met onze afdeling netautomatisering zijn wij een onde…",2025-05-24T08:58:22Z,Onsite,https://www.adzuna.nl/details/5213937205?utm_medium=api&utm_source=25f3af84
NL,QA Project Specialist,HAYS,"Amsterdam, Noord-Holland",,,,,0,Vacatures Ander of Algemeen,"Amsterdam | QA Project Specialist | GMP | Change Control | Compliance | GDocP | 1049098 Your new role As a QA Project Specialist, you will be a crucial part of the Quality Assurance team, ensuring compliance with cGMP guidelines in change control projects. Acting as a bridge between departments, you will help drive improvements, optimise processes, and maintain the highest standards of quality and safety in a dynamic pharmaceutical GMP environment. Your expertise will be instrumental in leading…",2025-05-24T08:10:07Z,Onsite,https://www.adzuna.nl/details/5213894969?utm_medium=api&utm_source=25f3af84
NL,Communicatieadviseur,CBR,"Rijswijk, Zuid-Holland",,,,,0,Unknown,"Als communicatieadviseur bij het CBR vertaal je complexe vraagstukken naar duidelijke, strategische communicatie voor een breed en divers publiek. Je werkt aan projecten met maatschappelijke waarde én innovatieve kracht. Klinkt dit als jouw volgende stap? Lees dan verder. Jouw uitdaging Je vervult de rol van communicatieadviseur projecten in de breedste zin van het woord: van een strategisch communicatieplan tot de operationele planning en het uitvoeren daarvan. Altijd met oog voor zowel de ext…",2025-05-24T07:00:09Z,Onsite,https://www.adzuna.nl/details/5213756294?utm_medium=api&utm_source=25f3af84
NL,Medior Business Controller,EIFFEL,"Leidschendam, Leidschendam-Voorburg",44400.0,72000.0,,72000.0,0,Unknown,"Als Business Controller bij EIFFEL combineer je financiële expertise met strategisch advies. Bij toonaangevende bedrijven in de profitsector maak je impact met jouw analyses en adviezen - op jouw manier. Want bij ons bepaal jij hoe je groeit. Dit ga je doen Je bent een gewaardeerde sparringpartner voor CFO's en managementteams, waarbij jouw analyses en advies essentieel zijn voor strategische beslissingen. Je ontwikkelt datagedreven prognoses en scenario-analyses voor het beheersen van financië…",2025-05-24T05:42:27Z,Onsite,https://www.adzuna.nl/details/5213649766?utm_medium=api&utm_source=25f3af84
NL,Van accountancy naar financial controller,EIFFEL,"Leidschendam, Leidschendam-Voorburg",44400.0,72000.0,,72000.0,0,Unknown,"Zet je accountancy-ervaring in voor een volgende stap. Als Finance & Control Expert bij EIFFEL sta je middenin organisaties en maak je het verschil. Je doorbreekt patronen, spot verbetermogelijkheden en brengt structuur aan waar dat nodig is. Bij ons bepaal jij je eigen route. Dit ga je doen Je krijgt de kans om jouw accountancy- of auditervaring in te zetten in een dynamische en bredere rol binnen financieel control. Je stapt uit de rol van externe toezichthouder en duikt de organisatie in. Hi…",2025-05-24T05:42:27Z,Onsite,https://www.adzuna.nl/details/5213649767?utm_medium=api&utm_source=25f3af84
NL,(Junior) Energy manager bij Vitec Enova in Capelle aan den IJssel (M/V),Vitec Enova,"Fascinatio, Capelle aan den IJssel",,,,,0,Unknown,"Wordt je enthousiast als je het over energiemanagement of duurzaamheid hebt? Zoek je een dynamische omgeving waar je echt impact kunt maken? Bij Vitec Enova zijn we gespecialiseerd in het ontwikkelen, leveren en onderhouden van energiemanagementsoftware voor grote bedrijven. Daarnaast functioneren we als virtuele elektriciteitscentrale en spelen daar een kritieke rol in het Nederlandse en Europese elektriciteitsnetwerk. Enova, opgericht in 2005, is nu onderdeel van de Vitec Software Group AB, e…",2025-05-24T05:42:25Z,Onsite,https://www.adzuna.nl/details/5213649756?utm_medium=api&utm_source=25f3af84
NL,Van accountancy naar financial controller,EIFFEL,"Binnenstad, Amsterdam",44400.0,72000.0,,72000.0,0,Unknown,"Zet je accountancy-ervaring in voor een volgende stap. Als Finance & Control Expert bij EIFFEL sta je middenin organisaties en maak je het verschil. Je doorbreekt patronen, spot verbetermogelijkheden en brengt structuur aan waar dat nodig is. Bij ons bepaal jij je eigen route. Dit ga je doen Je krijgt de kans om jouw accountancy- of auditervaring in te zetten in een dynamische en bredere rol binnen financieel control. Je stapt uit de rol van externe toezichthouder en duikt de organisatie in. Hi…",2025-05-24T05:42:25Z,Onsite,https://www.adzuna.nl/details/5213649757?utm_medium=api&utm_source=25f3af84
NL,Financial Controller,Cosun beet company,"Lent, Nijmegen",,,,,0,Unknown,"Waarom werken bij Cosun Beet Company? Innovatieve en lerende omgeving Verbinding en samenwerking Voedsel- en duurzaamheidsimpact Ontwikkeling en verantwoordelijkheid Cultuur en vertrouwen Coöperatiegroei en verbetering Dynamisch & veelzijdig speelveld Werkplezier en veiligheid Werkplezier en teamprestaties Wat ga je doen? Word jij onze nieuwe Financial Controller? Ben jij nauwkeurig, analytisch en heb je ervaring met financiële controles? Dan zijn wij op zoek naar jou!  Jouw missie: Zorgen voor…",2025-05-24T05:42:25Z,Onsite,https://www.adzuna.nl/details/5213649755?utm_medium=api&utm_source=25f3af84
NL,IT/OT Coördinator,Cosun beet company,"Zwolle, Overijssel",52800.0,68400.0,,68400.0,0,Unknown,Waarom werken bij Cosun Beet Company? Innovatieve en lerende omgeving Verbinding en samenwerking Voedsel- en duurzaamheidsimpact Ontwikkeling en verantwoordelijkheid Cultuur en vertrouwen Coöperatiegroei en verbetering Dynamisch & veelzijdig speelveld Werkplezier en veiligheid Werkplezier en teamprestaties Wat ga je doen? Ben jij een gepassioneerde IT/OT Coördinator die graag een significante impact maakt? Houd je van het oplossen van complexe problemen? Dan zijn wij op zoek naar jou! In deze f…,2025-05-24T05:42:24Z,Onsite,https://www.adzuna.nl/details/5213649750?utm_medium=api&utm_source=25f3af84
NL,Medior proces en project manager energietransitie,EIFFEL,"Elst, Overbetuwe",37200.0,54000.0,,54000.0,0,Unknown,"Wil jij écht impact maken binnen de energietransitie? En zoek je een afwisselende rol waarin je jezelf continu kunt blijven ontwikkelen? Dan is deze uitdaging jou op het lijf geschreven. Wij zijn op zoek naar gedreven consultants met 1 tot 5 jaar ervaring binnen de energietransitie. Professionals die houden van dynamiek, willen groeien en energie krijgen van het oplossen van actuele vraagstukken bij netbeheerders en commerciële partijen. Dit ga je doen Als medior consultant proces en project ma…",2025-05-24T05:42:21Z,Onsite,https://www.adzuna.nl/details/5213649739?utm_medium=api&utm_source=25f3af84
NL,Applicatiebeheerder SAP,Cosun beet company,"Foxwolde, Noordenveld",42000.0,61200.0,,61200.0,0,Unknown,Waarom werken bij Cosun Beet Company? Innovatieve en lerende omgeving Verbinding en samenwerking Voedsel- en duurzaamheidsimpact Ontwikkeling en verantwoordelijkheid Cultuur en vertrouwen Coöperatiegroei en verbetering Dynamisch & veelzijdig speelveld Werkplezier en veiligheid Werkplezier en teamprestaties Wat ga je doen? Een zo optimaal mogelijk functionerend SAP-systeem is essentieel om ons onderhoud effectief uit te voeren. Jij bent in deze rol specifiek verantwoordelijk voor het functionele…,2025-05-24T05:42:19Z,Onsite,https://www.adzuna.nl/details/5213649721?utm_medium=api&utm_source=25f3af84
NL,Medior proces en project manager energietransitie,EIFFEL,"Delft, Zuid-Holland",37200.0,54000.0,,54000.0,0,Unknown,"Wil jij écht impact maken binnen de energietransitie? En zoek je een afwisselende rol waarin je jezelf continu kunt blijven ontwikkelen? Dan is deze uitdaging jou op het lijf geschreven. Wij zijn op zoek naar gedreven consultants met 1 tot 5 jaar ervaring binnen de energietransitie. Professionals die houden van dynamiek, willen groeien en energie krijgen van het oplossen van actuele vraagstukken bij netbeheerders en commerciële partijen. Dit ga je doen Als medior consultant proces en project ma…",2025-05-24T05:42:19Z,Onsite,https://www.adzuna.nl/details/5213649715?utm_medium=api&utm_source=25f3af84
NL,IT/OT Coördinator,Cosun beet company,"Hattem, Gelderland",52800.0,68400.0,,68400.0,0,Unknown,Waarom werken bij Cosun Beet Company? Innovatieve en lerende omgeving Verbinding en samenwerking Voedsel- en duurzaamheidsimpact Ontwikkeling en verantwoordelijkheid Cultuur en vertrouwen Coöperatiegroei en verbetering Dynamisch & veelzijdig speelveld Werkplezier en veiligheid Werkplezier en teamprestaties Wat ga je doen? Ben jij een gepassioneerde IT/OT Coördinator die graag een significante impact maakt? Houd je van het oplossen van complexe problemen? Dan zijn wij op zoek naar jou! In deze f…,2025-05-24T05:42:18Z,Onsite,https://www.adzuna.nl/details/5213649709?utm_medium=api&utm_source=25f3af84
NL,Continious Improvement Coordinator,Cosun beet company,"Alblasserdam, Zuid-Holland",48000.0,66600.0,,66600.0,0,Unknown,Waarom werken bij Cosun Beet Company? Innovatieve en lerende omgeving Verbinding en samenwerking Voedsel- en duurzaamheidsimpact Ontwikkeling en verantwoordelijkheid Cultuur en vertrouwen Coöperatiegroei en verbetering Dynamisch & veelzijdig speelveld Werkplezier en veiligheid Werkplezier en teamprestaties Wat ga je doen? Ben jij klaar voor een uitdagende en dynamische rol in de industrie? Wil je werken in een organisatie waar duurzaamheid voorop staat en waar jouw talent voor plannen en organi…,2025-05-24T05:42:18Z,Onsite,https://www.adzuna.nl/details/5213649707?utm_medium=api&utm_source=25f3af84
NL,Testcoördinator / Test automatiseerder,Yacht,"Ugchelen, Apeldoorn",,,,,0,Unknown,"Bedrijfsomschrijving Ministerie van Financiën De IV- organisatie van de Belastingdienst is verantwoordelijk voor en verzorgt de ICT- voorzieningen. Het merendeel van de applicaties wordt op dit moment door de IV- organisatie zelf ontwikkeld, onderhouden en beheerd in het eigen data center. Naast de zorg voor continuïteit op de massale heffing- en inningsprocessen die plaatsvinden binnen een degelijke, stabiele omgeving, wordt er tevens volop gewerkt aan modernisering van het IV- landschap. Dit …",2025-05-24T05:42:18Z,Onsite,https://www.adzuna.nl/details/5213649710?utm_medium=api&utm_source=25f3af84
NL,Maintenance Engineer E&I,Cosun beet company,"Foxwolde, Noordenveld",54000.0,80400.0,,80400.0,0,Unknown,"Waarom werken bij Cosun Beet Company? Innovatieve en lerende omgeving Verbinding en samenwerking Voedsel- en duurzaamheidsimpact Ontwikkeling en verantwoordelijkheid Cultuur en vertrouwen Coöperatiegroei en verbetering Dynamisch & veelzijdig speelveld Werkplezier en veiligheid Werkplezier en teamprestaties Wat ga je doen? Op de productielocatie van Cosun Beet Company in Groningen (Vierverlaten) worden ongeveer 30.000 stuks equipment onderhouden door de afdeling Techniek, onder andere door het u…",2025-05-24T05:42:18Z,Onsite,https://www.adzuna.nl/details/5213649712?utm_medium=api&utm_source=25f3af84
NL,Teamleider Maintenance Engineering,Cosun beet company,"Foxwolde, Noordenveld",60000.0,87600.0,,87600.0,0,Unknown,Waarom werken bij Cosun Beet Company? Innovatieve en lerende omgeving Verbinding en samenwerking Voedsel- en duurzaamheidsimpact Ontwikkeling en verantwoordelijkheid Cultuur en vertrouwen Coöperatiegroei en verbetering Dynamisch & veelzijdig speelveld Werkplezier en veiligheid Werkplezier en teamprestaties Wat ga je doen? Als Teamleider Maintenance Engineering ben jij de drijvende kracht achter het ontwikkelen en implementeren van onderhoudsstrategieën die bijdragen aan de betrouwbaarheid en to…,2025-05-24T05:42:18Z,Onsite,https://www.adzuna.nl/details/5213649713?utm_medium=api&utm_source=25f3af84
NL,Van accountancy naar financial controller,EIFFEL,"Elst, Overbetuwe",44400.0,72000.0,,72000.0,0,Unknown,"Zet je accountancy-ervaring in voor een volgende stap. Als Finance & Control Expert bij EIFFEL sta je middenin organisaties en maak je het verschil. Je doorbreekt patronen, spot verbetermogelijkheden en brengt structuur aan waar dat nodig is. Bij ons bepaal jij je eigen route. Dit ga je doen Je krijgt de kans om jouw accountancy- of auditervaring in te zetten in een dynamische en bredere rol binnen financieel control. Je stapt uit de rol van externe toezichthouder en duikt de organisatie in. Hi…",2025-05-24T05:42:17Z,Onsite,https://www.adzuna.nl/details/5213649706?utm_medium=api&utm_source=25f3af84
NL,Senior Medewerker Beheer & Analyse,Ministerie van Defensie,"Soesterberg, Soest",,,,,0,Unknown,"Wat ga je doen? Als je kiest voor een baan bij Defensie, dan kies je voor maatschappelijk relevant werk. Je draagt echt iets bij aan een veilig Nederland. Naast 48.000 beroepsmilitairen werken er ook nog zo’n 21.000 burgers bij Defensie. Wil jij ervoor zorgen dat het defensie informatiemanagement-beleid aansluit op de bedrijfsvoering van het KPU-bedrijf? Denk jij in kansen en mogelijkheden als gaat om het de organisatie weerbaarder en effectiever te maken? Lees verder hoe jij het verschil voor …",2025-05-24T05:23:14Z,Onsite,https://www.adzuna.nl/land/ad/5213639935?se=8GHmFoE48BG0wAyeaCZXLA&utm_medium=api&utm_source=25f3af84&v=5B15941C6DD3BD6CF70618C9C63E51D7F1CFC36F
NL,Contractbeheerder Elektronische installaties,Building Heroes,"Amsterdam, Noord-Holland",,,,,0,Administratieve vacatures,"Be a hero Als Contractbeheerder Elektronische installaties ben jij het aanspreekpunt voor één of meerdere klanten. Jij zorgt ervoor dat hun Elektronische installaties altijd in topconditie zijn. Als Contractbeheerder Elektronische installaties maak jij de afspraken op werktuigbouwkundig, elektrotechnisch en op bouwkundige aard. Jij maakt de afspraken met de klant, legt deze vast maar zorgt er ook voor dat de afspraken worden nagekomen. Benefits Een gebalanceerd en goed arbeidsvoorwaardelijk pak…",2025-05-24T05:21:54Z,Onsite,https://www.adzuna.nl/land/ad/5213639405?se=8GHmFoE48BG0wAyeaCZXLA&utm_medium=api&utm_source=25f3af84&v=AA97158298AF13EB83AC71A31F3F79F6895FC495
NL,Traineeship Projectleider Woningbouw,Building Heroes,"Rotterdam, Zuid-Holland",,,,,0,Administratieve vacatures,"Be a hero Gedurende dit 2-jarig Traineeship ben je vijf dagen werkzaam bij onze klant waarvan één dag op project. Naast het werk word je begeleid door zowel interne als externe coaches die je ontwikkelen op inhoudelijk als persoonlijk vlak. Op persoonlijk vlak leer je in het eerste jaar voornamelijk over jezelf (zelfreflectie, zelfkennis, communicatie en persoonlijk leiderschap) en in het tweede jaar over ""de ander"" (effectieve communicatie, onderhandelen, presenteren overtuigingskracht en beïn…",2025-05-24T05:21:54Z,Onsite,https://www.adzuna.nl/land/ad/5213639427?se=8GHmFoE48BG0wAyeaCZXLA&utm_medium=api&utm_source=25f3af84&v=D36838B047948F9464A0CA07C49993CEEAC13787
NL,Medior Data Scientist / ML Engineer,Sopra Steria,"Groningen, Provincie Groningen",,,,,0,Adviseur en Consultancy vacatures,Vacatureomschrijving Je kan waardevolle inzichten halen uit grote datasets. Als Data Scientist ontfutsel je deze door je vloeiend kennis van programmeertalen als Python en R en visualisatietools als Tableau en PowerBI. Je kan die inzichten communiceren naar stakeholders zodat ze de nodige stappen kunnen zetten. Onze data scientists zijn vaardig in Hadoop & Spark en cloudplatformen als AWS en Azure. Deze tools – samen met je data expertise – zorgen ervoor dat het bouwen van voorspellende modelle…,2025-05-24T04:47:20Z,Onsite,https://www.adzuna.nl/details/5213594040?utm_medium=api&utm_source=25f3af84
NL,Senior Data scientist / ML Engineer,Sopra Steria,"Groningen, Provincie Groningen",,,,,0,Unknown,Vacatureomschrijving Je kan waardevolle inzichten halen uit grote datasets. Als Data Scientist ontfutsel je deze door je vloeiend kennis van programmeertalen als Python en R en visualisatietools als Tableau en PowerBI. Je kan die inzichten communiceren naar stakeholders zodat ze de nodige stappen kunnen zetten. Onze data scientists zijn vaardig in Hadoop & Spark en cloudplatformen als AWS en Azure. Deze tools – samen met je data expertise – zorgen ervoor dat het bouwen van voorspellende modelle…,2025-05-24T04:47:20Z,Onsite,https://www.adzuna.nl/details/5213594039?utm_medium=api&utm_source=25f3af84
NL,Business Success Specialist,MSX International,Nederland,,,,,0,Vacatures Ander of Algemeen,"Job Description The Business Success Specialist is responsible for partnering with automotive workshops in our network to help them reach new levels of success. Using our in house next gen AI platforms, and wealth of automotive data, you will level up the workshops performance, capacity, and sales. Our ideal Business Success Specialist is an excellent communicator with experience in the aftermarket parts business and strong customer relationship and retailer collaboration skills. Key Responsibi…",2025-05-24T04:47:20Z,Onsite,https://www.adzuna.nl/details/5213594041?utm_medium=api&utm_source=25f3af84
NL,HR Advisor,TBAuctions,"Oud West, Amsterdam",,,,,0,Unknown,"Are you ready to take ownership of HR advisory and employee relations , and make a real impact in the Netherlands? Are you passionate about supporting people, building a positive work environment, and ensuring compliance with local legislation that resonates with our diverse workforce and management teams? Can you envision yourself shaping the future of HR within a leading, innovative brand while contributing to the growth and success of a dynamic organization ? If so, this is the opportunity f…",2025-05-24T04:40:06Z,Onsite,https://www.adzuna.nl/details/5213583944?utm_medium=api&utm_source=25f3af84
NL,Data Analist Unilever,Hamilton Bright,"Binnenstad, Amsterdam",,,,,0,Unknown,"Is data helemaal jouw ding? En wil je daarnaast ook gaan werken bij één van de grootste bedrijven in Nederland? Lees dan snel verder, want wij hebben plek voor een Data Analist die het Unilever team komt versterken! Wat wij bieden: Een salaris tussen de €3100 – €3500 (o.b.v. 40 uur). Een contract voor 12 maanden , met de intentie om nog veel langer samen te werken. 25 vakantiedagen, 8% vakantiegeld wat ieder jaar in mei wordt uitbetaald en pensioenopbouw . Doorgroeimogelijkheden door middel van…",2025-05-24T04:39:41Z,Onsite,https://www.adzuna.nl/details/5213582074?utm_medium=api&utm_source=25f3af84
NL,Stage bij onze IT afdeling voor data analyses!,Facilicom,Nederland,,,,,0,Unknown,Ben jij op zoek naar een uitdagende stage? Altijd al benieuwd hoe een grote IT afdeling focust op het analyseren van alle data? Pak dan nu je kans om dit te ontdekken! Omschrijving van de werkplek Business Technology (BT) is de centrale IT afdeling van Facilicom met focus op de business! BT wil als strategische business partner voortdurend de digitalisering van Facilicom naar een hoger niveau brengen en van meer toegevoegde waarde zijn voor onze medewerkers. Hierdoor blijven we onze dienstverle…,2025-05-24T03:15:55Z,Onsite,https://www.adzuna.nl/details/5213461089?utm_medium=api&utm_source=25f3af84
NL,Stage HR / Recruitment / Sales,Start People,"Rotterdam, Zuid-Holland",4800.0,6000.0,,6000.0,0,Personeelszaken Human Resources vacatures,"Wat je gaat doen Als stagiair bij Start People krijg je de kans om alle facetten van recruitment van dichtbij mee te maken. Jij zult actief meewerken met het team en de verantwoordelijkheid nemen voor een breed scala aan taken:  Schrijven van vacatures en deze online plaatsen  Actief meewerken in het wervingsproces en sollicitatiegesprekken voeren  Beheren van planningen en inplannen van gesprekken met sollicitanten  Communiceren met klanten en kandidaten, zowel telefonisch als per e-mail  Onde…",2025-05-24T03:09:33Z,Onsite,https://www.adzuna.nl/details/5213455520?utm_medium=api&utm_source=25f3af84
NL,BI (business intelligence) Consultant,NLwerkt,"Zwolle, Overijssel",48000.0,60000.0,,60000.0,0,Unknown,"Over deze baan Vakgebied: Energie & Duurzaamheid 32- tot 40-urige werkweek Werkervaring: Medior Vereisten Een relevante (technische) opleiding Uitstekende beheersing van Nederlandse taal, zowel in woord als geschrift Affiniteit met (civiele) techniek Wat wij bieden 30 vakantiedagen o.b.v. Fulltime dienstverband Leaseauto of reiskostenvergoeding Sportabonnement Uitstekende pensioenregeling Persoonlijk ontwikkelingstraject en technische trainingen * Deze arbeidsvoorwaarden gelden niet voor zzp'er…",2025-05-24T02:35:46Z,Onsite,https://www.adzuna.nl/land/ad/5213427456?se=8GHmFoE48BG0wAyeaCZXLA&utm_medium=api&utm_source=25f3af84&v=FD34BA085664E12FC0C37CD7F72518444DAA87F3
NL,"Geneesmiddelenonderzoek ICON- AR2682- 0166(Vergoeding van tot €3.422,-)",NLwerkt,"Den Helder, Noord-Holland",,,,,0,Unknown,"Wat ga je doen? ICON zoekt deelnemers voor een geneesmiddelenonderzoek naar een nieuw middel voor Ontstekingsziekten en auto-immuunziekten. Voor je deelname aan het onderzoek ontvang je een vergoeding van €3.422,- Het geneesmiddelenonderzoek vindt altijd plaats in het onderzoekscentrum van ICON in Groningen. Daar eet, slaap en verblijf je tijdens het onderzoek. Je gezondheid wordt hier dagelijks goed in de gaten gehouden door onze artsen en verpleegkundigen. Jouw veiligheidstaat altijd op numme…",2025-05-24T02:35:43Z,Onsite,https://www.adzuna.nl/land/ad/5213427184?se=8GHmFoE48BG0wAyeaCZXLA&utm_medium=api&utm_source=25f3af84&v=5714E4FC115E9CE17E8B9F41C53DF26D30C30CAE
NL,Bouwcalculator,NLwerkt,"Nijmegen, Gelderland",,,,,0,Unknown,"Calculator Locatie: Erp of Nijmegen Van eerste schets tot sluitende calculatie: jij houdt het kloppend! Van Grunsven groeit, en het werk groeit mee. Daarom zoeken we een calculator, die ook kan adviseren in de fase van schets- en voorlopig ontwerp. Met jouw scherpe raming stuur je projecten vanaf het schetsontwerp in de goede richting. Jij denkt vooruit. Je maakt heldere elementenramingen. En je adviseert over bouwmethodes en keuzes die binnen budget passen. Jij rekent niet alleen – je hebt een…",2025-05-24T02:35:43Z,Onsite,https://www.adzuna.nl/land/ad/5213427177?se=8GHmFoE48BG0wAyeaCZXLA&utm_medium=api&utm_source=25f3af84&v=C7749E45E3EC59C61834406F4A783E51328AB158
NL,Stage Commercie bij Albert Heijn,NLwerkt,"Zaandam, Zaanstad",,,,,0,Unknown,Wat ga je doen? . Stagelopen binnen Retail/Commercie bij Albert Heijn. Als stagiair binnen Commercie bij Albert Heijn werk jij mee aan de leukste productcategorieën van Albert Heijn. Tijdens deze stage Commercie op het hoofdkantoor van Albert Heijn zorg jij er met jouw team voor dat onze klant elke dag weer blij en geïnspireerd raken van ons aanbod en dat wij hen goede keuze en waar voor hun geld bieden. Daarnaast leer je in een stage binnen Commercie bij Albert Heijn commerciële doelen te beha…,2025-05-24T02:35:43Z,Onsite,https://www.adzuna.nl/land/ad/5213427128?se=avTnF4E48BG0wAyeaCZXLA&utm_medium=api&utm_source=25f3af84&v=C7D4FF1F05E5836ED6D49C4E540C8DBDA403DD63
NL,"Geneesmiddelenonderzoek ICON- 22487X-C (Vergoeding van tot €4.067,-)",NLwerkt,"Den Helder, Noord-Holland",,,,,0,Unknown,"Wat ga je doen? ICON zoekt deelnemers voor een geneesmiddelenonderzoek naar een nieuw middel voor hartfalen. Voor je deelname aan het onderzoek ontvang je een vergoeding van €4.067,- Het geneesmiddelenonderzoek vindt altijd plaats in het onderzoekscentrum van ICON in Groningen. Daar eet, slaap en verblijf je tijdens het onderzoek. Je gezondheid wordt hier dagelijks goed in de gaten gehouden door onze artsen en verpleegkundigen. Jouw veiligheid staat altijd op nummer 1. Meedoen aan geneesmiddele…",2025-05-24T02:35:43Z,Onsite,https://www.adzuna.nl/land/ad/5213427179?se=avTnF4E48BG0wAyeaCZXLA&utm_medium=api&utm_source=25f3af84&v=CFB1751DD76C9977A69FB32006824C426CA55072
NL,Medior Uitvoerder Nieuwbouw,Building Heroes,"Rotterdam, Zuid-Holland",,,,,0,Handel vacatures,"Be a hero Als Uitvoerder bij deze organisatie heb je een veelzijdige rol waarbij jij verantwoordelijk bent voor de kwaliteit, veiligheid, planning en realisatie van het project. Je zult nauw samenwerken in een projectteam met assistent uitvoerder, 1 of 2 werkvoorbereider(s) en de projectleider. Ook zal je veel contact hebben met de (onder)aannemers. De type projecten variëren van scholen en duurzame woningen tot aan hotels, hoge flats en ziekenhuizen.Je bent als Uitvoerder verantwoordelijk voor…",2025-05-24T02:20:39Z,Onsite,https://www.adzuna.nl/land/ad/5213422737?se=avTnF4E48BG0wAyeaCZXLA&utm_medium=api&utm_source=25f3af84&v=0CFB30544C6E56FFBC85EC12D880E849FA9EECC0
NL,Contractbeheerder Elektronische installaties,Building Heroes,"Breda, Noord-Brabant",,,,,0,Administratieve vacatures,"Be a hero Als Contractbeheerder Elektronische installaties ben jij het aanspreekpunt voor één of meerdere klanten. Jij zorgt ervoor dat hun Elektronische installaties altijd in topconditie zijn. Als Contractbeheerder Elektronische installaties maak jij de afspraken op werktuigbouwkundig, elektrotechnisch en op bouwkundige aard. Jij maakt de afspraken met de klant, legt deze vast maar zorgt er ook voor dat de afspraken worden nagekomen. Benefits Een gebalanceerd en goed arbeidsvoorwaardelijk pak…",2025-05-24T02:20:39Z,Onsite,https://www.adzuna.nl/land/ad/5213422719?se=avTnF4E48BG0wAyeaCZXLA&utm_medium=api&utm_source=25f3af84&v=6ED4280BF972B027907B8E72922EF5C84BEE78FB
NL,Traineeship Projectleider Utiliteitsbouw,Building Heroes,"Roosendaal, Noord-Brabant",,,,,0,Administratieve vacatures,"Be a hero Gedurende dit 2-jarig traineeship ben je 5 dagen werkzaam bij onze klant waarvan 1 dag op project. Naast het werk wordt je begeleidt door zowel interne als externe coaches die je ontwikkelen op inhoudelijk- maar ook persoonlijk vlak. Op persoonlijk vlak leer je in het eerste jaar voornamelijk over jezelf (zelfkennis, zelfreflectie en persoonlijk leiderschap) en in het tweede jaar over ""de ander"" (effectieve communicatie, overtuigingskracht en beïnvloeden. Dit omdat samenwerken binnen …",2025-05-24T02:20:38Z,Onsite,https://www.adzuna.nl/land/ad/5213422643?se=avTnF4E48BG0wAyeaCZXLA&utm_medium=api&utm_source=25f3af84&v=ADADDACA554FAB9FAC8B67ACDC477BC269F6ADA6
NL,Projectcoördinator Duurzaamheid,Building Heroes,"Rotterdam, Zuid-Holland",,,,,0,Administratieve vacatures,"Be a hero Als jij de ambitie hebt om als projectcoördinator snel door te groeien naar projectleider, dan is dit je kans! Als Medior Projectcoördinator ga jij aan de slag met de grotere en complexere projecten, dit kan zowel gericht zijn op renovatie en transformatie als op nieuwbouw. Dit hangt mede af van jouw ambitie. De organisatie kijkt namelijk naar jouw kracht en hetgeen jij leuk vindt om te doen.Als Medior Projectcoördinator ben jij vanaf de tender betrokken bij het project. Je hebt een b…",2025-05-24T02:20:38Z,Onsite,https://www.adzuna.nl/land/ad/5213422617?se=avTnF4E48BG0wAyeaCZXLA&utm_medium=api&utm_source=25f3af84&v=B1C711133B8F257458E2B3DF8FC913C88A8220BC
NL,Beleidsadviseur Sociaal Domein,EIFFEL,"'s-Hertogenbosch, Noord-Brabant",,,,,0,Vacatures Ander of Algemeen,"Bij EIFFEL bepaal jij hoe je de samenleving versterkt. Als Beleidsadviseur Sociaal Domein zet je complexe maatschappelijke vraagstukken om in beleid dat werkt. Je maakt impact waar het nodig is - van zorg tot welzijn. En dat in een omgeving waar jij je eigen koers bepaalt. Dit ga je doen Je staat middenin de maatschappij. Hier verbind je mensen, ideeën en oplossingen met elkaar. Zo maak je het verschil voor inwoners. Je ontwikkelt beleid dat écht werkt in de praktijk, met focus op Participatie …",2025-05-24T02:20:05Z,Onsite,https://www.adzuna.nl/land/ad/5213422394?se=avTnF4E48BG0wAyeaCZXLA&utm_medium=api&utm_source=25f3af84&v=257DBE7FF7F650177FF83DE18FFAD0EDE7CD2AC2
NL,Werkondernemer Analytics,EIFFEL,"Zwolle, Overijssel",,,,,0,Vacatures Ander of Algemeen,"Ben jij een zelfstandig professional die waarde hecht aan vrijheid én zekerheid? Bij EIFFEL blijf je baas over je eigen opdrachten als werkondernemer. Met de opheffing van het handhavingsmoratorium op de Wet DBA kijken opdrachtgevers kritischer naar hun samenwerkingen met zzp'ers. Wij bieden een oplossing waarbij je de voordelen van zelfstandigheid behoudt, terwijl je via ons bij opdrachtgevers aan de slag gaat. Binnen EIFFEL bepaal jij je eigen route. Daadkrachtig. Ambitieus. Op jouw manier. D…",2025-05-24T02:20:05Z,Onsite,https://www.adzuna.nl/land/ad/5213422400?se=avTnF4E48BG0wAyeaCZXLA&utm_medium=api&utm_source=25f3af84&v=3B0AE34865E0D06F9AF03D93E2C7855D23ADFE2D
NL,Beleidsadviseur Sociaal Domein,EIFFEL,"Utrecht, Provincie Utrecht",,,,,0,Vacatures Ander of Algemeen,"Bij EIFFEL bepaal jij hoe je de samenleving versterkt. Als Beleidsadviseur Sociaal Domein zet je complexe maatschappelijke vraagstukken om in beleid dat werkt. Je maakt impact waar het nodig is - van zorg tot welzijn. En dat in een omgeving waar jij je eigen koers bepaalt. Dit ga je doen Je staat middenin de maatschappij. Hier verbind je mensen, ideeën en oplossingen met elkaar. Zo maak je het verschil voor inwoners. Je ontwikkelt beleid dat écht werkt in de praktijk, met focus op Participatie …",2025-05-24T02:20:05Z,Onsite,https://www.adzuna.nl/land/ad/5213422403?se=avTnF4E48BG0wAyeaCZXLA&utm_medium=api&utm_source=25f3af84&v=B3482328198057C7C53AAB5700C97029221F976A
NL,Beleidsadviseur Sociaal Domein,EIFFEL,"Rotterdam, Zuid-Holland",,,,,0,Vacatures Ander of Algemeen,"Bij EIFFEL bepaal jij hoe je de samenleving versterkt. Als Beleidsadviseur Sociaal Domein zet je complexe maatschappelijke vraagstukken om in beleid dat werkt. Je maakt impact waar het nodig is - van zorg tot welzijn. En dat in een omgeving waar jij je eigen koers bepaalt. Dit ga je doen Je staat middenin de maatschappij. Hier verbind je mensen, ideeën en oplossingen met elkaar. Zo maak je het verschil voor inwoners. Je ontwikkelt beleid dat écht werkt in de praktijk, met focus op Participatie …",2025-05-24T02:20:05Z,Onsite,https://www.adzuna.nl/land/ad/5213422402?se=avTnF4E48BG0wAyeaCZXLA&utm_medium=api&utm_source=25f3af84&v=EA6EEF408F515D208A68B760D28D76E1059EA842
NL,Werkondernemer Analytics,EIFFEL,"Den Haag, Zuid-Holland",,,,,0,Vacatures Ander of Algemeen,"Ben jij een zelfstandig professional die waarde hecht aan vrijheid én zekerheid? Bij EIFFEL blijf je baas over je eigen opdrachten als werkondernemer. Met de opheffing van het handhavingsmoratorium op de Wet DBA kijken opdrachtgevers kritischer naar hun samenwerkingen met zzp'ers. Wij bieden een oplossing waarbij je de voordelen van zelfstandigheid behoudt, terwijl je via ons bij opdrachtgevers aan de slag gaat. Binnen EIFFEL bepaal jij je eigen route. Daadkrachtig. Ambitieus. Op jouw manier. D…",2025-05-24T02:20:05Z,Onsite,https://www.adzuna.nl/land/ad/5213422411?se=avTnF4E48BG0wAyeaCZXLA&utm_medium=api&utm_source=25f3af84&v=DBB4DB9A488DB97F8FE12DE35F9AB01CA86FD579
NL,Werkondernemer Analytics,EIFFEL,"Amsterdam, Noord-Holland",,,,,0,Vacatures Ander of Algemeen,"Ben jij een zelfstandig professional die waarde hecht aan vrijheid én zekerheid? Bij EIFFEL blijf je baas over je eigen opdrachten als werkondernemer. Met de opheffing van het handhavingsmoratorium op de Wet DBA kijken opdrachtgevers kritischer naar hun samenwerkingen met zzp'ers. Wij bieden een oplossing waarbij je de voordelen van zelfstandigheid behoudt, terwijl je via ons bij opdrachtgevers aan de slag gaat. Binnen EIFFEL bepaal jij je eigen route. Daadkrachtig. Ambitieus. Op jouw manier. D…",2025-05-24T02:20:05Z,Onsite,https://www.adzuna.nl/land/ad/5213422423?se=avTnF4E48BG0wAyeaCZXLA&utm_medium=api&utm_source=25f3af84&v=1663AAC6A8682F5945D30ADEA5AED333FE6A8504
NL,Werkondernemer Analytics,EIFFEL,"Utrecht, Provincie Utrecht",,,,,0,Vacatures Ander of Algemeen,"Ben jij een zelfstandig professional die waarde hecht aan vrijheid én zekerheid? Bij EIFFEL blijf je baas over je eigen opdrachten als werkondernemer. Met de opheffing van het handhavingsmoratorium op de Wet DBA kijken opdrachtgevers kritischer naar hun samenwerkingen met zzp'ers. Wij bieden een oplossing waarbij je de voordelen van zelfstandigheid behoudt, terwijl je via ons bij opdrachtgevers aan de slag gaat. Binnen EIFFEL bepaal jij je eigen route. Daadkrachtig. Ambitieus. Op jouw manier. D…",2025-05-24T02:20:05Z,Onsite,https://www.adzuna.nl/land/ad/5213422418?se=avTnF4E48BG0wAyeaCZXLA&utm_medium=api&utm_source=25f3af84&v=4CB84B6F703F1DE2FF505A7743DA21F00AF7FED4
NL,Werkondernemer Analytics,EIFFEL,"Arnhem, Gelderland",,,,,0,Vacatures Ander of Algemeen,"Ben jij een zelfstandig professional die waarde hecht aan vrijheid én zekerheid? Bij EIFFEL blijf je baas over je eigen opdrachten als werkondernemer. Met de opheffing van het handhavingsmoratorium op de Wet DBA kijken opdrachtgevers kritischer naar hun samenwerkingen met zzp'ers. Wij bieden een oplossing waarbij je de voordelen van zelfstandigheid behoudt, terwijl je via ons bij opdrachtgevers aan de slag gaat. Binnen EIFFEL bepaal jij je eigen route. Daadkrachtig. Ambitieus. Op jouw manier. D…",2025-05-24T02:20:05Z,Onsite,https://www.adzuna.nl/land/ad/5213422426?se=avTnF4E48BG0wAyeaCZXLA&utm_medium=api&utm_source=25f3af84&v=27076D9C09EC1C46B0CF5B7DB3A9A1E73B630D5E
NL,Beleidsadviseur Sociaal Domein,EIFFEL,"Zwolle, Overijssel",,,,,0,Vacatures Ander of Algemeen,"Bij EIFFEL bepaal jij hoe je de samenleving versterkt. Als Beleidsadviseur Sociaal Domein zet je complexe maatschappelijke vraagstukken om in beleid dat werkt. Je maakt impact waar het nodig is - van zorg tot welzijn. En dat in een omgeving waar jij je eigen koers bepaalt. Dit ga je doen Je staat middenin de maatschappij. Hier verbind je mensen, ideeën en oplossingen met elkaar. Zo maak je het verschil voor inwoners. Je ontwikkelt beleid dat écht werkt in de praktijk, met focus op Participatie …",2025-05-24T02:20:05Z,Onsite,https://www.adzuna.nl/land/ad/5213422413?se=avTnF4E48BG0wAyeaCZXLA&utm_medium=api&utm_source=25f3af84&v=54090D9AAA13D15B33864A9DEF9C9A7AD7A7EE00
NL,Beleidsadviseur Sociaal Domein,EIFFEL,"Amsterdam, Noord-Holland",,,,,0,Vacatures Ander of Algemeen,"Bij EIFFEL bepaal jij hoe je de samenleving versterkt. Als Beleidsadviseur Sociaal Domein zet je complexe maatschappelijke vraagstukken om in beleid dat werkt. Je maakt impact waar het nodig is - van zorg tot welzijn. En dat in een omgeving waar jij je eigen koers bepaalt. Dit ga je doen Je staat middenin de maatschappij. Hier verbind je mensen, ideeën en oplossingen met elkaar. Zo maak je het verschil voor inwoners. Je ontwikkelt beleid dat écht werkt in de praktijk, met focus op Participatie …",2025-05-24T02:20:05Z,Onsite,https://www.adzuna.nl/land/ad/5213422417?se=avTnF4E48BG0wAyeaCZXLA&utm_medium=api&utm_source=25f3af84&v=3616782752360E4E44048DD2A2CA5530257E68AE
NL,Financial Analyst / Data Analyst Finance,Yacht,"Macharen, Oss",,,,,0,Unknown,"Bedrijfsomschrijving Onze opdrachtgever, B. Braun Medical, is een internationale en toonaangevende serviceprovider van producten en oplossingen in de gezondheidszorg. Bij de Nederlandse dochteronderneming in Oss en de Belgische vestiging in Diegem wordt dagelijks gewerkt aan de verbetering van medische zorg voor patiënten. De producten en diensten van B. Braun worden geleverd aan medische groothandels, ziekenhuizen, verpleeghuizen en thuiszorginstellingen. Vanuit specifieke therapievelden richt…",2025-05-24T01:59:45Z,Onsite,https://www.adzuna.nl/details/5213400604?utm_medium=api&utm_source=25f3af84
NL,Eplan Engineer,Yacht,"Leidschenveen, Den Haag",,,,,0,Unknown,"Bedrijfsomschrijving You will be working within the smart team of Siemens, where you will be part of an enthusiastic, diverse, and rapidly growing team of Engineers. We offer a stimulating work environment with challenging projects and plenty of opportunities for professional development and growth. Functieomschrijving We’re looking for a skilled Eplan Engineer to join our growing Smart Infrastructure team in The Hague, focusing on designing distribution systems for the data center industry. Ou…",2025-05-24T01:59:45Z,Onsite,https://www.adzuna.nl/details/5213400598?utm_medium=api&utm_source=25f3af84
NL,Service Desk Specialist,Hemmersbach GmbH & Co. KG,Nederland,,,,,0,Unknown,"Service Desk Specialist Are you passionate about providing top-notch customer service and have a knack for troubleshooting technical issues? Do you thrive in a fast-paced environment and enjoy working with a team of skilled professionals? If so, then we have the perfect opportunity for you! Responsibilities: Monitor and resolve incidents within the ticketing system. Provide exceptional customer support via phone and email. Collaborate with our engineers to troubleshoot technical issues. Ensure …",2025-05-24T01:52:20Z,Onsite,https://www.adzuna.nl/land/ad/5213395020?se=avTnF4E48BG0wAyeaCZXLA&utm_medium=api&utm_source=25f3af84&v=7C53A9DB6E555D11A16AF6A7FF3DA13CBAAE49C1
NL,Junior transportplanner,WolframChain,"Venlo, Limburg",,,,,0,Logistieke vacatures,"Functiebeschrijving Ben jij in voor een uitdaging en klaar voor een nieuwe stap in je carrière? Ben je analytisch sterk, wil je graag je carrière voortzetten in de logistieke dienstverlening en werk je graag in dagdiensten tussen 07:00 en 19:00? Dan is dit jouw kans om jezelf te ontwikkelen binnen een mooi internationaal bedrijf! Functieomschrijving: Voor een gespecialiseerd bedrijf in grondstoffen zijn wij op zoek naar een junior transportplanner:Je takenpakket ziet er als volgt uit: Zorg drag…",2025-05-24T01:46:25Z,Onsite,https://www.adzuna.nl/details/5213389995?utm_medium=api&utm_source=25f3af84
NL,GIS-medewerker,Driessen,"Oude Meer, Haarlemmermeer",,,,,0,Vacatures Ander of Algemeen,"Organisatie Driessen verbindt mens en werk in de sectoren overheid, onderwijs, zorg & welzijn en cultuur. Zo creëren wij werkgeluk voor meer dan 15.000 talenten die op hun beurt miljoenen mensen gelukkig maken. Want mensen die werken in de publieke sector maken de wereld elke dag een stukje mooier. Een stukje gelukkiger. En dat werkt door. Functiebeschrijving Als GIS-medewerker bij Luchtverkeersleiding Nederland (LVNL) werk je aan digitale kaarten die belangrijk zijn voor het luchtverkeer. Je h…",2025-05-24T01:45:13Z,Onsite,https://www.adzuna.nl/details/5213387387?utm_medium=api&utm_source=25f3af84
NL,MOLM zoekt een Boekhoudkundig medewerk(st)er,EDU Werving en Selectie,"Seghwaert-Oost, Zoetermeer",,,,,0,Handel vacatures,"MOLM zoekt een Boekhoudkundig medewerk(st)er Organisatie Hier voel jij je thuis MOLM B.V. de naam zegt het al, want Molm betekent houtrot. We zijn de specialist in houtrot / renovatie, dus de schilders zien ons graag komen. Dat werkt prettig voor iedereen. We hebben een nuchtere, no-nonsense cultuur en zeggen waar het op staat. Je voelt je dan ook thuis in een directe organisatie, binnen een hecht team. Als Projectleider Houtrot / Renovatie zal je merken dat de collega's gemotiveerd zijn en mee…",2025-05-24T01:45:13Z,Onsite,https://www.adzuna.nl/details/5213387406?utm_medium=api&utm_source=25f3af84
NL,Administratief medewerker,Driessen,"Esch, Haaren",,,,,0,Vacatures Ander of Algemeen,"Organisatie Driessen verbindt mens en werk in de sectoren overheid, onderwijs, zorg & welzijn en cultuur. Zo creëren wij werkgeluk voor meer dan 15.000 talenten die op hun beurt miljoenen mensen gelukkig maken. Want mensen die werken in de publieke sector maken de wereld elke dag een stukje mooier. Een stukje gelukkiger. En dat werkt door. Functiebeschrijving Als administratief medewerker bij Waterschap De Dommel werk je met gegevens in het landelijk grondwaterregister (LGR). Je voert administr…",2025-05-24T01:45:12Z,Onsite,https://www.adzuna.nl/details/5213387363?utm_medium=api&utm_source=25f3af84
NL,Design Engineer Naval Architecture,Damen Naval,"Vlissingen, Zeeland",,,,,0,Unknown,"We offer you an Ocean of Possibilities. Join our family. About us Hop aboard Damen Naval; the naval division of the family-owned Damen Shipyards Group, where 12,000 professionals work worldwide. Damen Naval delivers advanced naval vessels to clients all over the globe. By implementing the most innovative technological developments in practice, we continue to push the boundaries of the shipbuilding industry. You can be part of our team! Are you ready for duty? The role As Design Engineer Naval A…",2025-05-24T01:01:08Z,Onsite,https://www.adzuna.nl/land/ad/5213364511?se=avTnF4E48BG0wAyeaCZXLA&utm_medium=api&utm_source=25f3af84&v=A577EC538BEB329913F274A71EE20DD54E87DFEA
NL,Medewerker beleidsrealisatie,Olympia,"Bijlmer Centrum, Amsterdam",57732.0,57732.0,,57732.0,0,Vacatures Ander of Algemeen,"Het team Aanpak Bijplaatsingen van de gemeente Amsterdam, onderdeel van Afval & Grondstoffen, is op zoek naar een enthousiaste collega die graag de handen uit de mouwen steekt om Amsterdam schoner te maken. In deze rol houd je je bezig met het organiseren, voorbereiden en uitvoeren van gerichte acties en interventies om afvaldumpingen en bijplaatsingen bij (container)locaties tegen te gaan. Je werkt hierbij samen met verschillende disciplines: van afvalinzameling en beheer van de openbare ruimt…",2025-05-24T00:55:12Z,Onsite,https://www.adzuna.nl/details/5213362494?utm_medium=api&utm_source=25f3af84
NL,Finance Controller,Olympia,"Hoenzadriel, Maasdriel",71496.0,71496.0,,71496.0,0,Accounting en Financiële vacatures,"Maak impact op internationaal niveau vanuit jouw financiële expertise! We zijn voor onze nieuwe opdrachtgever op zoek naar een finance controller met ervaring. Als finance controller overzie je niet alleen alle cijfers, maar zorg je er ook voor dat de processen soepeler lopen, rapportages slimmer worden en strategische keuzes beter onderbouwd zijn. Je werkt in een high-tech, grotendeels geautomatiseerde omgeving met een team van collega’s verspreid over Europa – en toch voelt het alsof je met h…",2025-05-24T00:55:11Z,Onsite,https://www.adzuna.nl/details/5213362472?utm_medium=api&utm_source=25f3af84
NL,Hoofd IT Contractmanager,Projob,"Oud Zuid, Amsterdam",,,,,0,Administratieve vacatures,"Ben jij een analytische en resultaatgerichte professional met ervaring in IT-contractbeheer? Als Hoofd IT Contractmanager krijg je de kans om strategische contracten te beheren en bij te dragen aan de optimale werking van de organisatie, met volop ruimte voor jouw gestructureerde aanpak en besluitvaardigheid. Grijp deze kans en maak een impact – reageer vóór vrijdag 2 mei ! Over het bedrijf Een toonaangevende maatschappelijke organisatie die onder andere verantwoordelijk is voor het waarborgen …",2025-05-24T00:46:09Z,Onsite,https://www.adzuna.nl/land/ad/5213357172?se=avTnF4E48BG0wAyeaCZXLA&utm_medium=api&utm_source=25f3af84&v=38D6933E6A3B321A6B09DF432E65008E99CDB626
NL,"Data Engineer, BigQuery, data products, data mesh",AVANDA,Nederland,,,,,0,IT ICT vacatures,"*Location : Sweden or Amsterdam. Onsite 2-3 days/week *40 hours per week* *English speaking only* As a data and analytics team within the customer domain, we need data engineering support to transform existing data into data products to enable the data mesh. The work will include ingestion and transformation pipelines, data quality checks, modeling, and the setup of proper access management. This assignment will also involve stakeholder management with product and software engineering, document…",2025-05-24T00:40:34Z,Onsite,https://www.adzuna.nl/details/5213347408?utm_medium=api&utm_source=25f3af84
NL,MLOps Technical Lead,GeekSoft Consulting,Nederland,,,,,0,IT ICT vacatures,"Help design, build and continuously improve the clients online platform. Research, suggest and implement new technology solutions following best practices/standards. Take responsibility for the resiliency and availability of different products. Be a productive member of the team. Requirements 5 years of hands-on experience as an MLOps Tech Lead. Contribute to the design, development, and maintenance of MLOps pipelines and infrastructure. Implement MLOps best practices for model deployment, moni…",2025-05-24T00:40:34Z,Onsite,https://www.adzuna.nl/details/5213347417?utm_medium=api&utm_source=25f3af84
NL,"Field Prof, L&P",Halliburton,"Emmen, Drenthe",,,,,0,Energie Olie en Gas vacatures,"We are looking for the right people - people who want to innovate, achieve, grow and lead. We attract and retain the best talent by investing in our employees and empowering them to develop themselves and their careers. Experience the challenges, rewards and opportunity of working for one of the world's largest providers of products and services to the global energy industry. Job Duties Under general supervision, applies knowledge of Halliburton Open Hole Wireline Technologies to independently …",2025-05-23T23:23:00Z,Onsite,https://www.adzuna.nl/details/5213319713?utm_medium=api&utm_source=25f3af84
NL,Horecamanager AFM,Vermaat,"Amsterdam, Noord-Holland",,,,,0,Adviseur en Consultancy vacatures,"Vacaturebeschrijving Hey manager! Ben jij enthousiast, creatief en een echte aanpakker? Lees dan snel verder en solliciteer! Jouw werkplek AFM (Autoriteit Financiële Markt), DE toezichthouder van de financiële markt. In dit kantoorpand te Amsterdam kunnen de dagelijks 200 lunchgebruikers heerlijk genieten van het diverse assortiment en de espressobar. AFM heeft een dakterras waar je lekker kan zitten in de zon en waar banqueting partijen worden georganiseerd. Deze locatie is geopend maandag t/m…",2025-05-23T23:04:34Z,Onsite,https://www.adzuna.nl/details/5213316969?utm_medium=api&utm_source=25f3af84
NL,Global NRM - Tooling Lead,Unilever,"Rotterdam, Zuid-Holland",,,,,0,Unknown,"UNILEVER IS LOOKING FOR A GLOBAL NRM TOOLING LEAD Location: Rotterdam - the Netherlands & UK Local conditions apply Full-time/Part-time For the recruitment of this position, we would like to emphasize that local conditions apply to the position and for this vacancy in principle we will first consider candidates based in the Netherlands. If you are based outside of the Netherlands and you are interested to apply, please feel free to do so but we can only take your application on if a decision is…",2025-05-23T22:35:57Z,Onsite,https://www.adzuna.nl/details/5213284911?utm_medium=api&utm_source=25f3af84
NL,Project Manager / Sr Project Mgr - FSP - EMEA - Global Medical Affairs,ThermoFisher Scientific,"Eindhoven, Noord-Brabant",,,,,0,Unknown,"Work Schedule Other Environmental Conditions Office Job Description At Thermo Fisher Scientific, you'll discover meaningful work that makes a positive impact on a global scale. Join our colleagues in bringing our Mission to life - enabling our customers to make the world healthier, cleaner and safer. We provide our teams with the resources needed to achieve individual career goals while taking science a step beyond through research, development and delivery of life-changing therapies. With clin…",2025-05-23T22:35:57Z,Onsite,https://www.adzuna.nl/details/5213284884?utm_medium=api&utm_source=25f3af84
NL,"Assistant Vice President, Credit Middle Office",MUFG,"Amsterdam, Noord-Holland",,,,,0,Unknown,"Do you want your voice heard and your actions to count? Discover your opportunity with Mitsubishi UFJ Financial Group (MUFG), one of the world's leading financial groups. Across the globe, we're 120,000 colleagues, striving to make a difference for every client, organization, and community we serve. We stand for our values, building long-term relationships, serving society, and fostering shared and sustainable growth for a better world. With a vision to be the world's most trusted financial gro…",2025-05-23T22:35:57Z,Onsite,https://www.adzuna.nl/details/5213284912?utm_medium=api&utm_source=25f3af84
NL,"Sr Account Director, Business Development - RWE",ThermoFisher Scientific,Nederland,,,,,0,Unknown,"Work Schedule Standard (Mon-Fri) Environmental Conditions Office Job Description At Thermo Fisher Scientific, you'll discover meaningful work that makes a positive impact on a global scale. Join our colleagues in bringing our Mission to life - enabling our customers to make the world healthier, cleaner and safer. We provide our teams with the resources needed to achieve individual career goals while taking science a step beyond through research, development and delivery of life-changing therapi…",2025-05-23T22:35:57Z,Onsite,https://www.adzuna.nl/details/5213284886?utm_medium=api&utm_source=25f3af84
NL,Senior Analyst- Sales & Incentive Management,Zimmer Biomet,Nederland,,,,,0,Unknown,"At Zimmer Biomet, we believe in pushing the boundaries of innovation and driving our mission forward. As a global medical technology leader for nearly 100 years, a patient's mobility is enhanced by a Zimmer Biomet product or technology every 8 seconds. As a Zimmer Biomet team member, you will share in our commitment to providing mobility and renewed life to people around the world. To support our talent team, we focus on development opportunities, robust employee resource groups (ERGs), a flexi…",2025-05-23T22:35:57Z,Onsite,https://www.adzuna.nl/details/5213284933?utm_medium=api&utm_source=25f3af84
NL,Strategic Workforce Planning & Analytics Lead,Teva Pharmaceuticals,"Haarlem, Noord-Holland",,,,,0,Unknown,"Strategic Workforce Planning & Analytics Lead Date: May 22, 2025 Location: Haarlem, Netherlands, 2031GA Company: Teva Pharmaceuticals Job Id: 62110 Who we are Together, we're on a mission to make good health more affordable and accessible, to help millions around the world enjoy healthier lives. It's a mission that bonds our people across nearly 60 countries and a rich, diverse variety of nationalities and backgrounds. Working here means working with the world's leading manufacturer of generic …",2025-05-23T22:35:56Z,Onsite,https://www.adzuna.nl/details/5213284856?utm_medium=api&utm_source=25f3af84
NL,Project accounting,Stantec,"Delft, Zuid-Holland",,,,,0,Unknown,"Requisition Number: 23656BR Description: Groei met de besten. Sluit je aan bij een slim, creatief en geïnspireerd team dat achter de schermen werkt om operationele excellentie te ondersteunen. Ons Finance Team brengt mensen met uiteenlopende achtergronden, talenten en expertises samen en zijn van vitaal belang om ons bedrijf sterker te maken. In de rol van Project Accounting ben je verantwoordelijk voor het algehele financiële beheer van de lopende projecten binnen Stantec Nederland. Je bent va…",2025-05-23T22:35:56Z,Onsite,https://www.adzuna.nl/details/5213284853?utm_medium=api&utm_source=25f3af84
NL,Associate Customer Success Manager,"ServiceNow, Inc.","Amsterdam, Noord-Holland",,,,,0,Unknown,"It all started in sunny San Diego, California in 2004 when a visionary engineer, Fred Luddy, saw the potential to transform how we work. Fast forward to today - ServiceNow stands as a global market leader, bringing innovative AI-enhanced technology to over 8,100 customers, including 85% of the Fortune 500®. Our intelligent cloud-based platform seamlessly connects people, systems, and processes to empower organizations to find smarter, faster, and better ways to work. But this is just the beginn…",2025-05-23T22:35:55Z,Onsite,https://www.adzuna.nl/details/5213284811?utm_medium=api&utm_source=25f3af84
NL,Associate Customer Success Manager - Scandinavian speaker,"ServiceNow, Inc.","Amsterdam, Noord-Holland",,,,,0,Unknown,"It all started in sunny San Diego, California in 2004 when a visionary engineer, Fred Luddy, saw the potential to transform how we work. Fast forward to today - ServiceNow stands as a global market leader, bringing innovative AI-enhanced technology to over 8,100 customers, including 85% of the Fortune 500®. Our intelligent cloud-based platform seamlessly connects people, systems, and processes to empower organizations to find smarter, faster, and better ways to work. But this is just the beginn…",2025-05-23T22:35:55Z,Onsite,https://www.adzuna.nl/details/5213284809?utm_medium=api&utm_source=25f3af84
NL,Regulatory Operator,Shell,"Rotterdam, Zuid-Holland",,,,,0,Unknown,"What's the role The LCF (Low Carbon Fuels) Regulatory Operations team is responsible for ensuring compliance with the bio mandate per country by handling all sustainability documents and bio-tickets in the LCF Trading & Supply organization. These documents are essential for our certification, submission to local authorities and optimization of E2E value. The Regulatory Operator will be expected to optimally, accurately, and timely execute sustainability documentation and all related aspects and…",2025-05-23T22:35:55Z,Onsite,https://www.adzuna.nl/details/5213284813?utm_medium=api&utm_source=25f3af84
NL,Business Excellence Manager,J&J Family of Companies,"Nijmegen, Gelderland",,,,,0,Unknown,"At Johnson & Johnson,?we believe health is everything. Our strength in healthcare innovation empowers us to build a?world where complex diseases are prevented, treated, and cured,?where treatments are smarter and less invasive, and?solutions are personal.?Through our expertise in Innovative Medicine and MedTech, we are uniquely positioned to innovate across the full spectrum of healthcare solutions today to deliver the breakthroughs of tomorrow, and profoundly impact health for humanity.?Learn …",2025-05-23T22:35:55Z,Onsite,https://www.adzuna.nl/details/5213284796?utm_medium=api&utm_source=25f3af84
NL,Associate Customer Success Manager - German speaker,"ServiceNow, Inc.","Amsterdam, Noord-Holland",,,,,0,Unknown,"It all started in sunny San Diego, California in 2004 when a visionary engineer, Fred Luddy, saw the potential to transform how we work. Fast forward to today - ServiceNow stands as a global market leader, bringing innovative AI-enhanced technology to over 8,100 customers, including 85% of the Fortune 500®. Our intelligent cloud-based platform seamlessly connects people, systems, and processes to empower organizations to find smarter, faster, and better ways to work. But this is just the beginn…",2025-05-23T22:35:55Z,Onsite,https://www.adzuna.nl/details/5213284807?utm_medium=api&utm_source=25f3af84
NL,Business Unit Manager Netherlands,Abbott,"Hoofddorp, Haarlemmermeer",,,,,0,Unknown,"About Abbott Abbott is a global healthcare company dedicated to improving lives through the development of products and technologies that span the full spectrum of healthcare. With a portfolio of leading, science-based offerings in diagnostics, medical devices, nutrition, and branded pharmaceuticals, Abbott serves people in more than 150 countries. Abbott Nutrition Abbott Nutrition provides nutritional products for people of all ages. Our products help children grow and support the unique nutri…",2025-05-23T22:35:54Z,Onsite,https://www.adzuna.nl/details/5213284721?utm_medium=api&utm_source=25f3af84
NL,Workplace Design Manager,Stryker,"Amsterdam, Noord-Holland",,,,,0,Unknown,"What you will do: - Lead the development and execution of Stryker's global workplace design strategy to foster a flexible, inclusive, and agile work culture - Oversee design projects from concept to post-occupancy evaluation across multiple global locations, ensuring alignment with the Stryker Workplace Design Guidelines - Direct internal and external design teams to deliver innovative, purpose-driven workspaces that align with brand, values, and business goals - Use data from surveys, workplac…",2025-05-23T22:35:54Z,Onsite,https://www.adzuna.nl/details/5213284753?utm_medium=api&utm_source=25f3af84
NL,"Marketing Team Lead - Web, Digital Experience, SEO, Paid Media",RELX INC,"Amsterdam, Noord-Holland",,,,,0,Unknown,"Marketing Team Lead - Web, Digital Experience, SEO, Paid Media About our team: LexisNexis is the leading partner for professionals in the business and professional and legal sectors. Our mission? To ensure clients always have access to reliable, up-to-date data and groundbreaking technology. In addition to high-quality information solutions, we now also offer innovative AI-driven tools that help our clients work more efficiently and gain strategic insights. LexisNexis is on the brink of a new p…",2025-05-23T22:35:53Z,Onsite,https://www.adzuna.nl/details/5213284687?utm_medium=api&utm_source=25f3af84
NL,Regulatory Affairs Officer - VIE Contract,Sanofi Group,"Amsterdam, Noord-Holland",,,,,0,Unknown,"Regulatory Affairs Officer - VIE Contract - Location :_ _Netherlands, Amsterdam - Target start date: 01/09 /2025 iMove, the Sanofi VIE Program, is available to citizens of the European Economic Area (EU  Norway, Liechtenstein and Iceland) aged between 18 and 28. PLEASE NOTE that since this program is primarily an international development program, candidates cannot apply to a VIE assignment in their own country of citizenship. PLEASE NOTE that applications that are only submitted in French cann…",2025-05-23T22:35:53Z,Onsite,https://www.adzuna.nl/details/5213284692?utm_medium=api&utm_source=25f3af84
NL,Cloud ERP Demand Management and Program Specialist (EMEA North),SAP,"'s-Hertogenbosch, Noord-Brabant",,,,,0,Unknown,"We help the world run better At SAP, we enable you to bring out your best. Our company culture is focused on collaboration and a shared passion to help the world run better. How? We focus every day on building the foundation for tomorrow and creating a workplace that embraces differences, values flexibility, and is aligned to our purpose-driven and future-focused work. We offer a highly collaborative, caring team environment with a strong focus on learning and development, recognition for your …",2025-05-23T22:35:53Z,Onsite,https://www.adzuna.nl/details/5213284695?utm_medium=api&utm_source=25f3af84
NL,Business Development Manager,RELX INC,"Amsterdam, Noord-Holland",,,,,0,Unknown,"Business Development ManagerDutch and English speaker Do you enjoy having a Consultative approach towards sales and driving revenue? Do you enjoy collaborating with teams and customers to deliver on common goals? About the team Nexis® Solutions, as part of LexisNexis and the global RELX corporate family, connects customers to market-leading data through a flexible suite of scalable solutions, including our award-winning, flagship Nexis® research platform. By enabling fast access to a vast unive…",2025-05-23T22:35:53Z,Onsite,https://www.adzuna.nl/details/5213284688?utm_medium=api&utm_source=25f3af84
NL,Floor Manager (Coach) - Nike Utretcht Overvecht,Nike,"Overvecht-Noord, Utrecht",,,,,0,Unknown,"Nike Utrecht Overvecht is looking for a Coach to join our team and provide world-class service to the consumer: What you bring: Join the NIKE, Inc. team! As a Coach, you will be responsible for delivering exceptional consumer service and ensuring a premium brand experience for our consumers. You will coordinate, coach, and motivate the employees in your department while maintaining an excellent work atmosphere. You will support the management of the daily business in your area to achieve sales …",2025-05-23T22:35:52Z,Onsite,https://www.adzuna.nl/details/5213284615?utm_medium=api&utm_source=25f3af84
DE,Stellvertretender Bereichsleiter Kraftwerke (m/w/d),Danpower Gruppe,Deutschland,,,,,0,Unknown,"View job here Stellvertretender Bereichsleiter Kraftwerke (m/w/d) Voll- oder Teilzeit Hybrid 92237 Sulzbach-Rosenberg, Deutschland Mit Berufserfahrung 20.05.25 Wir suchen Sie als stellvertretenden Bereichsleiter Kraftwerke (m/w/d) in Sulzbach-Rosenberg , Bayern! Das sind Ihre Fähigkeiten Studium und Ausbildung: Sie haben ein erfolgreich abgeschlossenes Studium im Bereich BWL, Sustainable Management, Wirtschaftsinformatik (Data Science), Wirtschaftsrecht mit dem Schwerpunkt Umweltrecht oder Ener…",2025-05-24T10:54:47Z,Hybrid,https://www.adzuna.de/land/ad/5214044549?se=NKD4GIE48BG0wAyeaCZXLA&utm_medium=api&utm_source=25f3af84&v=D89A4BEFF289BC2BCEC06E7B5FE19E4100232A84
DE,Personalized Internet Ads Assesor (DE) Remote,TELUS International,Deutschland,,,,,0,Unknown,"Seeking a freelance project that will allow you to work from home while making a difference in the world of technology? If you are someone who is passionate and enjoys staying ahead of the tech curve this part-time remote project with flexible working hours might be what you are looking for! A Day in the Life of a Personalized Internet Ads Assessor: - In this role, you will be reviewing online advertisements by rating them on their relevance to the search terms used as well as providing feedbac…",2025-05-24T10:54:46Z,Remote,https://www.adzuna.de/land/ad/5214044483?se=NKD4GIE48BG0wAyeaCZXLA&utm_medium=api&utm_source=25f3af84&v=35F67DDF4FEFD744A1D3CAC5E03819BF04D5187E
DE,HR Controller / HR Data Analyst (w/m/d),LeasePlan Deutschland GmbH,Deutschland,,,,,0,Sonstige/Allgemeine Stellen,"Mit 14.500 Mitarbeitern weltweit und mehr als 60 Jahren Erfahrung bietet ALD Automotive | LeasePlan Full-Service-Leasing, flexible Abonnementdienste, Fuhrparkmanagement und Multimobilitätslösungen für Kunden aller Größenordnungen, darunter Großunternehmen, kleine und mittelständische Unternehmen, Freiberufler und Privatpersonen. Mit unserer hohen Kundenorientierung begeistern wir unsere Stakeholder und agieren stets vorausschauend und nachhaltig. Wir profitieren von einer umfassenden geografisc…",2025-05-24T10:46:58Z,Onsite,https://www.adzuna.de/land/ad/5214037789?se=NKD4GIE48BG0wAyeaCZXLA&utm_medium=api&utm_source=25f3af84&v=AB9FD70F6A6B73B76122538343C0311BDE757746
DE,Data Steward / Data Manager (m/w/d),Stadtwerke Karlsruhe Netzservice GmbH,"Karlsruhe, Karlsruhe (Kreis)",,,,,0,Sonstige/Allgemeine Stellen,"Data Steward / Data Manager (m⁠/⁠w⁠/⁠d) Experten für die Infrastruktur Die 100-prozentige Stadtwerke-Tochter Stadtwerke Karlsruhe Netzservice GmbH kümmert sich darum, dass Energie und Trinkwasser sicher und zuverlässig zu den Netzkundinnen und -kunden kommen. Sie ist Netzbetreiber für Strom und Gas sowie technischer Dienstleister für Wassernetze und Baudienstleister für das Fernwärmenetz. Sie erfüllt zudem die Aufgaben einer staatlich anerkannten Prüfstelle für Strom, Gas, Wasser und Wärme. Wei…",2025-05-24T10:46:57Z,Onsite,https://www.adzuna.de/land/ad/5214037738?se=NKD4GIE48BG0wAyeaCZXLA&utm_medium=api&utm_source=25f3af84&v=EE202DC879DF53049488A68B2B09CE358F8C0E97
DE,Mitarbeiter Data Solution (m/w/d),Strauss GmbH & Co. KG,"Main-Kinzig-Kreis, Hessen",,,,,0,Sonstige/Allgemeine Stellen,Strauss ist Europas führende Workwear Brand. Die Produkte mit Utilitycharakter haben mittlerweile regelrechten Lifestyle- und Kultstatus unter den Fans. Das Unternehmen mit Hauptsitz im hessischen Main-Kinzig-Kreis beschäftigt insgesamt über 1700 Mitarbeitende an allen Standorten und fertigt in 27 Ländern weltweit mit Schwerpunkt in Südostasien. Strauss ist ein Familienunternehmen. Wie viel Opa Engelbert steckt noch drin im Kult-Vogel? Eine ganze Menge: Von Du-Kultur bis Ess-Kultur – unsere Wer…,2025-05-24T10:46:56Z,Onsite,https://www.adzuna.de/land/ad/5214037730?se=NKD4GIE48BG0wAyeaCZXLA&utm_medium=api&utm_source=25f3af84&v=D8D8872BD422F0822B15F0BDCB60CA122290CC9E
DE,Area Manager (m/w/d),Amazon Europe Core,"Oerlenbach, Bad Kissingen (Kreis)",,,,,0,Sonstige/Allgemeine Stellen,"Der operative Geschäftsbereich ist das Herz von Amazon. Dieser wesentliche Teil unseres Unternehmens sorgt dafür, dass wir Bestellungen effizient versenden, damit unsere Kund:innen ihre Artikel rechtzeitig erhalten. Als Area Manager:in sorgst Du dafür, dass alle Abläufe an Deinem Standort so reibungslos wie möglich funktionieren, damit wir die Kundennachfrage erfüllen können. Du führst ein Team, das für die Sicherheit, Effizienz und erstklassige Qualität unserer Betriebsabläufe sorgt. Zusätzlic…",2025-05-24T10:46:15Z,Onsite,https://www.adzuna.de/land/ad/5214037295?se=NKD4GIE48BG0wAyeaCZXLA&utm_medium=api&utm_source=25f3af84&v=9C43F4A74A8D900540D8A8CF3109ECE1E9C70D84
DE,SAP Ariba Solution Architect (m/f/d),METRO AG,"Düsseldorf, Nordrhein-Westfalen",,,,,0,Sonstige/Allgemeine Stellen,"METRO is a leading international food wholesaler which specialises in serving the needs of hotels, restaurants, and caterers (HoReCa) as well as independent merchants (Traders). Around the world, METRO has approx. 15 million customers who benefit from the wholesale company's unique multichannel mix: customers can purchase their goods in one of the large stores in their area as well as by delivery (Food Service Distribution, FSD) – all digitally supported and connected. In parallel, METRO MARKET…",2025-05-24T10:46:05Z,Onsite,https://www.adzuna.de/land/ad/5214037196?se=NKD4GIE48BG0wAyeaCZXLA&utm_medium=api&utm_source=25f3af84&v=88AE477569838DC25155EC70D860755E8AB1890C
DE,Senior Data Scientist – Machine Learning (Pricing & Risikoanalyse) (w/m/d),HUK-COBURG Versicherungsgruppe,"Coburg, Coburg (Kreis)",,,,,0,Sonstige/Allgemeine Stellen,"Im Data Analytics Team der HUK-COBURG transformieren wir Daten in echte Mehrwerte für über 13 Mio. Kund:innen. Als Deutschlands führende Kfz-Versicherung sind wir ein traditionsreiches und stabiles Unternehmen, welches zielgerichtet in Innovation und seine datengetriebene Zukunft investiert. Unsere agilen Data Analytics Teams setzen modernste Machine Learning und KI-Methoden ein, um Prozesse zu optimieren, faire Preise zu berechnen, Schäden digital und intelligent zu steuern und um neue, innova…",2025-05-24T10:46:05Z,Onsite,https://www.adzuna.de/land/ad/5214037223?se=NKD4GIE48BG0wAyeaCZXLA&utm_medium=api&utm_source=25f3af84&v=EF2CFC04A60B90E1B57C193330031F5EC75F8031
DE,Senior Cloud Data Engineer (m/w/d),Swiss Life Deutschland Holding GmbH,"Hannover, Region Hannover (Kreis)",,,,,0,Sonstige/Allgemeine Stellen,"Du möchtest deine Talente entfalten, deine Stärken beweisen, deine Ideen einbringen? Als ein führender europäischer Anbieter von Finanz- und Vorsorgelösungen unterstützen wir mit Leidenschaft Menschen, finanziell für sich zu sorgen – ein Leben lang. Das Know-how und die Leidenschaft unserer Mitarbeitenden ist dabei die Grundlage unserer Erfolge. Deshalb fördern und unterstützen wir auch dich individuell und bedarfsgerecht sowohl in deiner persönlichen als auch bei deiner beruflichen Entwicklung…",2025-05-24T10:45:56Z,Onsite,https://www.adzuna.de/land/ad/5214037013?se=NKD4GIE48BG0wAyeaCZXLA&utm_medium=api&utm_source=25f3af84&v=60917B2A81C6BF742A1C66DF2967C440D8A4DBD9
DE,IT Trainees – Cisco Netzwerk Spezialisten (m/w/d),SVA System Vertrieb Alexander GmbH,Deutschland,,,,,0,Sonstige/Allgemeine Stellen,"Begeisterst Du Dich für hochwertige IT-Lösungen und möchtest Teil eines Unternehmens werden, das sich mit viel Herzblut um seine Kunden kümmert – und genauso um seine Beschäftigten? Dann bewirb Dich bei SVA! Wir freuen uns über Menschen, die Lust darauf haben, sich weiterzuentwickeln und in unsere Themenvielfalt hineinzuwachsen. Viele haben bei SVA ihre berufliche Heimat gefunden – lass uns gemeinsam die IT von morgen gestalten! Für unser erfahrenes und stark wachsendes Cisco-Kompetenz-Team suc…",2025-05-24T10:45:56Z,Onsite,https://www.adzuna.de/land/ad/5214037011?se=NKD4GIE48BG0wAyeaCZXLA&utm_medium=api&utm_source=25f3af84&v=2E124AA6C84CBABDA621E3699DFFD1C9B229D18E
DE,(Senior) Test Engineer – Data Analytics & Management Platform (m/w/d),Bundesdruckerei-Gruppe,"Berlin, Deutschland",,,,,0,Sonstige/Allgemeine Stellen,"Gestalten Sie mit uns die digitale Zukunft! Wir suchen Persönlichkeiten mit Teamgeist, die unsere Leidenschaft für den Schutz von Identitäten und Daten teilen, vorausschauend denken und gemeinsam mit uns an sicheren Digitalisierungslösungen arbeiten wollen. Wir sind überzeugt, dass Veränderungen neue Chancen für Entwicklung und Innovation mit sich bringen. Wir bieten Ihnen ein attraktives Arbeitsumfeld mit vielfältigen Karrieremöglichkeiten und eine sichere berufliche Zukunft. Als (Senior) Test…",2025-05-24T10:45:55Z,Onsite,https://www.adzuna.de/land/ad/5214036955?se=NKD4GIE48BG0wAyeaCZXLA&utm_medium=api&utm_source=25f3af84&v=502610A48026330AC62564B0F85B1639D8AE1D58
DE,Targeting & Data Product Manager (w/m/d),United Internet Media GmbH,Deutschland,,,,,0,Sonstige/Allgemeine Stellen,"Über uns Wir sind der exklusive Media-Vermarkter und Dialog-Spezialist der United Internet Gruppe. Langjährige Expertise und fundiertes Know-how, führende Technologien wie Target Group Planning (TGP), innovative Produkte, kreative Konzepte sowie die gebündelten Reichweiten der United Internet Portale - WEB.DE, GMX, 1&1, mail.com - sowie der Partnerportale Das Telefonbuch, Das Örtliche und Gelbe Seiten machen uns zu einem der führenden Vermarkter in Deutschland. Deine Aufgaben Mit Big Data zu na…",2025-05-24T10:45:55Z,Onsite,https://www.adzuna.de/land/ad/5214036958?se=NKD4GIE48BG0wAyeaCZXLA&utm_medium=api&utm_source=25f3af84&v=2A3A785DA1887919EFF5A37E3B107BA1832B68BC
DE,Manager Reporting mit Schwerpunkt Controlling (m/w/d),ALDI Nord,"Essen, Nordrhein-Westfalen",,,,,0,Sonstige/Allgemeine Stellen,"Die Unternehmensgruppe ALDI Nord ist einer der führenden Lebensmitteleinzelhändler. Mit einer Tradition von über 110 Jahren steht ALDI für die Erfindung des Discount-Prinzips. Unsere Mission ist es, Menschen überall und jederzeit mit dem zu versorgen, was sie für ihr tägliches Leben brauchen: qualitative Produkte zum niedrigen Preis - einfach und schnell. Dazu gehört auch, das Einkaufen für unsere Kundinnen und Kunden so einfach wie möglich zu machen. Dafür geben wir jeden Tag unser Bestes und …",2025-05-24T10:45:54Z,Onsite,https://www.adzuna.de/land/ad/5214036865?se=NKD4GIE48BG0wAyeaCZXLA&utm_medium=api&utm_source=25f3af84&v=CF2B75FCC3DBDFCD2F437323F16FE680CF0A3720
DE,Werkstudent:in (m/w/d) im Team Förderprogramme / Standardisierte Bewertung / Finanzcontrolling,NVBW - Nahverkehrsgesellschaft Baden-Württemberg mbH,"Stuttgart, Baden-Württemberg",,,,,0,Sonstige/Allgemeine Stellen,"Die NVBW – Nahverkehrsgesellschaft Baden-Württemberg mbH unterstützt das Ministerium für Verkehr Baden-Württemberg dabei, das Land zum Wegbereiter einer modernen und nachhaltigen Mobilität der Zukunft zu machen. Um dieser Herausforderung gewachsen zu sein, beschäftigen wir Expertinnen und Experten in den Bereichen Angebotsplanung und Infrastrukturentwicklung, Recht, Marketing/Erlöse/Vertrieb, Projekt- und Qualitätsmanagement sowie Neue und Digitale Mobilität. Kommen Sie zu uns und gestalten Sie…",2025-05-24T10:45:48Z,Onsite,https://www.adzuna.de/land/ad/5214036762?se=NKD4GIE48BG0wAyeaCZXLA&utm_medium=api&utm_source=25f3af84&v=34C94CAEDF9622B557C2A17D820478CCB53E4BC1
DE,International Category Lead - Engineering Services (f/m/d),E.ON,"Essen, Nordrhein-Westfalen",,,,,0,Sonstige/Allgemeine Stellen,"E.ON SE | Unbefristet | Vollzeit; Teilzeit E.ON ist einer der größten europäischen Betreiber von Energienetzen und Energieinfrastruktur sowie Anbieter innovativer Energielösungen. Unsere Mitarbeitenden arbeiten stetig daran, eine CO2-freie, digitale Energiewelt aufzubauen und unseren Kunden Zugang zu nachhaltiger Energie zu ermöglichen. Um das zu erreichen, richten wir unser Handeln auf Nachhaltigkeit, Digitalisierung und Wachstum aus. Wir sind überzeugt, dass Unterschiede uns stärker machen un…",2025-05-24T10:45:37Z,Onsite,https://www.adzuna.de/land/ad/5214036611?se=NKD4GIE48BG0wAyeaCZXLA&utm_medium=api&utm_source=25f3af84&v=41082A82D8343B4CBC5C3FEA1737914EF250DA9A
DE,Abschlussarbeit zum Thema Generative KI und Datenmanagement in der Fabrikplanung (m/w/d),Schaeffler Technologies AG & Co. KG,"Herzogenaurach, Erlangen-Höchstadt (Kreis)",,,,,0,Sonstige/Allgemeine Stellen,"Schaeffler - das ist die Faszination eines internationalen Technologie-Konzerns, verbunden mit der Kultur eines Familienunternehmens. Als Partner aller bedeutenden Automobilhersteller sowie zahlreicher Kunden im Industriebereich bieten wir Ihnen viel Raum für Ihre persönliche Entfaltung. Grundvoraussetzung für die Erstellung einer Abschlussarbeit ist der Nachweis der Immatrikulation. Diese Stelle ist ab sofort zu besetzen. Mitarbeit bei Spezifikation der notwendigen Daten für die GenAI-getriebe…",2025-05-24T10:45:31Z,Onsite,https://www.adzuna.de/land/ad/5214036455?se=NKD4GIE48BG0wAyeaCZXLA&utm_medium=api&utm_source=25f3af84&v=AF5B5250C97927117A4F7327BFD6EBE5B4ECFCF0
DE,Werkstudent (m/w/d) E-Commerce / Shopmanagement,Dr. Kurt Wolff GmbH & Co. KG,"Bielefeld, Nordrhein-Westfalen",,,,,0,Sonstige/Allgemeine Stellen,"Problemlöser aus Bielefeld, die weltweit begeistern! Unsere starken Marken: ALCINA, Alpecin, Bioniq®, KAREX, Linola, Plantur und Vagisan. Die Dr. Wolff Group ist ein seit 1905 wachsendes Familien­unternehmen in der Kosmetik- und Pharma­branche mit rund 900 Mitarbeitenden – liebevoll auch Wolffsrudel genannt. Als mittelständisches Unter­nehmen sind wir umgeben von multi­nationalen Groß­konzernen – wir sind gewisser­maßen die Gallier aus Ostwestfalen. Mit unseren Produkten wollen wir global wachs…",2025-05-24T10:45:26Z,Onsite,https://www.adzuna.de/land/ad/5214036298?se=NKD4GIE48BG0wAyeaCZXLA&utm_medium=api&utm_source=25f3af84&v=1582D7401D4C2C27F6619D918E6794698AB39FCD
DE,Senior Advisor - Verhandlungsmanagement / Commercial / Pricing (w/m/d),KPMG AG Wirtschaftsprüfungsgesellschaft,Deutschland,,,,,0,Sonstige/Allgemeine Stellen,"Begleite KPMG bei den zukünftigen Herausforderungen unserer Kunden und Kundinnen. Begeistere auch Du Dich für die Vielfalt unserer Fragestellungen - und mach gemeinsam mit uns den Unterschied. Unterstütze gemeinsam mit Deinem Team aus dem Bereich Pricing Excellence die Geschäftsbereiche bei allen Fragestellungen rund um Preisstrategien, Angebotserstellung und in Verhandlungssituationen. Als (Senior) Advisor im Bereich Commercial Management übernimmst du eine Vielzahl von Aufgaben, die deine Exp…",2025-05-24T10:45:26Z,Onsite,https://www.adzuna.de/land/ad/5214036289?se=NKD4GIE48BG0wAyeaCZXLA&utm_medium=api&utm_source=25f3af84&v=E33C164B9A3B4168B443678AB5EAC03B2D29A090
DE,Referent Asset Data & Documentation (m/w/d),TenneT TSO GmbH,Deutschland,,,,,0,Sonstige/Allgemeine Stellen,"TenneT ist ein führender europäischer Netzbetreiber, der sich für eine sichere und zuverlässige Stromversorgung einsetzt - 24 Stunden am Tag, 365 Tage im Jahr. Wir gestalten die Energiewende für eine nachhaltige Energiezukunft. Als erster grenzüberschreitender übertragungsnetzbetreiber planen, bauen und betreiben wir ein fast 25.000 Kilometer langes Hoch- und Höchstspannungsnetz in den Niederlanden und Deutschland und sind einer der größten Investoren in nationale und internationale Stromnetze,…",2025-05-24T10:45:25Z,Onsite,https://www.adzuna.de/land/ad/5214036252?se=NKD4GIE48BG0wAyeaCZXLA&utm_medium=api&utm_source=25f3af84&v=18BE010C33B07CE444FCB4B8A8D8AFD358E30E8D
DE,Change Manager (m/w/d),Amazon Europe Core,"Kitzingen, Kitzingen (Kreis)",,,,,0,Sonstige/Allgemeine Stellen,"Operations is the driving force behind Amazon. This key service of our business allows us to fulfill and ship orders efficiently so that our customers receive their items on time. As a Change Manager, you will ensure that your site functions perfectly to meet the demands of our customers. You will take on a number of projects across our network to drive productivity. Job ID: 2911843 | Amazon Deutschland S38 Transport GmbH - L98 Key job responsibilities • Lead process improvement projects, engag…",2025-05-24T10:45:22Z,Onsite,https://www.adzuna.de/land/ad/5214036101?se=NKD4GIE48BG0wAyeaCZXLA&utm_medium=api&utm_source=25f3af84&v=9B906A31D575587A92F7ECF8F83D5D1782E1E3D8
DE,Senior Security Analyst (m/w/d),fernao magellan GmbH,Deutschland,,,,,0,Sonstige/Allgemeine Stellen,"Wir machen die digitale Welt sicher. Als fernao Gruppe sorgen wir mit Profis aus allen Bereichen der IT-Sicherheit dafür, dass unsere Kund*innen sich auf das fokussieren, was ihnen am wichtigsten ist: ihren Erfolg. fernao magellan GmbH - Wir setzen die neuen Maßstäbe für IT-Sicherheit. Immer wieder. Seit 2015 sind wir die IT-Security Experten innerhalb der fernao Gruppe. Hier entwickeln wir Sicherheitsstrategien, die so individuell sind, wie die Herausforderungen unserer Kund*innen. Digitale Be…",2025-05-24T10:45:18Z,Onsite,https://www.adzuna.de/land/ad/5214036010?se=NKD4GIE48BG0wAyeaCZXLA&utm_medium=api&utm_source=25f3af84&v=F95A31D42373AC1A21806E25E6496DD473241803
DE,Intern Business Controlling (m/f/d),tesa SE,Deutschland,,,,,0,Sonstige/Allgemeine Stellen,"Contract type: befristet auf bis zu 1 Jahr Working time: Vollzeit Support Business Controllers during operational activities, planning, and reporting cycles Maintain and enhance existing reporting tools focused on sales performance and profitability tracking Develop new Excel-based tools to support business steering and decision-making Conduct customized ad-hoc analysis and deep-dives across various business segments Contribute to product development and innovation processes through business un…",2025-05-24T10:45:15Z,Onsite,https://www.adzuna.de/land/ad/5214035970?se=NKD4GIE48BG0wAyeaCZXLA&utm_medium=api&utm_source=25f3af84&v=14EAE2DF956DF6D8BF54ACE601BECEDF81875D90
DE,Area Manager (m/w/d),Amazon Europe Core,"Horn-Bad Meinberg, Lippe (Kreis)",,,,,0,Sonstige/Allgemeine Stellen,"Der operative Geschäftsbereich ist das Herz von Amazon. Dieser wesentliche Teil unseres Unternehmens sorgt dafür, dass wir Bestellungen effizient versenden, damit unsere Kund:innen ihre Artikel rechtzeitig erhalten. Als Area Manager:in sorgst Du dafür, dass alle Abläufe an Deinem Standort so reibungslos wie möglich funktionieren, damit wir die Kundennachfrage erfüllen können. Du führst ein Team, das für die Sicherheit, Effizienz und erstklassige Qualität unserer Betriebsabläufe sorgt. Zusätzlic…",2025-05-24T10:45:14Z,Onsite,https://www.adzuna.de/land/ad/5214035912?se=NKD4GIE48BG0wAyeaCZXLA&utm_medium=api&utm_source=25f3af84&v=3478A41F7065E8A34AB6966112941A7354EDDCAB
DE,Data Analyst - Deals,trivago N.V.,"Bilk, Düsseldorf",,,,,0,Sonstige/Allgemeine Stellen,"When travelers are searching for a hotel, we want the obvious choice to be trivago! Our leading metasearch engine is super fast and constantly optimized – enabling millions of travelers to compare hotel prices from hundreds of booking sites and find great deals in just a few clicks. We use cutting-edge technology, real-time auction, and machine learning techniques with petabytes of data to create an experience – time and money saved! In the lively city of Düsseldorf, we seize opportunities to l…",2025-05-24T10:45:14Z,Onsite,https://www.adzuna.de/land/ad/5214035911?se=NKD4GIE48BG0wAyeaCZXLA&utm_medium=api&utm_source=25f3af84&v=6165809274165FDEB0EFE4AD6EA772299FBC3980
DE,Teamleiter (m/w/d) Konstruktion,Data Modul Weikersheim GmbH,"Weikersheim, Main-Tauber-Kreis",,,,,0,Sonstige/Allgemeine Stellen,"Als Passionate Enabler setzt die DATA MODUL alles daran, die Visionen ihrer Kunden in die Realität umzusetzen. Mit einem umfassenden Verständnis von Hardware, Software und Services als harmonische Einheit liegt der Fokus darauf, maßgeschneiderte Displaylösungen zu entwickeln, die genau den spezifischen Bedürfnissen und Zielen der Kunden entsprechen. Zur Verstärkung unseres Teams an unserem Standort in Weikersheim suchen wir zum nächstmöglichen Zeitpunkt einen Teamleiter (m/w/d) Konstruktion in …",2025-05-24T10:44:45Z,Onsite,https://www.adzuna.de/land/ad/5214035557?se=NKD4GIE48BG0wAyeaCZXLA&utm_medium=api&utm_source=25f3af84&v=5DE9B300B6D5899FE11C7FE43A9CAD8062C04BEB
DE,Instandhaltungstechniker:in für unseren Standort in Achim,Amazon Europe Core,"Achim, Verden (Kreis)",,,,,0,Sonstige/Allgemeine Stellen,"Amazon is an equal opportunities employer. We believe passionately that employing a diverse workforce is central to our success. We make recruiting decisions based on your experience and skills. We value your passion to discover, invent, simplify and build. Protecting your privacy and the security of your data is a longstanding top priority for Amazon. Please consult our Privacy Notice to know more about how we collect, use and transfer the personal data of our candidates. m/w/d Our inclusive c…",2025-05-24T10:44:45Z,Onsite,https://www.adzuna.de/land/ad/5214035550?se=NKD4GIE48BG0wAyeaCZXLA&utm_medium=api&utm_source=25f3af84&v=54A733508E9670938F29086FEE325E181E7B9EA5
DE,Principal Engineer AI Services (w/m/d),BWI GmbH,Deutschland,,,,,0,Sonstige/Allgemeine Stellen,"Als primärer Digitalisierungspartner der Bundeswehr erbringen wir stabile, sichere und effiziente IT-Services im In- und Ausland, vom Grundbetrieb bis in den einsatznahen Bereich und tragen so zur kontinuierlichen Erhöhung der Führungs- und Einsatzfähigkeit der Bundeswehr bei. Mit über 7.700 Kolleg*innen betreiben und modernisieren wir eine der größten und komplexesten IT-Infrastrukturen in Deutschland. Wir suchen verantwortungsvolle IT-Spezialist*innen, die die Bundeswehr-IT aus Überzeugung in…",2025-05-24T10:44:39Z,Onsite,https://www.adzuna.de/land/ad/5214035466?se=NKD4GIE48BG0wAyeaCZXLA&utm_medium=api&utm_source=25f3af84&v=BA8C5DE365BBEFD13F9AD8D9301BB40E4C4DC6A3
DE,Area Manager (m/w/d),Amazon Europe Core,"Hannover, Region Hannover (Kreis)",,,,,0,Sonstige/Allgemeine Stellen,"Der operative Geschäftsbereich ist das Herz von Amazon. Dieser wesentliche Teil unseres Unternehmens sorgt dafür, dass wir Bestellungen effizient versenden, damit unsere Kund:innen ihre Artikel rechtzeitig erhalten. Als Area Manager:in sorgst Du dafür, dass alle Abläufe an Deinem Standort so reibungslos wie möglich funktionieren, damit wir die Kundennachfrage erfüllen können. Du führst ein Team, das für die Sicherheit, Effizienz und erstklassige Qualität unserer Betriebsabläufe sorgt. Zusätzlic…",2025-05-24T10:44:39Z,Onsite,https://www.adzuna.de/land/ad/5214035462?se=NKD4GIE48BG0wAyeaCZXLA&utm_medium=api&utm_source=25f3af84&v=3366D34490FFAA4C9CBA517CB1D23D27BF3B8695
DE,(Junior) Datenarchitekt (m/w/d),BITMARCK-Unternehmensgruppe,Deutschland,,,,,0,Sonstige/Allgemeine Stellen,"Bei uns hast du Einfluss auf die Entwicklung von innovativen, digitalen Services, die alle Beteiligten des Gesundheitswesens miteinander verbinden. Wir treiben die Digitalisierung der gesamten Branche voran – von der Fachberatung über die Softwareentwicklung bis zum Betrieb von Rechenzentren und einem Framework, das zu den größten Java-Applikationen Europas zählt. Dafür realisieren unsere mehr als 1.800 Mitarbeiterinnen und Mitarbeiter exzellente IT-Lösungen, die die bestmögliche Betreuung und …",2025-05-24T10:44:39Z,Onsite,https://www.adzuna.de/land/ad/5214035439?se=NKD4GIE48BG0wAyeaCZXLA&utm_medium=api&utm_source=25f3af84&v=4D1146BAFD4C256368EA8210B1308944B8436489
DE,Area Manager (m/w/d),Amazon Europe Core,"Weiterstadt, Darmstadt-Dieburg (Kreis)",,,,,0,Sonstige/Allgemeine Stellen,"Der operative Geschäftsbereich ist das Herz von Amazon. Dieser wesentliche Teil unseres Unternehmens sorgt dafür, dass wir Bestellungen effizient versenden, damit unsere Kund:innen ihre Artikel rechtzeitig erhalten. Als Area Manager:in sorgst Du dafür, dass alle Abläufe an Deinem Standort so reibungslos wie möglich funktionieren, damit wir die Kundennachfrage erfüllen können. Du führst ein Team, das für die Sicherheit, Effizienz und erstklassige Qualität unserer Betriebsabläufe sorgt. Zusätzlic…",2025-05-24T10:44:39Z,Onsite,https://www.adzuna.de/land/ad/5214035429?se=NKD4GIE48BG0wAyeaCZXLA&utm_medium=api&utm_source=25f3af84&v=B3C54EC581483C95AD48F22A2EBC601EB89A8478
DE,(Senior) Account Manager Digital Transformation (m/w/d),Conet Technologies Holding GmbH,Deutschland,,,,,0,Sonstige/Allgemeine Stellen,"Die CONET-Gruppe ist seit mehr als 30 Jahren der Digitalisierungs­partner mit Fokus auf Consulting, Customer Experience, Data Intelligence, Managed Services, SAP und Software Development. Die CONET Technologies Holding GmbH ist ein führendes IT-Beratungsunternehmen mit über 2.000 Mitarbeitenden und einem Jahresumsatz von rund 280 Millionen Euro. Zur Betreuung und Weiterentwicklung unserer Bestandskunden sowie zur Gewinnung neuer Kunden mit hohem Wachstumspotenzial suchen wir an unseren Standort…",2025-05-24T10:44:38Z,Onsite,https://www.adzuna.de/land/ad/5214035360?se=NKD4GIE48BG0wAyeaCZXLA&utm_medium=api&utm_source=25f3af84&v=0BDB12A0019A38147EE178F249B461061A04FD2B
DE,Software Engineer Java oder .Net/C# (w/m/d),PRODATO Integration Technology GmbH,"Nürnberg, Bayern",,,,,0,Sonstige/Allgemeine Stellen,"Prozesse, Daten, Organisation – dafür steht PRODATO. Wir sind eine IT-Beratung mit Sitz in Nürnberg und seit über 25 Jahren darauf spezialisiert, maßgeschneiderte Lösungen zu entwickeln, die Innovation, Praxisnähe und Wirtschaftlichkeit vereinen. Unsere Kernkompetenzen liegen in den Bereichen Business Intelligence, Analytics, Data Warehousing, Künstliche Intelligenz sowie im Prozess- und Projektmanagement. Darüber hinaus realisieren wir anspruchsvolle Softwareprojekte und entwickeln durchdachte…",2025-05-24T10:44:32Z,Onsite,https://www.adzuna.de/land/ad/5214035138?se=NKD4GIE48BG0wAyeaCZXLA&utm_medium=api&utm_source=25f3af84&v=B2386FBEE6BC0B824996C36E3F645276903FA61C
DE,Lead Executive Talent Partner (f/m/d),Bauer Media Group,"Hamburg, Deutschland",,,,,0,Sonstige/Allgemeine Stellen,"As our Lead Executive Talent Partner you will spearhead and lead Executive Recruitment at Bauer Media Group. This entails being responsible for implementing a newly created executive recruitment process group-wide, working closely with the Executive Leadership Team and key HR leaders to attract, assess and win the best possible talent for the executive roles. This role requires a strategic thinker with exceptional interpersonal skills to run effective executive search processes, provide outstan…",2025-05-24T10:44:31Z,Onsite,https://www.adzuna.de/land/ad/5214035116?se=NKD4GIE48BG0wAyeaCZXLA&utm_medium=api&utm_source=25f3af84&v=F6A280E74D45FE263193FC399ACEEAB53B7D12AA
DE,(Senior) Consultant Defense Management (m/w/d),CONET Solutions GmbH,Deutschland,,,,,0,Sonstige/Allgemeine Stellen,"Die CONET Solutions GmbH bietet unter dem Motto ""IT-Welten verbinden!"" innovative IT-Lösungen in den Bereichen Data Intelligence & KI, Digitalisierung, Cyber Security, Strategic IT Management und Software Engineering an. In spannenden und abwechslungsreichen Projekten unterstützten und begleiten wir unsere Kunden bei der digitalen Transformation ihrer Organisation. Du willst ein Teil davon sein und Lösungen gemeinsam mit unseren Kunden entwickeln und deren Digitalisierung vorantreiben? Dann suc…",2025-05-24T10:44:30Z,Onsite,https://www.adzuna.de/land/ad/5214034995?se=NKD4GIE48BG0wAyeaCZXLA&utm_medium=api&utm_source=25f3af84&v=4F75D5BCE7CC7FB7F464C5D06DB03B2E3A34AE91
DE,Steinbeis Master - Business Transformation Analyst CRM & (Junior) Project Management Officer (f/m/x),ZEISS,Deutschland,,,,,0,Sonstige/Allgemeine Stellen,"Step out of your comfort zone, excel and redefine the limits of what is possible. That's just what our employees are doing every single day – in order to set the pace through our innovations and enable outstanding achievements. After all, behind every successful company are many great fascinating people. In a spacious modern setting full of opportunities for further development, ZEISS employees work in a place where expert knowledge and team spirit reign supreme. All of this is supported by a s…",2025-05-24T10:44:26Z,Onsite,https://www.adzuna.de/land/ad/5214034874?se=NKD4GIE48BG0wAyeaCZXLA&utm_medium=api&utm_source=25f3af84&v=C89E916DE56A7614996AD5FF50DAC5F66317A211
DE,Ausbildung zum Fachinformatiker (m/w/d) Daten- und Prozessanalyse,CBR Service GmbH,Deutschland,,,,,0,Sonstige/Allgemeine Stellen,"Mit aktuell 25 Auszubildenden und Dual Studierenden in unseren kaufmännischen Bereichen und der IT der CBR Fashion Group sind wir ein starkes Team. Unsere Nachwuchstalente übernehmen von Anfang an die volle Verantwortung in ihren Einsatzgebieten und organisieren gemeinsam abteilungsübergreifende Projekte. Freu dich auf spannende Aufgaben und gemeinsame Momente – sei es beim Pizza essen, erfrischenden Drinks auf der Dachterrasse oder bei anderen Events mit den Teams. Werde Teil unseres erfolgrei…",2025-05-24T10:44:24Z,Onsite,https://www.adzuna.de/land/ad/5214034791?se=NKD4GIE48BG0wAyeaCZXLA&utm_medium=api&utm_source=25f3af84&v=56739ECD056A1CB8B1602D9D0450C391DF7596F4
DE,Solution Architect MDM Core Platform (m/w/d),ALDI Einkauf SE & Co. oHG,Deutschland,,,,,0,Sonstige/Allgemeine Stellen,"Die Unternehmensgruppe ALDI Nord ist einer der führenden Lebensmitteleinzelhändler. Mit einer Tradition von über 110 Jahren steht ALDI für die Erfindung des Discount-Prinzips. Unsere Mission ist es, Menschen überall und jederzeit mit dem zu versorgen, was sie für ihr tägliches Leben brauchen: qualitative Produkte zum niedrigen Preis - einfach und schnell. Dazu gehört auch, das Einkaufen für unsere Kundinnen und Kunden so einfach wie möglich zu machen. Dafür geben wir jeden Tag unser Bestes und …",2025-05-24T10:44:23Z,Onsite,https://www.adzuna.de/land/ad/5214034713?se=NKD4GIE48BG0wAyeaCZXLA&utm_medium=api&utm_source=25f3af84&v=69E7BC7E44E54E338B534682BF11DD65841819CD
DE,Consultant Financial Data & Business Intelligence (w/m/d),FUTRUE GmbH,"Gräfelfing, München (Kreis)",,,,,0,Sonstige/Allgemeine Stellen,"FUTRUE ist mehr als eine international ausgerichtete Healthcare-Gruppe! Mit mittlerweile über 20 Unternehmen und mehr als 90 Arzneimittelzulassungen sind wir u.a. in den Bereichen E-Health, Mikrobiomtherapie, innovative Schmerztherapien sowie chemiefreie Arzneimittel weltweit führend. Zahlreiche unserer Unternehmen, darunter z.B. SYNformulas oder Vertanical, gehören zu den weltweit am schnellsten wachsenden Healthcare-Unternehmen. Um diesen Erfolg fortzuführen, setzen wir auf eine neue Generati…",2025-05-24T10:44:18Z,Onsite,https://www.adzuna.de/land/ad/5214034576?se=NKD4GIE48BG0wAyeaCZXLA&utm_medium=api&utm_source=25f3af84&v=A31B3B4469F5703142401B8643AD645BD974B688
DE,SAP/ Application Manager (m/w/d),beyerdynamic GmbH & Co. KG,"Böckingen, Heilbronn",,,,,0,Sonstige/Allgemeine Stellen,"Wir bei beyerdynamic stehen für erstklassigen Sound und innovative Audiotechnik – seit über 100 Jahren. Unsere Produkte setzen Maßstäbe, begeistern Menschen weltweit und machen uns zu einem der führenden Hersteller in der Branche. Doch wir haben noch viel vor! Unser Fokus liegt auf Wachstum, Weiterentwicklung und dem Blick nach vorne. Dafür suchen wir motivierte Talente, die nicht nur Chancen erkennen, sondern sie auch mutig ergreifen. Menschen, die mit kreativen Ideen und Leidenschaft dazu bei…",2025-05-24T10:44:16Z,Onsite,https://www.adzuna.de/land/ad/5214034518?se=NKD4GIE48BG0wAyeaCZXLA&utm_medium=api&utm_source=25f3af84&v=080FB1DD30CECCDE5A298C30B8B0CB8C4AE2CAF2
DE,Engineer / Developer EDI-Integration (m/w/d),Duvenbeck Logistics Holding GmbH & Co. KG,Deutschland,,,,,0,Sonstige/Allgemeine Stellen,"Engineer / Developer EDI-Integration (m/w/d) deutschlandweit Vollzeit Wir bei Duvenbeck begeistern mit unserer „Kultur der Logistik“ zahlreiche Unternehmen der Automobil-, Kunststoff- und landwirtschaftlichen Fahrzeugindustrie. Mit über 6.500 Mitarbeitenden an mehr als 33 Standorten in 8 Ländern gehören wir zu den führenden Logistikunternehmen Europas. Unseren Erfolg verdanken wir unseren Mitarbeitenden, die jeden Tag entscheiden, handeln, anpacken, umsetzen und vor allem: mit uns gemeinsam wac…",2025-05-24T10:44:16Z,Onsite,https://www.adzuna.de/land/ad/5214034538?se=NKD4GIE48BG0wAyeaCZXLA&utm_medium=api&utm_source=25f3af84&v=8DE2B9641A8E876F0EC52699FF6614D3670E0D1C
DE,Controller (m/w/d),Oberhavel Kliniken GmbH,"Oranienburg, Oberhavel (Kreis)",,,,,0,Sonstige/Allgemeine Stellen,"Zum Unternehmensverbund der Oberhavel Kliniken gehören drei Kliniken an den Standorten Hennigsdorf, Oranienburg und Gransee mit insgesamt 850 Betten und Tagesklinischen Plätzen in 18 Fachbereichen. Wir beschäftigen ca. 2.000 Mitarbeiterinnen und Mitarbeiter. Weiterhin betreibt der Unternehmensverbund ein Gesundheitszentrum mit 24 Arztpraxen an allen drei Standorten in verschiedenen Fachrichtungen, den Rettungsdienst im Landkreis Oberhavel, ein Stationäres Hospiz und eine Servicegesellschaft. Di…",2025-05-24T10:43:43Z,Onsite,https://www.adzuna.de/land/ad/5214033844?se=NKD4GIE48BG0wAyeaCZXLA&utm_medium=api&utm_source=25f3af84&v=EF6257D396BE20C83489E89E81862B1D0F9DCF55
DE,Integration Engineer mit Schwerpunkt EDI (m/w/d),MHK Marketing Handel Kooperation GmbH & Co. Verbundgruppen Holding KG,"Dreieich, Offenbach (Kreis)",,,,,0,Sonstige/Allgemeine Stellen,"Wir gehören zur Spitzengruppe der deutschen Möbeleinkaufskooperationen. Zu unserer Unternehmensgruppe gehören bekannte Marken wie musterhaus Küchen und REDDY Küchen, spezialisierte Dienstleistungsunternehmen für Marketing, Informationstechnologie, Betriebsführung und Finanzen sowie Handwerksbetriebe. Zur Verstärkung unseres Teams der MHK Group IT in unserer Unternehmenszentrale in Dreieich suchen wir zum nächstmöglichen Zeitpunkt Sie als Integration Engineer mit Schwerpunkt EDI (m/w/d) unbefris…",2025-05-24T10:41:18Z,Onsite,https://www.adzuna.de/land/ad/5214030071?se=NKD4GIE48BG0wAyeaCZXLA&utm_medium=api&utm_source=25f3af84&v=D82500B19FC096CA490183DF6A962EE027F29855
DE,Werkstudent Marketing & Investor Services (m/w/d),Comgest Deutschland GmbH,"Derendorf, Düsseldorf",,,,,0,Sonstige/Allgemeine Stellen,"Comgest ist eine globale Vermögensverwaltungsgruppe mit Schwerpunkt auf Aktien und befindet sich zu 100 Prozent im Besitz der Mitarbeitenden und Gründer. Diese breit angelegte Partnerschaft ist seit knapp 40 Jahren die Grundlage für einen verantwortungsvollen, konsistenten und auf Qualitätswachstum ausgerichteten Investmentansatz. Von seinem Hauptsitz in Paris und Niederlassungen in Europa, im asiatisch-pazifischen Raum und Nordamerika aus unterstützt Comgest Anleger auf der ganzen Welt, die de…",2025-05-24T10:41:18Z,Onsite,https://www.adzuna.de/land/ad/5214030114?se=NKD4GIE48BG0wAyeaCZXLA&utm_medium=api&utm_source=25f3af84&v=4FA05B747C79895778C34A557EA51DD35187DD75
DE,Bankfachlicher Testmanager / Releasemanager (m/w/d),Sparkassen Rating und Risikosysteme GmbH,"Berlin, Deutschland",,,,,0,Sonstige/Allgemeine Stellen,"Die Sparkassen Rating und Risikosysteme (SR) ist der zentrale Dienstleister für Verfahren des Risikomanagements in der Sparkassen-Finanzgruppe. Wir unterstützen die Institute mit Standardlösungen in den Bereichen der Risikomessung und -steuerung, der regulatorischen Banksteuerung sowie im Vertrieb mit Data-Analytics-Lösungen. Gemeinsam mit unseren Partnern bieten wir den Instituten, von der Konzeption der Verfahren, über deren Weiterentwicklung, IT-Umsetzung und Umsetzungsunterstützung, zentral…",2025-05-24T10:41:10Z,Onsite,https://www.adzuna.de/land/ad/5214029872?se=NKD4GIE48BG0wAyeaCZXLA&utm_medium=api&utm_source=25f3af84&v=B8CBDB03EDD461E0BE3F12D73CE57AAAEF75464B
DE,Wissenschaftliche*r Mitarbeiter*in (w/m/d) als Zentrumsleitung im Bereich High Performance Computing (HPC),Zuse Institute Berlin ,"Berlin, Deutschland",,,,,0,Sonstige/Allgemeine Stellen,"Das Zuse-Institut Berlin (ZIB) ist ein interdisziplinär arbeitendes Forschungsinstitut des Landes Berlin. Wir betreiben Forschung und Entwicklung in der anwendungsnahen Mathematik und praktischen Informatik sowie Analyse und Verarbeitung komplexer Daten in Verbindung mit Hochleistungsrechnen. Im Rahmen des NHR-Zentrums ist ab sofort eine Stelle als Wissenschaftliche*r Mitarbeiter*in (w/m/d) als Zentrumsleitung im Bereich High Performance Computing (HPC) in Vollzeit (39,4 Wochenstunden), unbefri…",2025-05-24T10:41:08Z,Onsite,https://www.adzuna.de/land/ad/5214029655?se=NKD4GIE48BG0wAyeaCZXLA&utm_medium=api&utm_source=25f3af84&v=8BE117A72F9056917058B79A18BCB270A3A19B6A
DE,Product Owner/Koordinator Girokonto-Prozesse (m/w/d) | DBALIQ,Atruvia AG,Deutschland,,,,,0,Sonstige/Allgemeine Stellen,"Wir sind der Digitalisierungspartner der genossenschaftlichen FinanzGruppe und vereinen jahrzehntelange Banking-Expertise mit moderner Informationstechnologie. Die speziell auf Banken zugeschnittenen IT-Lösungen und Leistungen reichen vom Rechenzentrumsbetrieb über das Bankverfahren agree21 bis hin zur App-Entwicklung. Dabei nutzen wir zukunftsweisende Technologien wie künstliche Intelligenz oder Smart Data und schreiben Prozessoptimierung und Regulatorik groß. Wir haben uns zum Ziel gesetzt,…",2025-05-24T10:41:06Z,Onsite,https://www.adzuna.de/land/ad/5214029536?se=NKD4GIE48BG0wAyeaCZXLA&utm_medium=api&utm_source=25f3af84&v=C36925E56D3252612CCF6E84AFC96F24CD33884A
DE,(Junior) Business Development Manager:in (w/m/d),Finanztip Verbraucherinformation GmbH,"München, München (Kreis)",,,,,0,Sonstige/Allgemeine Stellen,"Wir alle müssen ein Leben lang Finanz-Entscheidungen treffen. Vom ersten Girokonto oder Handyvertrag über die richtigen Ver­si­che­rungen bis zu den großen Weichenstellungen im Leben, wie etwa dem Kauf einer Immobilie oder Deiner Vorsorge fürs Alter. Aber wer erklärt einfach und verständlich, wie das alles funktioniert? Wer sagt Dir, was für Dich wirklich sinnvoll ist – und wovon Du besser die Finger lassen solltest? Genau dafür gibt es Finanztip. Unsere Mission ist es, persönliche Finanzen so …",2025-05-24T10:41:04Z,Onsite,https://www.adzuna.de/land/ad/5214029384?se=NKD4GIE48BG0wAyeaCZXLA&utm_medium=api&utm_source=25f3af84&v=D6B21B705050FA83B38EF88DD84A8A4ED54478E5
DE,Referent Informationssicherheit (w/m/d),Stadtwerke Karlsruhe GmbH,"Karlsruhe, Karlsruhe (Kreis)",,,,,0,Sonstige/Allgemeine Stellen,"Referent Informationssicherheit (w⁠/⁠m⁠/⁠d) Unsere Produkte machen das Leben leichter. Licht, Wärme, Kühle, Frische, Sauberkeit, Unterhaltung, Entspannung, Kunstgenuss, Information, Arbeitserleichterung: Alles ist jederzeit im Handumdrehen oder per Knopfdruck verfügbar - dank Strom, Erdgas, Trinkwasser und Fernwärme, die angenehm unauffällig per Leitung ins Haus kommen. Über 1.100 Mitarbeiterinnen und Mitarbeiter sorgen bei den Stadtwerken Karlsruhe dafür, dass die Kunden in Karlsruhe und der R…",2025-05-24T10:40:24Z,Onsite,https://www.adzuna.de/land/ad/5214028739?se=NKD4GIE48BG0wAyeaCZXLA&utm_medium=api&utm_source=25f3af84&v=2D35A59812B54E82DA18B4563F8BC52966FCB6C1
DE,Lead Backend Developer (w/m/d) Remote / Homeoffice,hsag Heidelberger Services AG,Deutschland,,,,,0,Sonstige/Allgemeine Stellen,"Als Dienstleister für Energieversorgungsunternehmen unterstützen wir unsere Kunden, die Energiewende sowie die Digitalisierung voranzutreiben. Du arbeitest gerne im Homeoffice? Kein Problem! Auch wenn in unserem Namen Heidelberg auftaucht, genießen unsere 600 Mitarbeitenden die Freiheit, dort zu arbeiten, wo sie sich am wohlsten fühlen. Wir suchen zum nächstmöglichen Zeitpunkt einen Lead Backend Developer (w⁠/⁠m⁠/⁠d) in der Energiewirtschaft für unseren Standort in Walldorf (Rhein-Neckar-Kreis)…",2025-05-24T10:40:23Z,Onsite,https://www.adzuna.de/land/ad/5214028693?se=NKD4GIE48BG0wAyeaCZXLA&utm_medium=api&utm_source=25f3af84&v=467AD263700E0D8035F86D432DD437D348DA6192
DE,Werkstudent:in Data Platforms,HDI AG,"Hannover, Region Hannover (Kreis)",,,,,0,Sonstige/Allgemeine Stellen,"Starte durch bei den HDI Zentralfunktionen! Die HDI Zentral­funktionen decken die organi­sa­torischen Bereiche des Business ab. Dazu gehören unter anderem die Funktionen Per­so­nal, Innere Dienste, Ein­kauf, Rechnungs­wesen und In- / Exkasso. Wir bieten Dir die Mög­lich­keit, immer wieder neue Wege zu gehen und uns so gemein­sam weiter­zu­entwickeln. Unterstützung des Teams bei der tech­nischen Analyse beste­hender Daten­inte­grationsjobs Entwicklung und Dokumentation eines Ver­fahrens (vorzugs…",2025-05-24T10:40:23Z,Onsite,https://www.adzuna.de/land/ad/5214028716?se=NKD4GIE48BG0wAyeaCZXLA&utm_medium=api&utm_source=25f3af84&v=0A4FF5D41C3B49319CD8280698B4707F03F58BCE
DE,Trainee Logistikplanung (m/w/x),Arvato SE,Deutschland,,,,,0,Sonstige/Allgemeine Stellen,"We're on it! Arvato bietet dir eine der dynamischsten Arbeitsumgebungen, die du dir vorstellen kannst. Wir wachsen, wir sind innovativ, wir lösen jeden Tag die Herausforderungen unserer Kunden auf der ganzen Welt. Wie schaffen wir das? Mit unserem globalen Team aus 17.000 Kolleg:innen an über 100 Standorten in 17 Ländern und unserem besonderen Spirit: We're on it! Als strategischer Wachstumspartner unserer Kunden setzen wir auf cloud-basierte E-Commerce- und IT-Plattformen sowie modernste Autom…",2025-05-24T10:40:23Z,Onsite,https://www.adzuna.de/land/ad/5214028677?se=NDrlGYE48BGKPBF8ALaCew&utm_medium=api&utm_source=25f3af84&v=38BE07ED579DAB664341981C25910E10114BD026
DE,Group Financial Accountant (m/w/d),NTT Global Data Centers EMEA GmbH,"Frankfurt am Main, Hessen",,,,,0,Sonstige/Allgemeine Stellen,"Wir, einer der größten Rechenzentrumsanbieter, der sich der Bereitstellung der digitalen Infrastruktur von morgen verschrieben hat. Innovation liegt in unserer DNA. Unser Ziel ist es, Grenzen zu überschreiten, neue Möglichkeiten zu erkunden und neue Technologien zu nutzen, um kontinuierlich sicherzustellen, dass jede Interaktion, jede Lösung und jedes Ergebnis die Erwartungen unserer Kunden übertrifft. Unsere Werte sind die Leitprinzipien, die unsere Kultur prägen, unsere Identität definieren u…",2025-05-24T10:40:21Z,Onsite,https://www.adzuna.de/land/ad/5214028629?se=NDrlGYE48BGKPBF8ALaCew&utm_medium=api&utm_source=25f3af84&v=F4ED9DBCE422A54876B9128CE9C275648338F9D5
DE,Accountant (m/w/d) für Dortmund oder München und remote,Dataciders GmbH,Deutschland,,,,,0,Sonstige/Allgemeine Stellen,"Die Dataciders GmbH ist ein Zusammenschluss aus derzeit elf erfolgreichen, wachsenden und selbstständig agierenden IT-Dienstleistern. Uns vereint die Vision, dass niemand jemals wieder schlechte Entscheidungen treffen muss. Mehr als 850 Mitarbeitende aus über 15 Nationen setzen alles daran, diese Vision mit passgenauen und zukunftsorientierten IT-Lösungen für unsere Kunden zu verwirklichen. Unser Fokus liegt auf den Themenfeldern Data Management und Analytics, wobei jedes Mitgliedsunternehmen e…",2025-05-24T10:40:21Z,Onsite,https://www.adzuna.de/land/ad/5214028620?se=NDrlGYE48BGKPBF8ALaCew&utm_medium=api&utm_source=25f3af84&v=80AF89DE43BD338E3817F288016E6B0AF861F580
DE,Werkstudent “Data Engineering” (m/w/d),WIRTGEN GROUP Branch of John Deere GmbH & Co. KG,"Ludwigshafen am Rhein, Rheinland-Pfalz",,,,,0,Sonstige/Allgemeine Stellen,"Die WIRTGEN GROUP ist ein international tätiger Unternehmensverbund der Baumaschinenindustrie. Zur WIRTGEN GROUP gehören die traditionsreichen Produktmarken WIRTGEN, VÖGELE, HAMM, KLEEMANN und BENNINGHOVEN mit ihren Stammwerken in Deutschland sowie lokale Produktionsstätten in Brasilien, China und Indien. Die weltweite Kundenbetreuung erfolgt durch eigene Vertriebs- und Servicegesellschaften und autorisierte Händler. Bei der WIRTGEN GROUP arbeiten rund 9.000 Beschäftigte. In der WIRTGEN GROUP Z…",2025-05-24T10:40:12Z,Onsite,https://www.adzuna.de/land/ad/5214028441?se=NDrlGYE48BGKPBF8ALaCew&utm_medium=api&utm_source=25f3af84&v=357B8FBBC947EBE44EE39B1B57989F8D718DBEE9
DE,Senior Assistant Audit - Assurance / Wirtschaftsprüfung / Systemprüfung (m/w/d),RINKE TREUHAND GmbH,"Wuppertal, Nordrhein-Westfalen",,,,,0,Sonstige/Allgemeine Stellen,"Unsere Wirtschaftsprüfungs- und Steuerberatungsgesellschaft in Wuppertal ist eine mittelständische Beratungsunternehmen auf Wachstumskurs, und gehört seit 2017 der ETL-Gruppe an. Mit unseren rund 170 Mitarbeitenden bieten wir unseren vielfältigen Mandanten qualitativ hochwertige Lösungen zu den Themen Unternehmensberatung, Steuerberatung und Wirtschaftsprüfung. Wir sind mit unserem Niederlassungsnetz deutschlandweit in den Bereichen Audit, Tax und Consulting vertreten. Durch die Einbindung in d…",2025-05-24T10:39:52Z,Onsite,https://www.adzuna.de/land/ad/5214028186?se=NDrlGYE48BGKPBF8ALaCew&utm_medium=api&utm_source=25f3af84&v=0C162CE37EE12C007AE108CB10BD8D5206C9F2AF
DE,Instandhaltungstechniker / Instandhalter / Elektriker/ Elektroniker/ Mechatroniker (all genders) für unseren Standort in Dummerstorf,Amazon Europe Core,Deutschland,,,,,0,Sonstige/Allgemeine Stellen,"Amazon verfolgt als Arbeitgeber den Grundsatz der Chancengleichheit. Wir sind der festen Überzeugung, dass die Beschäftigung einer vielfältigen Belegschaft wesentlich zu unserem Erfolg beiträgt. Wir treffen Einstellungsentscheidungen basierend auf Ihren Erfahrungen und Qualifikationen. Amazon nimmt den Schutz Ihrer persönlichen Daten ernst und respektiert die nationalen Datenschutzgesetze sowie die EU-Rechtsvorschriften zum Datenschutz. Sofern nicht anders vereinbart, erlauben Sie dem einstelle…",2025-05-24T10:39:52Z,Onsite,https://www.adzuna.de/land/ad/5214028109?se=NDrlGYE48BGKPBF8ALaCew&utm_medium=api&utm_source=25f3af84&v=CF5A07DC6969EA711D8FB6529F708511F769FA16
DE,Retail Media Manager (m/w/d),Bauhaus,"Mannheim, Baden-Württemberg",,,,,0,Sonstige/Allgemeine Stellen,"Der Bereich Digital Commerce steht für ein vernetztes BAUHAUS der Zukunft durch Digitalisierung. Dabei haben wir immer unsere Kund:innen im Fokus und als Ziel, das perfekte digitale Einkaufserlebnis zu schaffen. Eine agile Arbeitsumgebung, innovative Lösungen und engagierte Mitarbeiter:innen sind der starke Motor dahinter – und der beste Beweis dafür ist der Erfolg: Mit über 270 Fachcentren in 19 Ländern sowie einem der 50 größten Online-Shops in Deutschland gehört BAUHAUS zu den erfolgreichste…",2025-05-24T10:39:52Z,Onsite,https://www.adzuna.de/land/ad/5214028111?se=NDrlGYE48BGKPBF8ALaCew&utm_medium=api&utm_source=25f3af84&v=2E9EBBA4F378FB0B468F969464AC89FAB1C55B69
DE,(Junior) Sales Manager (all genders),Serviceplan Gruppe,"München, München (Kreis)",,,,,0,Sonstige/Allgemeine Stellen,"Verstehen, beraten, kommunizieren: Das bedeutet für uns Markenführung. Den Erfolg unserer Kunden sichern wir nach dem Credo ""Building Best Brands"". Als größte inhaber- und partnergeführte Agenturgruppe Europas setzen wir auf integrierte kreative Kommunikation in zielgruppenaffinen Kanälen und Medien – national wie international. Dafür suchen wir Kolleginnen und Kollegen mit Mut und Leidenschaft für innovative Strategien und Kampagnen, die gemeinsam mit uns wachsen wollen. Zum nächstmöglichen Ze…",2025-05-24T10:39:51Z,Onsite,https://www.adzuna.de/land/ad/5214028054?se=NDrlGYE48BGKPBF8ALaCew&utm_medium=api&utm_source=25f3af84&v=26EA6906D74D7FA5184456EF0821AC18FEA1025D
DE,Mitarbeiter*in Datenservice MDM,Alnatura Produktions- und Handels GmbH,"Arheilgen, Darmstadt",,,,,0,Sonstige/Allgemeine Stellen,"„Sinnvoll für Mensch und Erde“ zu handeln ist unsere tägliche Motivation. Nicht nur beim Entwickeln und Verkaufen unserer Alnatura Bio-Produkte - auch in der Art und Weise, wie wir bei Alnatura zusammenarbeiten. Unsere Wertekultur ist auf ganzheitliches Denken, kundenorientiertes Handeln und Selbstverantwortung ausgelegt. Werden Sie in unserem Bereich Prozesskoordination Warenwirtschaft & Verkaufsflächenoptimierung ein Teil unserer Alnatura Arbeitsgemeinschaft in Voll- oder Teilzeit (30- 40 Stu…",2025-05-24T10:39:22Z,Onsite,https://www.adzuna.de/land/ad/5214027791?se=NDrlGYE48BGKPBF8ALaCew&utm_medium=api&utm_source=25f3af84&v=677833E77F0E1DC68A44E0D615D8D84BB6A10625
DE,Senior Change Management Expert (w/m/d),RTL Deutschland GmbH,"Köln, Nordrhein-Westfalen",,,,,0,Sonstige/Allgemeine Stellen,"Mit Content, Tech and Data zu nachhaltigem Erfolg. Bei RTL Deutschland unterhalten, informieren und inspirieren wir plattformübergreifend täglich Millionen von Menschen mit unseren starken Medienmarken, Inhalten und Produkten. Als Teil der RTL Group bieten wir dabei viele Möglichkeiten: von TV und Streaming über Print und Digital bis Radio und Podcast. Hier arbeiten über 8.000 Kreative, Strategen, Techies, Zahlengenies und Organisationswunder am selben Ziel. Du wirst bei Team-Spirit und Hands-o…",2025-05-24T10:39:02Z,Onsite,https://www.adzuna.de/land/ad/5214027309?se=NDrlGYE48BGKPBF8ALaCew&utm_medium=api&utm_source=25f3af84&v=4446F9260763B0D727C649505AC932E8FDA43E5E
DE,Abschlussarbeit (Bachelor/Master) im Bereich Data Engineering,Eliso GmbH,"Hedelfingen, Stuttgart",,,,,0,Sonstige/Allgemeine Stellen,"eliso ist Spezialist für Ladeinfrastruktur und betreibt seit 2016 Ladestationen für die Elektroauto-Fahrer von Heute und Morgen. Das Unternehmen mit Hauptsitz in Stuttgart und Standort in Berlin errichtet und betreibt deutschlandweit ein stetig wachsendes Netz aus öffentlichen Ultra-Schnellladestationen für alle Elektrofahrzeuge. Dabei setzt eliso den Schwerpunkt auf zukunftssichere Standorte in verkehrsgünstigen Lagen, an denen mit bis zu 400 kW Ladeleistung geladen werden kann. Von Anfang an …",2025-05-24T10:38:52Z,Onsite,https://www.adzuna.de/land/ad/5214027232?se=NDrlGYE48BGKPBF8ALaCew&utm_medium=api&utm_source=25f3af84&v=657A24FBF1ECA172DF1A5B8270F71842C35A830C
DE,Director Investor Relations & Fundraising (m/w/d),123 Invest Gruppe,"Friedrichstadt, Düsseldorf",,,,,0,Sonstige/Allgemeine Stellen,"Die 123 Invest Group ist eine auf Lösungen für algorithmische Handelsstrategien spezialisierte Unternehmensgruppe. Mit datengetriebener Analyse und modernster Technologie entwickeln wir präzise, leistungsstarke Softwarelösungen für institutionelle und professionelle Quant-Trader, die Performance und Stabilität verbinden. Unser Ziel: Kapitalmärkte effizienter und innovativer zu handeln, um nachhaltige Outperformance (höheres Alpha) zu erzielen – und neue Maßstäbe in der Branche zu setzen. Als Di…",2025-05-24T10:38:51Z,Onsite,https://www.adzuna.de/land/ad/5214027173?se=NDrlGYE48BGKPBF8ALaCew&utm_medium=api&utm_source=25f3af84&v=F26C5D9E3C839B25B4213F71E186D9DBA80908B7
DE,KI Solutions Manager (m/w/d),Messe Düsseldorf GmbH,"Düsseldorf, Nordrhein-Westfalen",,,,,0,Sonstige/Allgemeine Stellen,"Die Messe Düsseldorf definiert ihren Platz in einer neuen Messewelt: zuverlässig, international, wirtschaftlich nachhaltig. Sie schafft Visionen, teilt Wissen, positioniert Marken, bearbeitet Märkte. Sie gestaltet führende Business Plattformen für ihre Kundinnen und Kunden, verbindet sie gezielt und jederzeit, persönlich und digital. Eine unverwechselbare DNA. Zur Verstärkung unseres Teams suchen wir eine/n KI Solutions Manager (m/w/d) unbefristet in Vollzeit (38 Stunden/ Woche) Du hast Lust, K…",2025-05-24T10:38:47Z,Onsite,https://www.adzuna.de/land/ad/5214027114?se=NDrlGYE48BGKPBF8ALaCew&utm_medium=api&utm_source=25f3af84&v=C2A0C2F728C49D482FF040A586A4301CBE89C22D
DE,Mitarbeiter im Vertrieb (m/w/d) für Lead-Generierung und Kundenqualifizierung,bedirect GmbH & Co. KG,"Gütersloh, Gütersloh (Kreis)",,,,,0,Sonstige/Allgemeine Stellen,"beDirect ist ein Joint Venture der Unternehmensgruppen Bertelsmann und Creditreform. Die beDirect zählt zu den führenden Anbietern von Adressmanagement und Data Quality Services in Deutschland. Wir helfen branchenübergreifend Unternehmen bei ihren Sales- und Marketingaktivitäten, um noch erfolgreicher zu sein. Werde Teil des beDirect Teams! Wir bieten Dir Entscheidungsfreiräume, einen tollen Zusammenhalt sowie die Möglichkeit, die Zukunft im Adressmanagement gemeinsam mit uns zu gestalten. Als …",2025-05-24T10:38:45Z,Onsite,https://www.adzuna.de/land/ad/5214027082?se=NDrlGYE48BGKPBF8ALaCew&utm_medium=api&utm_source=25f3af84&v=8F42BC23511C3CA7EE3CB7C1300F7D9D5696415B
DE,Praktikant:in im Projekt Beschäftigung im Wandel (m/w/d),Bertelsmann Stiftung,"Gütersloh, Gütersloh (Kreis)",,,,,0,Sonstige/Allgemeine Stellen,"Die Bertelsmann Stiftung ist eine der größten operativen Stiftungen in Europa. Sie ist eine gemeinnützige Organisation, die sich in der Tradition ihres Gründers Reinhard Mohn für eine zukunftsfähige Gesellschaft engagiert. Im Projekt Beschäftigung im Wandel weisen wir Wege zu Zukunftskompetenzen und guter Arbeit, indem wir Transparenz über Veränderungen am Arbeitsmarkt schaffen. Außerdem werden wir mit neuen Testverfahren Kompetenzen von Beschäftigten besser erfassen und zielgenaue Weiterbildun…",2025-05-24T10:38:40Z,Onsite,https://www.adzuna.de/land/ad/5214027008?se=NDrlGYE48BGKPBF8ALaCew&utm_medium=api&utm_source=25f3af84&v=AD047D5CFCB47B53CCA9C200D21DBA1D1672DC63
DE,Werks-/Thesis-Student:in / Praktikant:in (m/w/d) KI & Prozessautomatisierung,RAU | FOOD RECRUITMENT GmbH,"München, München (Kreis)",,,,,0,Sonstige/Allgemeine Stellen,Die Rau Consultants zählen seit 1975 zu den renommierten Personalberatungen im deutschen Markt und unterstützen Unternehmen der Lebensmittelindustrie und des Handels bei der Besetzung von Führungskräften. Der Einsatz von Künstlicher Intelligenz (KI) wird für unser Geschäft zunehmend wichtiger – und genau hier kommen Sie ins Spiel: Sie treiben ein zukunftsweisendes Thema aktiv voran und sammeln wertvolle Praxiserfahrung mit echter Verantwortung. Werks-/Thesis-Student:in/Praktikant:in (m/w/d) KI …,2025-05-24T10:38:39Z,Onsite,https://www.adzuna.de/land/ad/5214026978?se=NDrlGYE48BGKPBF8ALaCew&utm_medium=api&utm_source=25f3af84&v=9A52AF40866A8C8D876730FE5CAE886E8255D6AE
DE,AI Engineer / AIOps (m/w/d),Diehl Defence GmbH & Co. KG,Deutschland,,,,,0,Sonstige/Allgemeine Stellen,"Digitale Trans­formation. Nach­haltig­keit. Friedens­sicherung. Spannende Aufgaben, an denen auch wir bei Diehl in unseren fünf Teil­konzernen Metall, Controls, Defence, Aviation und Metering und unsere über 16.000 Mit­arbeiter­innen und Mit­arbeiter mit Hochdruck arbeiten. Entdecken Sie faszinierende Techno­logien und bewerben Sie sich. In einem von Vertrauen und Mut geprägten Familien­unter­nehmen, das beständig und stabil ist – aus Tradition. Für unsere Standorte Diehl Defence GmbH & Co. KG …",2025-05-24T10:38:29Z,Onsite,https://www.adzuna.de/land/ad/5214026787?se=NDrlGYE48BGKPBF8ALaCew&utm_medium=api&utm_source=25f3af84&v=B5DF69BE18AC56676600FA9C5E2CCEF2C9386277
DE,Manager Customer Journey (m/w/d),DeutschlandCard GmbH,"München, München (Kreis)",,,,,0,Sonstige/Allgemeine Stellen,"Die DeutschlandCard zählt zu den größten Commerce Media Plattformen Deutschlands und verbindet Konsument:innen, Marken und Handel auf neue Weise: direkt, datenbasiert und hocheffizient. Mit mehr als 16 Millionen Nutzer:innen ermöglicht die DeutschlandCard sowohl Onsite als auch Offsite hochpersonalisierte D2C-Kampagnen - ideal für Marken aus der FMCG-Industrie, die durch direkte Kundenkommunikation Reichweite, Sales und Awareness steigern wollen. Über eine umfassende Präferenzdatenbank sowie in…",2025-05-24T10:38:29Z,Onsite,https://www.adzuna.de/land/ad/5214026768?se=NDrlGYE48BGKPBF8ALaCew&utm_medium=api&utm_source=25f3af84&v=52BA47E906069E38BCE2052945023E8C7875DA97
DE,Junior Expert SAP Datenmanagement logistische Prozesse (m/w/d),BWI GmbH,Deutschland,,,,,0,Sonstige/Allgemeine Stellen,"Als primärer Digitalisierungspartner der Bundeswehr erbringen wir stabile, sichere und effiziente IT-Services im In- und Ausland, vom Grundbetrieb bis in den einsatznahen Bereich und tragen so zur kontinuierlichen Erhöhung der Führungs- und Einsatzfähigkeit der Bundeswehr bei. Mit über 7.700 Kolleg*innen betreiben und modernisieren wir eine der größten und komplexesten IT-Infrastrukturen in Deutschland. Wir suchen verantwortungsvolle IT-Spezialist*innen, die die Bundeswehr-IT aus Überzeugung in…",2025-05-24T10:38:29Z,Onsite,https://www.adzuna.de/land/ad/5214026750?se=NDrlGYE48BGKPBF8ALaCew&utm_medium=api&utm_source=25f3af84&v=6B3F0587A9D3441A4D14EB897FE369D09566EE50
DE,(Senior) Analyst - International Ranking Projects (m/f/d),Statista GmbH,"Neustadt, Hamburg",,,,,0,Sonstige/Allgemeine Stellen,"At Statista , we're all about facts and data, for we are the world's leading business data platform. By providing reliable and easy-to-use data as well as various data analytics products and services, we empower people worldwide to make fact-based decisions. Founded in Hamburg in 2007, we have quickly grown into a global company with offices in major cities such as London, New York, Berlin and Tokyo. And we still have a lot of plans. Our constant growth does not only prove our success, but also…",2025-05-24T10:38:29Z,Onsite,https://www.adzuna.de/land/ad/5214026784?se=NDrlGYE48BGKPBF8ALaCew&utm_medium=api&utm_source=25f3af84&v=5440FC106D1307A9F8EB3DF6476A21ED272FA3A6
DE,Abteilungsleitung Controlling (m/w/d),Energie Waldeck-Frankenberg GmbH,"Korbach, Waldeck-Frankenberg (Kreis)",,,,,0,Sonstige/Allgemeine Stellen,"Willkommen bei der EWF – Energie fürs Leben Wir sind mehr als ein regionaler Energieversorger – wir sind Möglichmacher, Mitgestalter und Zukunftsdenker. Mit rund 400 Mitarbeitenden treiben wir die Energiewende in Nordhessen aktiv voran und setzen uns mit Leidenschaft für eine nachhaltige und verlässliche Energieversorgung ein. Bei uns steht der Kunde im Mittelpunkt. Gestalte die Zukunft – mit Zahlen, Verantwortung und Vision! Du willst mehr als nur Tabellen wälzen? Du möchtest mit Zahlen die Zu…",2025-05-24T10:38:28Z,Onsite,https://www.adzuna.de/land/ad/5214026641?se=NDrlGYE48BGKPBF8ALaCew&utm_medium=api&utm_source=25f3af84&v=A1C3C63F9DB7D966CF59FF5B2BA39F1A67CF74C6
DE,Sprinterfahrer (w/m/d)/ Anlagenmitarbeiter,Rhenus Group,"Denkendorf, Eichstätt (Kreis)",,,,,0,Sonstige/Allgemeine Stellen,"Willkommen bei der Rhenus Data Office GmbH! Als Sprinterfahrer und Anlagenmitarbeiter bist Du ein wichtiger Teil unseres Teams - Du sorgst dafür, dass unsere sensiblen Dokumente sicher und zuverlässig transportiert und anschließend fachgerecht verarbeitet werden. Egal ob am Steuer oder an der Anlage: Auf Dich ist Verlass. Bei uns erwarten Dich abwechslungsreiche Aufgaben, ein kollegiales Miteinander und die Möglichkeit, mit Deiner Arbeit echten Mehrwert zu schaffen. Starte jetzt durch - wir fre…",2025-05-24T10:38:27Z,Onsite,https://www.adzuna.de/land/ad/5214026616?se=NDrlGYE48BGKPBF8ALaCew&utm_medium=api&utm_source=25f3af84&v=70FF851B54F86673A1BEA3610961640591C77E48
DE,IT-Architekt:in (KI/BI),Erzdiözese München und Freising,"München, München (Kreis)",,,,,0,Sonstige/Allgemeine Stellen,"Wir suchen Sie für die Abteilung Informationssysteme und Analysen als IT-Architekt:in (KI/BI) Referenznummer: 11044 Start: nächstmöglicher Termin Bewerbungsfrist: 18.06.2025 Arbeitsverhältnis: unbefristet Arbeitszeit: Vollzeit Arbeitsort: München Vergütung: EG 13 Wer sind wir? Im Erzbistum München und Freising arbeiten rund 16.000 Menschen in Seelsorge, Verwaltung sowie in sozialen Institutionen und Bildungseinrichtungen. Das Erzbischöfliche Ordinariat München nimmt im Auftrag des Erzbischofs v…",2025-05-24T10:37:04Z,Onsite,https://www.adzuna.de/land/ad/5214024605?se=NDrlGYE48BGKPBF8ALaCew&utm_medium=api&utm_source=25f3af84&v=B8A6F8BBA5FE60BB79537A9AD598AA9B85FA0B50
DE,Mitarbeiter Controlling (m/w/d),Katholische Hospitalvereinigung Weser-Egge gGmbH,Deutschland,,,,,0,Sonstige/Allgemeine Stellen,"Die Katholische Hospitalvereinigung Weser-Egge gGmbH (KHWE) ist mit rund 3.000 Mitarbeitern der größte Arbeitgeber im Kreis Höxter. Zu unserem Verbund gehört das Klinikum Weser-Egge an vier Standorten, fünf Senioreneinrichtungen, fünf ambulante Pflegestationen, ein Bildungszentrum für Gesundheitsberufe, zwei Medizinische Versorgungszentren und eine Servicegesellschaft für Verpflegung und Reinigung. Mit unserem Angebot an Medizin, Pflege, Betreuung und Ausbildung sind wir ein leistungsstarker Pa…",2025-05-24T10:37:04Z,Onsite,https://www.adzuna.de/land/ad/5214024572?se=NDrlGYE48BGKPBF8ALaCew&utm_medium=api&utm_source=25f3af84&v=18DED260D63E6FED5207F2EA411935F3CAC26D4F
DE,"Senior Account Manager, Amazon Vendor Services - EU Softlines",Amazon Europe Core,"München, München (Kreis)",,,,,0,Sonstige/Allgemeine Stellen,"This job can be based in any of the main EU corporate offices (London, Munich, Paris, Madrid, Milan) We are seeking a dynamic and experienced professional to join our EU Fashion team. In this senior role, you will serve as the EU lead Account Manager (internal job title: Strategic Brand Specialist) for our Amazon Vendor Service (AVS) program and manage one of our biggest and most strategic vendors in Fashion, acting as a consultant and influential partner for senior stakeholders to drive long-t…",2025-05-24T10:37:03Z,Onsite,https://www.adzuna.de/land/ad/5214024502?se=NDrlGYE48BGKPBF8ALaCew&utm_medium=api&utm_source=25f3af84&v=BD8DCCA53906469980B71B128BA52A77045C5A65
DE,Online Marketing Manager – Programmatic Sales (m/w/d),Ströer SSP,"Hamburg, Deutschland",,,,,0,Sonstige/Allgemeine Stellen,"Ströer SSP setzt in hohem Maße auf eine optimierte Infrastruktur, um ein hohes Volumen an programmatischer Werbung in Echtzeit mit geringer Latenz auszuliefern. Unsere technische Kompetenz ist das Herzstück unseres Erfolgs. Wir streben ständig nach technischer Exzellenz, Effizienz und der Einbindung modernster Lösungen, indem wir Technik und Wissenschaft miteinander verbinden. Im Mittelpunkt unserer Tätigkeit steht die Verarbeitung und Analyse von Datenmengen, die wir mit dem Fokus auf wissensc…",2025-05-24T10:37:03Z,Onsite,https://www.adzuna.de/land/ad/5214024437?se=NDrlGYE48BGKPBF8ALaCew&utm_medium=api&utm_source=25f3af84&v=35BD4A0208A57A27D43CD1DE9B478ACD0EC7D5D8
DE,Sales Assistant (m/w/d),CONET Solutions GmbH,"Düsseldorf, Nordrhein-Westfalen",,,,,0,Sonstige/Allgemeine Stellen,"Die CONET Solutions GmbH bietet unter dem Motto ""IT-Welten verbinden!"" innovative IT-Lösungen in den Bereichen Data Intelligence & KI, Digitalisierung, Cyber Security, Strategic IT Management und Software Engineering an. Wir suchen dich ab sofort zur Verstärkung unseres Vertriebsteams an unserem Standort in Düsseldorf. Organisatorische und administrative Unterstützung des Vertriebsteams Koordination der Erstellung von Angebotsdokumenten, insbesondere des öffentlichen Ausschreibungsmanagements U…",2025-05-24T10:37:02Z,Onsite,https://www.adzuna.de/land/ad/5214024396?se=NDrlGYE48BGKPBF8ALaCew&utm_medium=api&utm_source=25f3af84&v=0E5AB451A5AC6EBB43BBCDCBEBC00F16D412A908
DE,Praktikum in der Unternehmensberatung (m/w/d),Brockmann & Büchner PartG,"Gallus, Frankfurt am Main",,,,,0,Sonstige/Allgemeine Stellen,"Das sind Wir Brockmann und Büchner berät 2010 die wichtigsten Infrastrukturbetreiber Deutschlands. Unser Team von rund 60 Beraterinnen und Beratern unterschiedlichster Skills stellt sicher, dass Prozesse reibungslos laufen, die IT sicher und zukunftsfähig ist und einige der wichtigsten Unternehmen Deutschlands bestens für die Herausforderungen der nächsten Jahre gewappnet sind. Was unterscheidet uns von anderen Beratungen? Bei uns ist Unternehmenskultur nicht nur ein Schlagwort. Wir leben jeden…",2025-05-24T10:37:01Z,Onsite,https://www.adzuna.de/land/ad/5214024305?se=NDrlGYE48BGKPBF8ALaCew&utm_medium=api&utm_source=25f3af84&v=32A9121997BA3D66636CECF6AE07FB56C315772F
DE,Praktikum technische Zuverlässigkeit und Fielddatascience (m/w/x),ZEISS,"Oberkochen, Ostalbkreis",,,,,0,Sonstige/Allgemeine Stellen,"Als Studierender (m/w/x) arbeitest Du mit Deinen Kolleginnen und Kollegen auf Augenhöhe und schaffst Dir ideale Voraussetzungen für Deine spätere Karriere. In einem offenen und modernen Umfeld mit zahlreichen Entwicklungs- und Weiterbildungsmöglichkeiten, arbeiten die Mitarbeitenden bei ZEISS in einer Kultur, die von Expertenwissen und Teamgeist geprägt ist. All das wird getragen von der besonderen Eigentümerstruktur und dem langfristigen Ziel der Carl-Zeiss-Stiftung: Wissenschaft und Gesellsch…",2025-05-24T10:36:46Z,Onsite,https://www.adzuna.de/land/ad/5214023570?se=NDrlGYE48BGKPBF8ALaCew&utm_medium=api&utm_source=25f3af84&v=BA31FD558CF43C7BC1BBF014B20625DF0ABA5B57
DE,HR Specialist (m/f/d),Tieto Germany GmbH,"Steinweg, Regensburg",,,,,0,Sonstige/Allgemeine Stellen,"We are a leading technology company with a strong Nordic heritage and global capabilities. Our 24,000 experts globally specialize in cloud, data, and software, serving thousands of enterprise and public-sector customers in more than 90 countries. As an HR Specialist, you will play a crucial role in shaping our HR operations and supporting our skilled team of 100 employees in Germany. Addressing employee relations (ER) issues promptly and efficiently, fostering a positive work environment Managi…",2025-05-24T10:36:46Z,Onsite,https://www.adzuna.de/land/ad/5214023631?se=NDrlGYE48BGKPBF8ALaCew&utm_medium=api&utm_source=25f3af84&v=FED9CDC7D901EAE259E8A98852C66460986B037D
DE,Kaufmännischer Mitarbeiter (m/w/d) Kundenservice,Rhenus Group,"Malterdingen, Emmendingen (Kreis)",,,,,0,Sonstige/Allgemeine Stellen,"Willkommen bei Rhenus! Die Rhenus Gruppe ist einer der führenden, weltweit operierenden Logistikdienstleister. Entlang der gesamten Supply Chain bieten wir maßgeschneiderte Lösungen für Unternehmen aus den unterschiedlichsten Branchen. Von multimodalen Transporten bis zur perfekten Lagerung, vom reibungslosen Verzollen bis zu innovativen Mehrwertdiensten: Wir sind immer am Puls der Zeit und an der Seite unserer Kunden. Die Rhenus Data Office GmbH ist Spezialist für sichere Dokumentenvernichtung…",2025-05-24T10:36:42Z,Onsite,https://www.adzuna.de/land/ad/5214023262?se=NDrlGYE48BGKPBF8ALaCew&utm_medium=api&utm_source=25f3af84&v=C589F561D4ED862C8A0D38B5FBD4E4A9310285C5
DE,"Pflichtpraktikant im Bereich „Data Analytics & Digital Initiatives Support"" (m/w/d)",MANN+HUMMEL GmbH,"Ludwigsburg, Ludwigsburg (Kreis)",,,,,0,Sonstige/Allgemeine Stellen,"Als weltweit führender Experte für Filtration entwickelt MANNHUMMEL Lösungen für Automobile, industrielle Anwendungen, saubere Luft in Innenräumen und die nachhaltige Nutzung von Wasser. Mit Teamgeist und einer offenen Kommunikationskultur arbeiten wir unentwegt an unserer Vision 'Leadership in Filtration'. Prüfung von Projektdaten in Product Development Process (PDP)-Projekten für Automotive OEM- und Industrieprodukte: Regelmäßig Überprüfung, Schaffung von Transparenz und Nachverfolgbarkeit, I…",2025-05-24T10:36:41Z,Onsite,https://www.adzuna.de/land/ad/5214023086?se=NDrlGYE48BGKPBF8ALaCew&utm_medium=api&utm_source=25f3af84&v=1A7D8C972ECB82E339FCE219B28067B9FDF8F3EB
DE,IT Inhouse Consultant (m/w/d) Supply Chain Planning,Alfred Kärcher SE & Co. KG,"Birkachhof, Ludwigsburg (Kreis)",,,,,0,Sonstige/Allgemeine Stellen,"Kärcher is the world's leading supplier of cleaning technology and stands for quality, innovation and sustainability. We owe this success to our more than 3,700 employees in Winnenden near Stuttgart and Bühlertal near Schwäbisch Hall and the unique Kärcher WOW feeling. As a family-owned company with solid corporate structures we offer WOW-tastic career prospects, a real drive to get things done, and a trusting drive and a trusting working atmosphere. You will contribute your IT and supply chain…",2025-05-24T10:36:41Z,Onsite,https://www.adzuna.de/land/ad/5214023195?se=NDrlGYE48BGKPBF8ALaCew&utm_medium=api&utm_source=25f3af84&v=A5E3D0D3517F18D0A18408684544ABA58EE0A50A
DE,GeoIT-Managerin / GeoIT-Manager (m/w/d),Information und Technik Nordrhein-Westfalen IT.NRW,"Düsseldorf, Nordrhein-Westfalen",,,,,0,Sonstige/Allgemeine Stellen,"Standort: Düsseldorf, Vertrag: Teilzeit/Vollzeit (unbefristet), Vergütung: Entgeltgruppe 13/14 TV-L, Bewerbungsfrist: 08.06.2025 Ihre Mission: NRW digitaler machen Bei IT.NRW geht es um mehr als „nur“ einen Job. Es geht um einen wichtigen gesellschaftlichen Auftrag: ein ganzes Bundesland digital vorwärtsbringen. Als SAP Security Consultant (m/w/d) wirken Sie dabei mit, die Vertraulichkeit, Integrität und Verfügbarkeit von Daten und Systemen zu sichern. So tragen Sie dazu bei, IT-Risiken zu mini…",2025-05-24T10:36:37Z,Onsite,https://www.adzuna.de/land/ad/5214022670?se=NDrlGYE48BGKPBF8ALaCew&utm_medium=api&utm_source=25f3af84&v=B1B5055E2BB822D52CEBAB0AAEED995CE180564F
DE,Technischer Produktionsmitarbeiter (m/w/d) USV,Wöhrle Stromversorgungssysteme GmbH,"Steinenbronn, Böblingen (Kreis)",,,,,0,Sonstige/Allgemeine Stellen,"Als dynamisches und wachstumsstarkes Technologieunternehmen sind wir seit mehr als 30 Jahren kompetenter und zuverlässiger Partner für die Branchen Industrie, IT / Data Center, Energie & Umwelt und Sicherheit. Als mittelständischer Spezialist setzen wir Impulse und innovative Akzente in den Bereichen Engineering, Herstellung und der Integration leistungsstarker und energieeffizienter Stromversorgungen und USV-Anlagen. Zur Unterstützung unseres Teams suchen wir ab sofort versierte Mechatroniker …",2025-05-24T10:36:34Z,Onsite,https://www.adzuna.de/land/ad/5214022454?se=NDrlGYE48BGKPBF8ALaCew&utm_medium=api&utm_source=25f3af84&v=7C8EB08399131A677E51639B0DAA7F985C5FE456
DE,"Werkstudententätigkeit im Bereich der Entwicklungs-IT CAD, VR/AR/XR, Big Data/AI ab Juli 2025",Mercedes-Benz AG,"Böblingen, Böblingen (Kreis)",,,,,0,Sonstige/Allgemeine Stellen,"Life is always about becoming… Im Leben geht es darum, sich auf eine Reise zu begeben, um die beste Version unseres zukünftigen Selbst zu werden. Während wir Neues entdecken, stellen wir uns Herausforderungen, meistern sie und wachsen über uns hinaus. Bewerben Sie sich bei Mercedes-Benz und finden Sie den Aufgabenbereich, in dem Sie Ihre Talente individuell entfalten können. Dabei werden Sie von visionären Kolleginnen und Kollegen unterstützt, die Ihren Pioniergeist teilen. Bei uns einzusteigen…",2025-05-24T10:36:34Z,Onsite,https://www.adzuna.de/land/ad/5214022451?se=NDrlGYE48BGKPBF8ALaCew&utm_medium=api&utm_source=25f3af84&v=D9642EA24ECECCE20D40EFDFAFD756B250F60A0B
DE,Data Engineer – Shared Service Künstliche Intelligenz (KI) (m/w/d),Deutsche Rentenversicherung Oldenburg-Bremen,"Oldenburg, Oldenburg (Kreis)",,,,,0,Sonstige/Allgemeine Stellen,"Die Deutsche Rentenversicherung Oldenburg-Bremen ist ein moderner Dienstleister der sozialen Sicherheit. Im Rahmen des zukunftsweisenden IT-Großprojekts rvEvolution entwickeln alle Träger der Deutschen Rentenversicherung gemeinsam eine neue, einheitliche IT-Plattform zur Digitalisierung unserer Fachverfahren. Als Data Engineer – Shared Service Künstliche Intelligenz (KI) (m/w/d) übernehmen Sie eine Schlüsselrolle bei der Entwicklung und Bereitstellung innovativer Datenlösungen für eine moderne,…",2025-05-24T10:36:30Z,Onsite,https://www.adzuna.de/land/ad/5214022146?se=NDrlGYE48BGKPBF8ALaCew&utm_medium=api&utm_source=25f3af84&v=133F4942BFA5316E0931D04A4267F0177C493149
DE,Cloud System Engineer - Containerisierung / DevOps / Kubernetes / Ubuntu (m/w/d),WIBU-SYSTEMS AG,"Karlsruhe, Karlsruhe (Kreis)",,,,,0,Sonstige/Allgemeine Stellen,"Wir sind ein innovativer Technologieführer auf dem globalen Markt für Softwareschutz und -lizenzierung. Das 1989 gegründete Unternehmen hat sich zum Ziel gesetzt, ein Höchstmaß an Schutz, Lizenzierung und Sicherheit für digitale Vermögenswerte und geistiges Eigentum in einer zunehmend vernetzten Welt zu bieten. Unsere Lösungen werden weltweit von Softwareherstellern und Herstellern intelligenter Geräte eingesetzt, die ihre Anwendungen für PCs, mobile Geräte, Embedded-Systeme, Steuerungen und Mi…",2025-05-24T10:36:30Z,Onsite,https://www.adzuna.de/land/ad/5214022144?se=NDrlGYE48BGKPBF8ALaCew&utm_medium=api&utm_source=25f3af84&v=4374F269D2CCF8C51BC0F721FDB858E54519D346
DE,Werkstudent (m/w/d) Marketing Analytics – Quantitative Analysen im B2B-Marketing,Lödige Industries GmbH,"Paderborn, Paderborn (Kreis)",,,,,0,Sonstige/Allgemeine Stellen,"Lödige Industries bietet förder­technische Lösungen für ein breites Branchen­spektrum und ist auf Aufzüge, komplexe Material­fluss-Systeme für Logistik­aufgaben sowie den After Sales Service spezialisiert. Als Weltmarkt­führer für Air Cargo Handling Terminals beschäftigt die Unter­nehmens­gruppe derzeit rund 1.300 Mit­arbeiter weltweit. Wir suchen für unseren Standort in Paderborn zum nächstmöglichen Zeitpunkt einen Werkstudenten (m/w/d) Marketing Analytics – Quantitative Analysen im B2B-Market…",2025-05-24T10:36:27Z,Onsite,https://www.adzuna.de/land/ad/5214021768?se=NDrlGYE48BGKPBF8ALaCew&utm_medium=api&utm_source=25f3af84&v=A26D5FE65C61DE8EB600D851F298197037921324
DE,AI Engineer & Data Science Specialist (m/f/d),RSM Ebner Stolz,Deutschland,,,,,0,Sonstige/Allgemeine Stellen,"Do you want to know what makes companies successful? Sit directly at the table with decision-makers? Experience firsthand what your skills achieve? Together with you, RSM Ebner Stolz advances the middle market - in auditing, tax, legal, and business consulting. With over 2,400 employees, we are present throughout Germany, represented worldwide at more than 820 locations of our international RSM network. Our success thrives on strong people with edges and corners. That's why we stand for freedom…",2025-05-24T10:36:23Z,Onsite,https://www.adzuna.de/land/ad/5214021361?se=NDrlGYE48BGKPBF8ALaCew&utm_medium=api&utm_source=25f3af84&v=19CF6CAAC67FBEAA378CFD2C2E342892B8D45789
DE,Product Manager Newsletter (m/w/d),rumble GmbH & Co. KG,"Mitte, Dortmund",,,,,0,Sonstige/Allgemeine Stellen,"Die rumble GmbH & Co. KG ist ein gemeinsames Tochterunternehmen von Lensing Media, Medienhaus Bauer, rubens und temmingmedia. Wir sind wesentlicher Bestandteil der vier Mutterhäuser. Wir bündeln unsere digitalen Kompetenzen aus Marketing, Sales, Product Development, Data und Tech und transformieren so unsere Mutterhäuser. Vor uns liegt eine spannende, von Wachstum geprägte Reise, die wir gemeinsam durchleben und deren Erfolge wir auch feiern werden. Dabei denken und arbeiten wir so agil wie ein…",2025-05-24T10:36:23Z,Onsite,https://www.adzuna.de/land/ad/5214021431?se=NDrlGYE48BGKPBF8ALaCew&utm_medium=api&utm_source=25f3af84&v=F2A42ABFF9B5BC8FA42C3AD0BEE801DB39AA7707
DE,Intern for Adhesive Tapes Development in Electronic Displays (m/f/d),tesa SE,Deutschland,,,,,0,Sonstige/Allgemeine Stellen,Anstellungsart: befristet auf bis zu 6 Monate Arbeitszeit: Vollzeit Laboratory Work: Support in various activities in a chemical laboratory environment to ensure daily operations. Preparation and Execution of Mechanical Tests: Planning and conducting mechanical tests to characterize the properties of various adhesive tape solutions. Documentation of Results: Careful recording and analysis of test results to ensure the quality and accuracy of the data. Research on Current Topics in the Adhesive …,2025-05-24T10:35:58Z,Onsite,https://www.adzuna.de/land/ad/5214020803?se=NDrlGYE48BGKPBF8ALaCew&utm_medium=api&utm_source=25f3af84&v=2BD8448933E0D578A1C78D0E60B3306DFB664ACC
DE,Account Executive (f/m/x),NETCONOMY GmbH,Deutschland,,,,,0,Sonstige/Allgemeine Stellen,"Goldright Master Data Management ist ein Produkt der NETCONOMY GmbH und bei uns hast du die Chance, die Zukunft eines dynamischen, schnell wachsenden Technologieunternehmens entscheidend mitzugestalten und dabei mit deinen Aufgaben und deiner Verantwortung zu wachsen. Wir sind ein starkes Team, das Eigenständigkeit und schnelle Entscheidungsfindung in flachen Hierarchien verkörpert. Nutze dein Verkaufstalent, um die Expansion unserer innovativen IT-Lösungen auf dem europäischen Markt voranzutre…",2025-05-24T10:35:36Z,Onsite,https://www.adzuna.de/land/ad/5214020674?se=NDrlGYE48BGKPBF8ALaCew&utm_medium=api&utm_source=25f3af84&v=E1BEEA239C332F93341ADF6260E72826DA589328
DE,Data Engineer (m/f/d),Rhenus Group,"Holzwickede, Unna (Kreis)",,,,,0,Sonstige/Allgemeine Stellen,"Willkommen bei Rhenus! Die Rhenus Gruppe ist einer der führenden, weltweit operierenden Logistikdienstleister. Entlang der gesamten Supply Chain bieten wir maßgeschneiderte Lösungen für Unternehmen aus den unterschiedlichsten Branchen. Von multimodalen Transporten bis zur perfekten Lagerung, vom reibungslosen Verzollen bis zu innovativen Mehrwertdiensten: Wir sind immer am Puls der Zeit und an der Seite unserer Kunden. Develop a Modern Azure Data Platform: Design, build, and optimize end-to-end…",2025-05-24T10:35:06Z,Onsite,https://www.adzuna.de/land/ad/5214020380?se=NDrlGYE48BGKPBF8ALaCew&utm_medium=api&utm_source=25f3af84&v=D6053D0D84519B262951581A8DFE7650370A636D
DE,SAP BI Inhouse Consultant (m/w/d),Bauhaus,"Mannheim, Baden-Württemberg",,,,,0,Sonstige/Allgemeine Stellen,"BAUHAUS baut vor allem auf eines: Den Einsatz aller Mitarbeiter:innen – füreinander und für jeden einzelnen Kunden. Denn nur mit Respekt, Zusammenhalt und Leidenschaft macht es Spaß, jeden Tag aufs Neue alles zu geben. Wir freuen uns darauf, gemeinsam mit neuen Talenten Tag für Tag noch besser zu werden! Jetzt Teil der BAUHAUS-Erfolgsgeschichte im BAUHAUS Service Center Deutschland in Mannheim werden. Für diese Stelle gibt es keine Bewerbungsfrist. Sie bleibt nur so lange ausgeschrieben, wie si…",2025-05-24T10:35:05Z,Onsite,https://www.adzuna.de/land/ad/5214020287?se=NDrlGYE48BGKPBF8ALaCew&utm_medium=api&utm_source=25f3af84&v=D620EBA1F9626D996FF240B1D15AD01607A1BBBF
DE,Senior Performance Manager (w/m/d),Uniper SE,"Düsseldorf, Nordrhein-Westfalen",,,,,0,Sonstige/Allgemeine Stellen,"Wir sind Uniper, ein internationales Energieunternehmen mit rund 7.000 Mitarbeitern. Wir bei Uniper treiben aktiv die Energiewende voran und sorgen zeitgleich für Versorgungssicherheit. Wir arbeiten als international agierendes Unternehmen in sehr diversen Teams bei größtmöglicher Flexibilität für unsere Mitarbeitenden. Unsere Unternehmenskultur ist geprägt durch Chancengerechtigkeit, Wertschätzung und Respekt. Du hast bei uns die Chance, neue Entwicklungen voranzutreiben, an Lösungen für eine …",2025-05-24T10:35:05Z,Onsite,https://www.adzuna.de/land/ad/5214020309?se=NDrlGYE48BGKPBF8ALaCew&utm_medium=api&utm_source=25f3af84&v=04D8BBDE7653027A21EF34B380B7F4FF4BA8D645
DE,Lab Equipment Application Specialist (f/m/d),Bavarian Nordic GmbH,"Planegg, München (Kreis)",,,,,0,Sonstige/Allgemeine Stellen,Be the driver behind IT implementations of new laboratory equipment and systems! Are you specialized in IT activities that are associated with implementations and integrations of new laboratory equipment and systems? Would you like to be the driver behind a significant expansion of our lab capacity in Munich (Martinsried)? Do you thrive on collaborating with Process Managers across the organization and being a knowledge hub for all IT matters related to the implementation and IT management of l…,2025-05-24T10:35:04Z,Onsite,https://www.adzuna.de/land/ad/5214020206?se=NDrlGYE48BGKPBF8ALaCew&utm_medium=api&utm_source=25f3af84&v=5AFB5A135A92AD1F90FDDC32B575A6950867EC12
DE,(Senior) Product Manager VX One (m/f/d),Verivox GmbH,Deutschland,,,,,0,Sonstige/Allgemeine Stellen,"Verivox is one of the leading online comparison portals in Germany. Since 1998, we have been making markets transparent in the areas of electricity & gas, mobile phones & internet and finance & insurance. We find the best offer for consumers from around 30,000 tariffs, helping households to save time and money. With our help more than 8 million customers have already saved over 2 billion euros. Since 2025, Verviox has been part of The Mavriq Division, a group of European online comparison porta…",2025-05-24T10:34:54Z,Onsite,https://www.adzuna.de/land/ad/5214020001?se=NDrlGYE48BGKPBF8ALaCew&utm_medium=api&utm_source=25f3af84&v=00DFBAAC380EBFDC8CE4017CCF47EB4573721286
DE,Data Analyst | AI-Verhandlungen (w/m/d),Otto Group Holding,"Hamburg, Deutschland",,,,,0,Sonstige/Allgemeine Stellen,"In den Teams der Otto Group Holding steuern wir erfolgreich 30 wesentliche Unternehmensgruppen und entwickeln die Strategie der Otto Group täglich weiter. Treibe mit uns die Zukunft eines digital getriebenen Handels- und Dienstleistungskonzerns voran – von Asien bis Nordamerika, vom Logistikanbieter bis zum Company Builder - und erlebe die Innovationskraft unserer Gruppe. Dabei kannst du stets du selbst sein. Vielfalt gehört zu uns, wie die Elbe zu Hamburg: Wir stehen für Offenheit, Respekt und…",2025-05-24T10:34:49Z,Onsite,https://www.adzuna.de/land/ad/5214019866?se=NDrlGYE48BGKPBF8ALaCew&utm_medium=api&utm_source=25f3af84&v=1026CF1D30EEAEB548F1D558FFA27653C23D87F4
DE,Data-Base Expert (w/m/d),Klüber Lubrication München GmbH & Co. KG,"München, München (Kreis)",,,,,0,Sonstige/Allgemeine Stellen,"„We will wow your world!” Das ist unser Versprechen, wenn es um Arbeiten bei Freudenberg geht. Als globaler Technologiekonzern machen wir die Welt nicht nur sauberer, gesünder und komfortabler, sondern bieten unseren 52.000 Mitarbeitenden auch ein vernetztes und vielfältiges Arbeitsumfeld, in dem sich alle individuell entfalten können. Lassen Sie sich überraschen und erleben Sie Ihre eigenen „Wow”-Momente. Klüber Lubrication, ein Unternehmen der Freudenberg-Gruppe, ist der weltweit führende Her…",2025-05-24T10:32:18Z,Onsite,https://www.adzuna.de/land/ad/5214018581?se=NDrlGYE48BGKPBF8ALaCew&utm_medium=api&utm_source=25f3af84&v=363EA9FE96F1C099E572138503BE2CFB92D12657
DE,Teamleiter GIS (m/w/d),Materna Information & Communications SE,Deutschland,,,,,0,Sonstige/Allgemeine Stellen,"Geoinformationssysteme sind aus der modernen Infrastruktur nicht mehr wegzudenken – mittels GIS ist es möglich wegweisende Routen für Logistikbetriebe ausfindig zu machen, Corona-Hotspots auf Karten abzubilden und Umweltkatastrophen vorauszusagen. Daher arbeiten unsere Data Engineers mit dem Schwerpunkt GIS tagtäglich daran unseren Kunden aus Wirtschaft und Verwaltung eine optimale Wertschöpfung der Daten zu bieten. Hierzu setzen wir durch künstliche Intelligenz gesteuerte Applikationen ein, um…",2025-05-24T10:32:18Z,Onsite,https://www.adzuna.de/land/ad/5214018583?se=RBvaGoE48BGKPBF8ALaCew&utm_medium=api&utm_source=25f3af84&v=F5D164314ED18388AD78931AC6CEED09A80A966F
DE,Elektroniker / Elektriker / Mechatroniker (m/w/d) - Werne,Amazon Europe Core,"Werne, Unna (Kreis)",,,,,0,Sonstige/Allgemeine Stellen,"Amazon is an equal opportunities employer. We believe passionately that employing a diverse workforce is central to our success. We make recruiting decisions based on your experience and skills. We value your passion to discover, invent, simplify and build. Protecting your privacy and the security of your data is a longstanding top priority for Amazon. Please consult our Privacy Notice to know more about how we collect, use and transfer the personal data of our candidates. m/w/d Our inclusive c…",2025-05-24T10:32:17Z,Onsite,https://www.adzuna.de/land/ad/5214018501?se=RBvaGoE48BGKPBF8ALaCew&utm_medium=api&utm_source=25f3af84&v=72B20143DA6E8033FF9DE7ED470BF21AF9F4C53F
DE,(Senior) Analytics Engineer (gn),LichtBlick SE,"Hamburg, Deutschland",,,,,0,Sonstige/Allgemeine Stellen,"Seit 1998 macht LichtBlick sich für erneuerbare Energien stark. Heute sind wir mit über 1,7 Millionen LichtBlickenden Deutschlands größter reiner Ökostromanbieter. Gemeinsam sparen wir eine Mio. Tonnen CO₂ im Jahr ein. Aber wir wollen noch viel mehr: eine zukunftsweisende, faire Zukunft für alle. Die gestalten wir mit den unterschiedlichsten Talenten in einem inklusiven Arbeitsumfeld. Als Unterzeichnerin der Charta der Vielfalt arbeiten wir aktiv an unserer Haltung, unseren Strukturen und unser…",2025-05-24T10:32:17Z,Onsite,https://www.adzuna.de/land/ad/5214018541?se=RBvaGoE48BGKPBF8ALaCew&utm_medium=api&utm_source=25f3af84&v=5250E94938FD1B272F1C190FF60DDD53A0D02B55
DE,Data Analytics Engineer (m/w/d),FUNKE Mediengruppe,Deutschland,,,,,0,Sonstige/Allgemeine Stellen,"FUNKE gehört zu den führenden Arbeitgebern der Medienbranche. Von Online-Portalen über Zeitungen und Zeitschriften bis hin zu Radio und Podcast – die Vielfalt unserer Titel, Marken und Genres ist einzigartig in der deutschen Medienlandschaft. Genauso vielfältig sind auch die Talente unserer rund 1.700 Journalist*innen und 3.000 Medienmacher*innen, die jeden Tag in ganz Deutschland mit Leidenschaft und Innovationskraft die Zukunft der Medien mitgestalten. wirsindFUNKE Standort: Essen, Hamburg, B…",2025-05-24T10:32:17Z,Onsite,https://www.adzuna.de/land/ad/5214018515?se=RBvaGoE48BGKPBF8ALaCew&utm_medium=api&utm_source=25f3af84&v=A62AA35D3F0FA58EDB28039B7099D365BB09BF8B
DE,Expert Data Engineer (m/w/d),Finanz Informatik Solutions Plus GmbH & Co. KG,"Bockenheim, Frankfurt am Main",,,,,0,Sonstige/Allgemeine Stellen,"Wir suchen Dich am Standort Frankfurt am Main als Expert Data Engineer (m/w/d) (in Vollzeit) Anforderungskennung: 2256 Du möchtest in einem mittelständischen Softwareunternehmen im Bankenumfeld echte Verantwortung übernehmen und große Datenlandschaften mitgestalten? Du bringst nicht nur technische Exzellenz mit, sondern gehst auch gerne mit Gestaltungskraft voran? Dann suchen wir genau dich! Wir sind die Finanz Informatik Solutions Plus, kurz FI-SP, und unsere Mission ist klar: Mit Leidenschaft…",2025-05-24T10:31:36Z,Onsite,https://www.adzuna.de/land/ad/5214017372?se=RBvaGoE48BGKPBF8ALaCew&utm_medium=api&utm_source=25f3af84&v=D3CA130EEDDED2FD4577F441751894A6B09D7E70
DE,Marketing Data Analyst (m/w/d),Thieme Gruppe,"Feuerbach, Stuttgart",,,,,0,Sonstige/Allgemeine Stellen,"Stellen-ID: 1544 Du hast Lust, Pionierarbeit zu leisten und Strukturen von Grund auf mitzugestalten? Dann bist Du bei uns genau richtig! Bei uns baust Du die Brücke zwischen Marketing, Sales, Controlling und dem Data & AI Hub. Die Thieme Gruppe ist marktführender Anbieter von Informationen und Services, die dazu beitragen, Gesundheit und Gesundheitsversorgung zu verbessern. Mit digitalen Lösungsangeboten in Medizin und Chemie unterstützt Thieme Informations- und Kommunikationsprozesse in Wissen…",2025-05-24T10:31:35Z,Onsite,https://www.adzuna.de/land/ad/5214017250?se=RBvaGoE48BGKPBF8ALaCew&utm_medium=api&utm_source=25f3af84&v=62AB7C7ECC60F29B493A763363DE7B03B3E538FE
DE,Project Manager “Campus Living” (m/w/d) in Vollzeit,Die TUM Campus Heilbronn gGmbH,"Heilbronn, Heilbronn (Kreis)",,,,,0,Sonstige/Allgemeine Stellen,"Auf Initiative der Dieter Schwarz Stiftung betreibt die Technische Universität München einen eigenen Lehr- und Forschungsstandort am Bildungscampus Heilbronn. Der Campus steht unter dem Leitgedanken „for The Digital Age“ und fokussiert sich auf die Chancen und Herausforderungen des digitalen Zeitalters, u.a. in den Bereichen Künstliche Intelligenz, Data Science und Informatik. Die Besonderheit des Campus liegt vor allem in der Verzahnung von Management und digitalen Technologien und beschäftigt…",2025-05-24T10:31:35Z,Onsite,https://www.adzuna.de/land/ad/5214017261?se=RBvaGoE48BGKPBF8ALaCew&utm_medium=api&utm_source=25f3af84&v=E961E34782E9D0B67CCC6DDE44BADD272C8A8D6C
DE,Area Manager (m/w/d),Amazon Europe Core,"Oerlenbach, Bad Kissingen (Kreis)",,,,,0,Sonstige/Allgemeine Stellen,"Der operative Geschäftsbereich ist das Herz von Amazon. Dieser wesentliche Teil unseres Unternehmens sorgt dafür, dass wir Bestellungen effizient versenden, damit unsere Kund:innen ihre Artikel rechtzeitig erhalten. Als Area Manager:in sorgst Du dafür, dass alle Abläufe an Deinem Standort so reibungslos wie möglich funktionieren, damit wir die Kundennachfrage erfüllen können. Du führst ein Team, das für die Sicherheit, Effizienz und erstklassige Qualität unserer Betriebsabläufe sorgt. Zusätzlic…",2025-05-24T10:31:35Z,Onsite,https://www.adzuna.de/land/ad/5214017266?se=RBvaGoE48BGKPBF8ALaCew&utm_medium=api&utm_source=25f3af84&v=5E3B40ABB5A18E88765FBF50D1FA389EC87886D3
DE,Praktikant*in Zuverlässigkeit Elektro- und Hybridantriebe (Pflicht-Praktikum),Mercedes-Benz AG,"Stuttgart, Baden-Württemberg",,,,,0,Sonstige/Allgemeine Stellen,"Life is always about becoming… Im Leben geht es darum, sich auf eine Reise zu begeben, um die beste Version unseres zukünftigen Selbst zu werden. Während wir Neues entdecken, stellen wir uns Herausforderungen, meistern sie und wachsen über uns hinaus. Bewerben Sie sich bei Mercedes-Benz und finden Sie den Aufgabenbereich, in dem Sie Ihre Talente individuell entfalten können. Dabei werden Sie von visionären Kolleginnen und Kollegen unterstützt, die Ihren Pioniergeist teilen. Bei uns einzusteigen…",2025-05-24T10:31:27Z,Onsite,https://www.adzuna.de/land/ad/5214017038?se=RBvaGoE48BGKPBF8ALaCew&utm_medium=api&utm_source=25f3af84&v=A9DA732F798C570284FBA30A33AE95F4630845DE
DE,Senior Platform Engineer (w/m/d) Remote / Homeoffice,hsag Heidelberger Services AG,Deutschland,,,,,0,Sonstige/Allgemeine Stellen,"Auch wenn in unserem Namen Heidelberg auftaucht, wir – die hsag – sind bundesweit mit über 600 Mitarbeitenden an verschiedenen Standorten (Münster, Gera, Chemnitz, Essen, Heidelberg, Halle, Magdeburg und Walldorf) vertreten. Als Dienstleister für Energieversorgungsunternehmen unterstützen wir unsere Kunden, die Energiewende sowie die Digitalisierung voranzutreiben. Du arbeitest gerne im Homeoffice? Kein Problem! Auch wenn unser Entwicklungsteam dem Standort Walldorf (Rhein-Neckar-Kreis) zugeord…",2025-05-24T10:31:27Z,Onsite,https://www.adzuna.de/land/ad/5214017031?se=RBvaGoE48BGKPBF8ALaCew&utm_medium=api&utm_source=25f3af84&v=32C423A5A39218E0F7C612B5877DAD0E7AB80DB3
DE,Werkstudent (m/w/d) – Risikomanagement | Nachhaltigkeitsrisiken,Sparkassen Rating und Risikosysteme GmbH,"Berlin, Deutschland",,,,,0,Sonstige/Allgemeine Stellen,"Die Sparkassen Rating und Risikosysteme (SR) ist der zentrale Dienstleister für Verfahren des Risiko­manage­ments in der Sparkassen-Finanzgruppe. Wir unterstützen die Institute mit Standardlösungen in den Bereichen der Risiko­messung und -steuerung, der regulatorischen Banksteuerung sowie im Vertrieb mit Data-Analytics-Lösungen. Gemeinsam mit unseren Partnern bieten wir den Instituten, von der Konzeption der Verfahren, über deren Weiterentwicklung, IT-Umsetzung und Umsetzungsunterstützung, zent…",2025-05-24T10:31:09Z,Onsite,https://www.adzuna.de/land/ad/5214016877?se=RBvaGoE48BGKPBF8ALaCew&utm_medium=api&utm_source=25f3af84&v=7D69A50F50044A97F3C17813ED221FAAE03595B0
DE,Werkstudent:in im Bereich Marketing (m/w/d),AllDent Zahnzentrum GmbH,"München, München (Kreis)",,,,,0,Sonstige/Allgemeine Stellen,"Attraktiver Stundenlohn Flexible Einsatzplanung, abhängig von Deinem Studienplan Zugang zum Rabattportal ""Corporate Benefits"" Arbeit in einem hellen und modernen Büro in München Harmonisches und vertrauensvolles Arbeitsklima in einem freundlichen Team Erstellung von monatlichen Reportings relevanter KPIs für interne und externe Stakeholder Content Management: Unterstützung beim Seiten-Relaunch – Aufbau neuer Seiten, kleinere Textaufträge und strukturelles Testing Unterstützung Social Media im C…",2025-05-24T10:31:06Z,Onsite,https://www.adzuna.de/land/ad/5214016765?se=RBvaGoE48BGKPBF8ALaCew&utm_medium=api&utm_source=25f3af84&v=D85B83AD44B975159CC7EBB3ABEF3B6C36669572
DE,Google Cloud Engineer (m/w/d) II GenAI powered,Reply,Deutschland,,,,,0,Sonstige/Allgemeine Stellen,"Go Reply, als Teil der Reply Gruppe, ist ein Google Cloud Premier Partner, der in folgenden Bereichen Leistungen anbietet: Cloud-Strategie und Migration, Cloud Hosting, Big Data, Maschinenlernen, PCI-/ISO-Konformität und -Sicherheitsmanagement, Produktivitätsservices und umfassend verwaltete Leistungen rund um die Uhr, die uns bei geschäftskritischen Anwendungen unterstützen. Du unterstützt unsere Kunden in Workshops oder Projekten, Services der Google Cloud Platform sowie andere Google Cloud M…",2025-05-24T10:31:00Z,Onsite,https://www.adzuna.de/land/ad/5214016726?se=RBvaGoE48BGKPBF8ALaCew&utm_medium=api&utm_source=25f3af84&v=E1E18F58558D7EED99ACA1C1F8E29E7864E7C1CC
DE,(Junior) Data & Artificial Intelligence Consultant (m/w/d),Reply,Deutschland,,,,,0,Sonstige/Allgemeine Stellen,"Cluster Reply ist das Unternehmen der Reply Gruppe, das auf die Beratung und Systemintegration von Microsoft-Technologien spezialisiert ist. Als Partner von Microsoft ist Cluster Reply in Deutschland, Österreich und der Schweiz tätig und arbeitet innerhalb des Reply Netzwerks mit Schwesterunternehmen in Brasilien, Großbritannien, Italien sowie den USA zusammen. Das Unternehmen legt den Schwerpunkt auf Innovationen und unterstützt Kunden bei der digitalen Transformation. Die Lösungen reichen von…",2025-05-24T10:30:59Z,Onsite,https://www.adzuna.de/land/ad/5214016694?se=RBvaGoE48BGKPBF8ALaCew&utm_medium=api&utm_source=25f3af84&v=609937B517F2DD5E898AC4E9D519D9506C9559EF
DE,Senior Data Scientist – Quantitatives Portfoliomanagement (w/m/d),HUK-COBURG Versicherungsgruppe,"Coburg, Coburg (Kreis)",,,,,0,Sonstige/Allgemeine Stellen,"Im Data Analytics Team der HUK-COBURG transformieren wir Daten in echte Mehrwerte für über 13 Mio. Kund:innen. Als Deutschlands führende Kfz-Versicherung sind wir ein traditionsreiches und stabiles Unternehmen, welches zielgerichtet in Innovation und seine datengetriebene Zukunft investiert. Unsere agilen Data Analytics Teams setzen modernste Machine Learning und KI-Methoden ein, um Prozesse zu optimieren, faire Preise zu berechnen, Schäden digital und intelligent zu steuern, innovative Versich…",2025-05-24T10:30:58Z,Onsite,https://www.adzuna.de/land/ad/5214016685?se=RBvaGoE48BGKPBF8ALaCew&utm_medium=api&utm_source=25f3af84&v=15C60976CA0618FF2A91B937E16038ECC9C29C69
DE,Media Application Consultant / System Engineer - (m/w/d),Publicis Media GmbH,"Pempelfort, Düsseldorf",,,,,0,Sonstige/Allgemeine Stellen,"Publicis Media ist das weltweit zweitgrößte Mediaagenturnetzwerk und Teil des französischen Kommunikationskonzerns Publicis Groupe. Als globale Holding lebt Publicis Media durch seine vier globalen Agenturmarken Zenith, Starcom, Mediavest | Spark und Blue 449, die das Kundengeschäft in der strategischen Kommunikationsberatung in über 100 Ländern steuern und stetig weiterentwickeln.Darüber hinaus unterstützen bei Publicis Media zentrale Spezialistenteams die Kunden der Agenturen in den Bereichen…",2025-05-24T10:30:48Z,Onsite,https://www.adzuna.de/land/ad/5214016533?se=RBvaGoE48BGKPBF8ALaCew&utm_medium=api&utm_source=25f3af84&v=9D56CE47FEFAA8A9359963AF6E830F140C431563
DE,Cybersecurity Expert DLP (m/f/x),ZEISS,Deutschland,,,,,0,Sonstige/Allgemeine Stellen,"Step out of your comfort zone, excel and redefine the limits of what is possible. That's just what our employees are doing every single day – in order to set the pace through our innovations and enable outstanding achievements. After all, behind every successful company are many great fascinating people. In a spacious modern setting full of opportunities for further development, ZEISS employees work in a place where expert knowledge and team spirit reign supreme. All of this is supported by a s…",2025-05-24T10:30:42Z,Onsite,https://www.adzuna.de/land/ad/5214016352?se=RBvaGoE48BGKPBF8ALaCew&utm_medium=api&utm_source=25f3af84&v=832B9FCCA72FF4938B73F0B003C13CB58126E5F4
DE,Digital Forensic Analyst (m/w/x),ZEISS,Deutschland,,,,,0,Sonstige/Allgemeine Stellen,"Step out of your comfort zone, excel and redefine the limits of what is possible. That's just what our employees are doing every single day – in order to set the pace through our innovations and enable outstanding achievements. After all, behind every successful company are many great fascinating people. In a spacious modern setting full of opportunities for further development, ZEISS employees work in a place where expert knowledge and team spirit reign supreme. All of this is supported by a s…",2025-05-24T10:30:42Z,Onsite,https://www.adzuna.de/land/ad/5214016369?se=RBvaGoE48BGKPBF8ALaCew&utm_medium=api&utm_source=25f3af84&v=38AA7614E67B4CF058B39D1298295EBB8C50E4B1
DE,European HR Business Partner (m/f/d),Paychex Deutschland GmbH,"Eppendorf, Hamburg",,,,,0,Sonstige/Allgemeine Stellen,"With over 50 years of experience and more than 200 employees, Paychex Deutschland GmbH, a subsidiary of the US billion-dollar company Paychex, Inc., is one of the largest providers of payroll services in Germany. From our locations in Hamburg, Berlin, Dresden and Rostock, we take care of the needs of our now more than 6000 customers. The Paychex Group includes the Danish HRM SaaS provider Emply and the Lessor Group, which is the market-leading provider of payroll and human capital management so…",2025-05-24T10:30:31Z,Onsite,https://www.adzuna.de/land/ad/5214016242?se=RBvaGoE48BGKPBF8ALaCew&utm_medium=api&utm_source=25f3af84&v=E69E24F16E7A696249DA7E02BE539F47C2FAED52
DE,Data Analyst Campaigning (w/m/d),freenet DLS GmbH,"Hamburg, Deutschland",,,,,0,Sonstige/Allgemeine Stellen,"freenet bietet ein umfangreiches Portfolio rund um die Themen Mobilfunk, Internet und TV-Entertainment. Online sowie in rund 520 eigenen Shops erhält jeder Kunde die ideale Lösung für sein digitales Leben. Deutschlandweit beraten wir persönlich, unabhängig und individuell. Für unseren Standort Hamburg suchen wir ab sofort tatkräftige Unterstützung in Vollzeit: Data Analyst Campaigning (w/m/d) DAS ERWARTET DICH Der Bereich Data & Intelligence entwickelt auf einer skalierenden AWS-Infrastruktur d…",2025-05-24T10:30:31Z,Onsite,https://www.adzuna.de/land/ad/5214016264?se=RBvaGoE48BGKPBF8ALaCew&utm_medium=api&utm_source=25f3af84&v=1CC57B92EBA0F1BE44FE590A200C24730DCFD57F
DE,Vertriebsmitarbeiter Innendienst (m/w/d),Data - Sec GmbH,Deutschland,,,,,0,Sonstige/Allgemeine Stellen,"Data-Sec ist der Spezialist für die IT-Sicherheit mittel­ständischer Unternehmen. Wir liefern Rundum-Schutz von der Auditierung, Konzeption, Installation bis hin zur laufenden Betreuung, der alle gesetzlichen Anfor­derungen erfüllt und alle wichtigen Risiken entschärft. Wir sind die Men-In-Black der IT-Security. Wir helfen unseren Kunden, wenn „das Kind schon in den Brunnen gefallen ist!“ Wir kommunizieren mit den Versicherungen Wir analysieren die Malware Wir kommunizieren mit Hackern und helf…",2025-05-24T10:30:31Z,Onsite,https://www.adzuna.de/land/ad/5214016282?se=RBvaGoE48BGKPBF8ALaCew&utm_medium=api&utm_source=25f3af84&v=0CD31FC96C3E7665A5708A61425AFF160E63F7DC
DE,"Strategic Account Manager, Strategic Account Management (m/w/d)",Amazon Europe Core,Deutschland,,,,,0,Sonstige/Allgemeine Stellen,"Zur Verstärkung unseres Marketplace Teams in München suchen wir einen Strategic Account Manager (m/f/d) in Vollzeit am Standort München/Berlin. Bewerben Sie sich als Strategic Account Manager für den Amazon Marketplace und helfen Sie mit, das kundenorientierteste Unternehmen der Welt zu bauen. Wir richten uns an Professionals mit Erfahrung im Key Account Management und/oder Projektmanagement. Wir bieten die Möglichkeit, einen sehr erfolgreichen Geschäftsbereich weiter auszubauen. Als Strategic …",2025-05-24T10:30:20Z,Onsite,https://www.adzuna.de/land/ad/5214016070?se=RBvaGoE48BGKPBF8ALaCew&utm_medium=api&utm_source=25f3af84&v=1BC5B640FFB1B98F7B9CA202B53766138252C216
DE,Account Executive Defense (m/w/d),Conet Technologies Holding GmbH,Deutschland,,,,,0,Sonstige/Allgemeine Stellen,"Die CONET-Gruppe ist seit mehr als 30 Jahren der Digitalisierungs­partner mit Fokus auf Consulting, Customer Experience, Data Intelligence, Managed Services, SAP und Software Development. Die CONET Technologies Holding GmbH ist ein führendes IT-Beratungsunternehmen mit über 2.000 Mitarbeitenden und einem Jahresumsatz von rund 280 Millionen Euro. Zur Betreuung und Weiterentwicklung unserer Bestandskunden sowie zur Gewinnung neuer Kunden im Defense-Umfeld suchen wir an unseren Standorten bundeswe…",2025-05-24T10:30:19Z,Onsite,https://www.adzuna.de/land/ad/5214016051?se=RBvaGoE48BGKPBF8ALaCew&utm_medium=api&utm_source=25f3af84&v=19A9435836976DEA23F8A32D175F7F73A1EF5040
DE,Group Controller / Manager Controlling (m/w/d),SALT AND PEPPER Holding GmbH & Co. KG,"Lehe, Bremen",,,,,0,Sonstige/Allgemeine Stellen,"Hochwertige Engineering-Services, innovative Softwarelösungen und wertschöpfende Beratungsleistungen für die Industrie – das bekommen Sie aus einer Hand von SALT AND PEPPER. Sie sind engagiert und wollen mit Ihrem Know-how spannende Projekte bewegen? Dann sind Sie bei SALT AND PEPPER genau richtig. Als außergewöhnliche Unternehmensgruppe mit zwei Geschäftsbereichen an elf (inkl. der CoCs) Standorten in Deutschland sind wir Fortschrittspartner der Industrie. Wir bieten Ihnen ein Aufgabenfeld, in…",2025-05-24T10:30:19Z,Onsite,https://www.adzuna.de/land/ad/5214016062?se=RBvaGoE48BGKPBF8ALaCew&utm_medium=api&utm_source=25f3af84&v=F9600C75FC565B26762023F3BEE81DD055D6FF41
DE,Area Manager (m/w/d),Amazon Europe Core,"Schortens, Friesland (Kreis)",,,,,0,Sonstige/Allgemeine Stellen,"Der operative Geschäftsbereich ist das Herz von Amazon. Dieser wesentliche Teil unseres Unternehmens sorgt dafür, dass wir Bestellungen effizient versenden, damit unsere Kund:innen ihre Artikel rechtzeitig erhalten. Als Area Manager:in sorgst Du dafür, dass alle Abläufe an Deinem Standort so reibungslos wie möglich funktionieren, damit wir die Kundennachfrage erfüllen können. Du führst ein Team, das für die Sicherheit, Effizienz und erstklassige Qualität unserer Betriebsabläufe sorgt. Zusätzlic…",2025-05-24T10:30:13Z,Onsite,https://www.adzuna.de/land/ad/5214015930?se=RBvaGoE48BGKPBF8ALaCew&utm_medium=api&utm_source=25f3af84&v=2E541DA759A7447BE691AE27F9C7FE4B0BD27315
DE,Werkstudent Releasemanagement (m/w/d) | PSPRLM,Atruvia AG,Deutschland,,,,,0,Sonstige/Allgemeine Stellen,"Wir sind der Digitalisierungspartner der genossenschaftlichen FinanzGruppe und vereinen jahrzehntelange Banking-Expertise mit moderner Informationstechnologie. Die speziell auf Banken zugeschnittenen IT-Lösungen und Leistungen reichen vom Rechenzentrumsbetrieb über das Bankverfahren agree21 bis hin zur App-Entwicklung. Dabei nutzen wir zukunftsweisende Technologien wie künstliche Intelligenz oder Smart Data und schreiben Prozessoptimierung und Regulatorik groß. Wir haben uns zum Ziel gesetzt,…",2025-05-24T10:30:01Z,Onsite,https://www.adzuna.de/land/ad/5214015895?se=RBvaGoE48BGKPBF8ALaCew&utm_medium=api&utm_source=25f3af84&v=D1FE7FE563A542C7337F990E06D2C74A4611D42F
DE,IT Inhouse Consultant – Master Data Management,AESCULAP AG,Deutschland,,,,,0,Sonstige/Allgemeine Stellen,"Sie sind ein wichtiger Teil unserer Zukunft. Hoffentlich sind wir auch ein Teil Ihrer Zukunft! Bei B. Braun schützen und verbessern wir die Gesundheit der Menschen weltweit. Sie unterstützen diese Vision, indem Sie Ihr Know-how einbringen und Innovation, Effizienz und Nachhaltigkeit als Werte teilen. Deshalb möchten wir unser Unternehmen gemeinsam mit Ihnen weiter entwickeln. Mit Blick auf Ihre Zukunft leisten wir gemeinsam einen Beitrag zur Gesundheitsversorgung weltweit, mit Vertrauen, Transp…",2025-05-24T10:30:01Z,Onsite,https://www.adzuna.de/land/ad/5214015875?se=RBvaGoE48BGKPBF8ALaCew&utm_medium=api&utm_source=25f3af84&v=7B5CC4B8D9AC6C02FE7531960D02838183E430DF
DE,"Head of Health, Safety and Environment (m/f/d) - BU Compression Technologies",GEA Refrigeration Germany GmbH,"Borsigwalde, Berlin",,,,,0,Sonstige/Allgemeine Stellen,"GEA is one of the largest suppliers for the food and beverage processing industry and a wide range of other process industries. Approximately 18,000 employees in more than 60 countries contribute significantly to GEA's success – come and join them! We offer interesting and challenging tasks, a positive working environment in international teams and opportunities for personal development and growth in a global company. Why join GEA The Heating & Refrigeration Division of GEA provides refrigerati…",2025-05-24T10:29:49Z,Onsite,https://www.adzuna.de/land/ad/5214015769?se=RBvaGoE48BGKPBF8ALaCew&utm_medium=api&utm_source=25f3af84&v=5BE655ECB47ED1F48B993A0DECB7A1ABCE19D24D
DE,(Senior) Lead Intelligence Manager (m/w/d),Stepstone GmbH,"Düsseldorf, Nordrhein-Westfalen",,,,,0,Sonstige/Allgemeine Stellen,"Stepstone ist eine führende Online-Jobplattform in Deutschland, die Jobsuchenden hilft, den richtigen Job zu finden. Als einer der größten Anbieter auf dem Jobmarkt in Deutschland haben wir bereits Millionen von Einstellungen in den unterschiedlichsten Branchen und Bereichen ermöglicht. Wir sind stolz darauf, Teil der Stepstone Group zu sein - mit ihrer weltweiten Expertise für Tech-Job-Plattformen. Als Teil dieses globalen Teams können wir die neuesten Technologien, Daten und Branchenexpertise…",2025-05-24T10:29:48Z,Onsite,https://www.adzuna.de/land/ad/5214015668?se=RBvaGoE48BGKPBF8ALaCew&utm_medium=api&utm_source=25f3af84&v=486F032ED5A8F816453989A9668EC69008B000DA
DE,Werkstudent (m/w/d) Data Input,Circana GmbH,"Nürnberg, Bayern",,,,,0,Sonstige/Allgemeine Stellen,"Werkstudent (m/w/d) Data Input Lasst uns gemeinsam unaufhaltsam sein! Circana (ehemals IRI und NPD Group) ist der führende Berater für die Komplexität des Verbraucherverhaltens. Durch beispiellose Technologie, fortschrittliche Analysen, branchenübergreifende Daten und umfassendes Fachwissen schaffen wir Klarheit, die fast 7.000 der weltweit führenden Marken und Einzelhändler dabei hilft, Maßnahmen zu ergreifen und ihr Geschäftswachstum voranzutreiben. Wir verstehen mehr über den gesamten Verbra…",2025-05-24T10:29:48Z,Onsite,https://www.adzuna.de/land/ad/5214015697?se=RBvaGoE48BGKPBF8ALaCew&utm_medium=api&utm_source=25f3af84&v=311A35904ABECF3DC58EDE4D31DFACD2CE9C61B8
DE,IT-Administrator ECM (m/w/d),Würth IT GmbH,Deutschland,,,,,0,Sonstige/Allgemeine Stellen,"Daten müssen in Form gebracht werden, damit etwas Großes daraus entsteht. Dabei ist Struktur gefragt. Ebenso wie das Interesse an Technik. Im Bereich Data Center & Infrastructure können wir beides ausleben. Unsere Aufgabe ist es, weltweit sichere und stabile Rechenzentren bereitzustellen. Außerdem gehört der Bereich Managed Hosting und Server dazu, in dem wir uns um Systemverwaltung und Systemwartung kümmern, sowie der Bereich Virtual Hosting und Server, in dem durch virtuelle Server eine flexi…",2025-05-24T10:29:48Z,Onsite,https://www.adzuna.de/land/ad/5214015673?se=RBvaGoE48BGKPBF8ALaCew&utm_medium=api&utm_source=25f3af84&v=69A48332390DCD3988DD684D7D16B3CB6FC3F4AF
DE,(Senior) Product Data Manager E-Commerce (m/w/d),Bauhaus,"Mannheim, Baden-Württemberg",,,,,0,Sonstige/Allgemeine Stellen,"Der Bereich Digital Commerce steht für ein vernetztes BAUHAUS der Zukunft durch Digitalisierung. Dabei haben wir immer unsere Kund:innen im Fokus und als Ziel, das perfekte digitale Einkaufserlebnis zu schaffen. Eine agile Arbeitsumgebung, innovative Lösungen und engagierte Mitarbeiter:innen sind der starke Motor dahinter – und der beste Beweis dafür ist der Erfolg: Mit über 270 Fachcentren in 19 Ländern sowie einem der 50 größten Online-Shops in Deutschland gehört BAUHAUS zu den erfolgreichste…",2025-05-24T10:29:45Z,Onsite,https://www.adzuna.de/land/ad/5214015493?se=RBvaGoE48BGKPBF8ALaCew&utm_medium=api&utm_source=25f3af84&v=9AC17E8269296CDB121F434DCC4782697E6ACBE1
DE,(Junior) Analyst - Global Hospital Rating (m/f/d),Statista GmbH,"Neustadt, Hamburg",,,,,0,Sonstige/Allgemeine Stellen,"At Statista , we're all about facts and data, for we are the world's leading business data platform. By providing reliable and easy-to-use data as well as various data analytics products and services, we empower people worldwide to make fact-based decisions. Founded in Hamburg in 2007, we have quickly grown into a global company with offices in major cities such as London, New York, Berlin and Tokyo. And we still have a lot of plans. Our constant growth does not only prove our success, but also…",2025-05-24T10:29:45Z,Onsite,https://www.adzuna.de/land/ad/5214015483?se=RBvaGoE48BGKPBF8ALaCew&utm_medium=api&utm_source=25f3af84&v=AFD8FC132EB7FEAC8D31909AD002B4F0A07ED430
DE,Business Development Manager,eBay,"Nikolassee, Berlin",,,,,0,Unknown,"At eBay, we're more than a global ecommerce leader — we’re changing the way the world shops and sells. Our platform empowers millions of buyers and sellers in more than 190 markets around the world. We’re committed to pushing boundaries and leaving our mark as we reinvent the future of ecommerce for enthusiasts. Our customers are our compass, authenticity thrives, bold ideas are welcome, and everyone can bring their unique selves to work — every day. We're in this together, sustaining the futur…",2025-05-24T10:12:37Z,Onsite,https://www.adzuna.de/land/ad/5214008896?se=RBvaGoE48BGKPBF8ALaCew&utm_medium=api&utm_source=25f3af84&v=24351825A2BF323422B98F6D3BD673DB3CF1853E
DE,Category Manager,eBay,"Nikolassee, Berlin",,,,,0,Unknown,"At eBay, we're more than a global ecommerce leader — we’re changing the way the world shops and sells. Our platform empowers millions of buyers and sellers in more than 190 markets around the world. We’re committed to pushing boundaries and leaving our mark as we reinvent the future of ecommerce for enthusiasts. Our customers are our compass, authenticity thrives, bold ideas are welcome, and everyone can bring their unique selves to work — every day. We're in this together, sustaining the futur…",2025-05-24T10:12:37Z,Onsite,https://www.adzuna.de/land/ad/5214008898?se=RBvaGoE48BGKPBF8ALaCew&utm_medium=api&utm_source=25f3af84&v=4C0CA3D878F3E92DEAEE0F699F07F8030C27D8ED
DE,Aktuar Pricing Deutschland (m/w/d),ERGOGroupAG,"Derendorf, Düsseldorf",,,,,0,Sonstige/Allgemeine Stellen,"Aktuar Pricing Deutschland m/w/d in der Schaden- und Unfallversicherung - in Vollzeit oder Teilzeit Sie interessieren sich für interessante Fragen, wie z.B. Welche Auswirkungen haben zunehmende klimatische Risiken auf die Versicherungsprämien? Und Sie wollen gemeinsam mit uns wachsen? Dann haben wir am Standort Düsseldorf genau die richtige Aufgabe für Sie! Ihre zentrale Rolle: Einsetzen Ihres fundierten mathematischen Wissens in versicherungstechnischen Problemstellungen Entwicklung kreativer …",2025-05-24T10:10:41Z,Onsite,https://www.adzuna.de/land/ad/5214007961?se=RBvaGoE48BGKPBF8ALaCew&utm_medium=api&utm_source=25f3af84&v=14BC5B8820179767D3AC5B5215EFB1D26957A030
DE,IT Consultant (m/w/d) Sonderprojekte,dtms GmbH,"Beuel, Bonn",,,,,0,IT-Stellen,"Consultant (m/w/d) Bonn unbefristet Vollzeit Du hast Lust, etwas zu bewegen und die Zukunft der Kundenkommunikation aktiv mitzugestalten? Dann bist du bei uns genau richtig! Wir suchen eine engagierte und kreative Persönlichkeit, die unsere Kunden mit intelligenten Lösungen begeistert. Wir bieten dir spannende Projekte mit echtem Impact, ein dynamisches Team mit Innovationsgeist und viel Raum für eigene Ideen und Entwicklungsmöglichkeiten. Deine Aufgaben Entwicklung smarter Lösungen im Bereich …",2025-05-24T10:10:39Z,Onsite,https://www.adzuna.de/land/ad/5214007899?se=RBvaGoE48BGKPBF8ALaCew&utm_medium=api&utm_source=25f3af84&v=73A3CF15656D1357703548140A42B1DA8035591C
DE,Aktuar Pricing für Kraftfahrt- und Motorversicherung (m/w/d),ERGOGroupAG,"Derendorf, Düsseldorf",,,,,0,Sonstige/Allgemeine Stellen,Aktuar Pricing für Kraftfahrt- und Motorversicherung m/w/d als Referent - in Vollzeit oder Teilzeit Sie sind Experte im Pricing und vertraut mit dem Kraftfahrt-Versicherungsmarkt? Und Sie wollen gemeinsam mit uns wachsen? Dann haben wir am Standort Düsseldorf genau die richtige Aufgabe für Sie! Ihre zentrale Rolle: Gestalten Sie mit uns die Zukunft des Pricings in der Kraftfahrt- und Motorversicherung mit Ihrem mathematischen Fachwissen Verantwortung für das Pricing im deutschen Markt und Übern…,2025-05-24T10:10:17Z,Onsite,https://www.adzuna.de/land/ad/5214007765?se=RBvaGoE48BGKPBF8ALaCew&utm_medium=api&utm_source=25f3af84&v=367D1C5863EF2D7438BBE91E8EB24120B43530EB
DE,Innovationsmanager (m/w/d),GKDZ ,"Zentrum, Leipzig",,,,,0,Sonstige/Allgemeine Stellen,"Innovationsmanager (m/w/d) Das Gemeinsame Kompetenz- und Dienstleistungszentrum der Polizeien der LänderBerlin, Brandenburg, Sachsen, Sachsen- Anhalt und Thüringen auf dem Gebiet derpolizeilichen Telekommunikationsüberwachung als rechtsfähige Anstalt öffentlichenRechts (GKDZ) sucht ab sofort Verstärkung in Vollzeit und unbefristet in Leipzig. Aufgabe des GKDZ ist die Decodierung, Entschlüsselung und Analyse von Daten zumZwecke der Verhütung, Ermittlung, Aufdeckung oder Verfolgung von Straftaten…",2025-05-24T10:10:17Z,Onsite,https://www.adzuna.de/land/ad/5214007772?se=RBvaGoE48BGKPBF8ALaCew&utm_medium=api&utm_source=25f3af84&v=5A3830FEC150D8357B2C4EDC2BE2C2EDE708AE55
DE,Android App Developer (gn) full-time / part-time,DKV Mobility Group SE,"Hubbelrath, Düsseldorf",,,,,0,Unknown,"Android App Developer (gn) full-time/part-time Ratingen, NRW, Germany | req3815 Android App Developer (gn) full-time/part-time Your task at DKV Mobility? As part of a leading European B2B platform for on-the-road payment solutions, you will work in an exciting environment. Our tasks are defined by our purpose: To drive the transition towards an efficient and sustainable future of mobility. We offer you numerous opportunities to help shape the mobility of tomorrow in a dynamic and agile environm…",2025-05-24T09:41:52Z,Onsite,https://www.adzuna.de/details/5213991071?utm_medium=api&utm_source=25f3af84
DE,IT System Administrator for Linux and Windows (m/f/d),MARINGO Computers GmbH,"Altstadt-Nord, Köln",,,,,0,Unknown,"IT System Administrator for Linux and Windows (m/f/d) We are looking for new MARINGOs! For more than 35 years, MARINGO has set itself the goal of developing modern, tailor-made commercial software for small and medium-sized companies. We distribute our project management software MARIProject based on SAP Business One worldwide via our SAP partner network. We are delighted that MARIProject is now being used by over 22,000 users worldwide! In addition to sales and development, we support our cust…",2025-05-24T09:41:52Z,Onsite,https://www.adzuna.de/details/5213991068?utm_medium=api&utm_source=25f3af84
DE,Cloud Solutions Architect - AWS (m/f/d),NetApp,"Ottobrunn, München (Kreis)",,,,,0,Stellen aus Kreation & Design,"About NetAppNetApp is the intelligent data infrastructure company, turning a world of disruption into opportunity for every customer. No matter the data type, workload or environment, we help our customers identify and realize new business possibilities. And it all starts with our people.If t",2025-05-24T08:47:02Z,Onsite,https://www.adzuna.de/details/5213931642?utm_medium=api&utm_source=25f3af84
DE,"Manager, Cloud Solutions Architecture - Google",NetApp,"Bad Aibling, Rosenheim (Kreis)",,,,,0,Stellen aus Kreation & Design,"About NetAppNetApp is the intelligent data infrastructure company, turning a world of disruption into opportunity for every customer. No matter the data type, workload or environment, we help our customers identify and realize new business possibilities. And it all starts with our people.If t",2025-05-24T08:47:02Z,Onsite,https://www.adzuna.de/details/5213931640?utm_medium=api&utm_source=25f3af84
DE,Cloud Solutions Architect - AWS (m/f/d),NetApp,"Tann (Rhön), Fulda (Kreis)",,,,,0,Stellen aus Kreation & Design,"About NetAppNetApp is the intelligent data infrastructure company, turning a world of disruption into opportunity for every customer. No matter the data type, workload or environment, we help our customers identify and realize new business possibilities. And it all starts with our people.If t",2025-05-24T08:47:02Z,Onsite,https://www.adzuna.de/details/5213931644?utm_medium=api&utm_source=25f3af84
DE,Cloud Solution Architect - Google (m/f/d),NetApp,"Kirchheim bei München, München (Kreis)",,,,,0,Unknown,"About NetAppNetApp is the intelligent data infrastructure company, turning a world of disruption into opportunity for every customer. No matter the data type, workload or environment, we help our customers identify and realize new business possibilities. And it all starts with our people.If t",2025-05-24T08:46:57Z,Onsite,https://www.adzuna.de/details/5213931231?utm_medium=api&utm_source=25f3af84
DE,Cloud Solutions Architect - AWS (m/f/d),NetApp,"Oberursel (Taunus), Hochtaunuskreis",,,,,0,Stellen aus Kreation & Design,"About NetAppNetApp is the intelligent data infrastructure company, turning a world of disruption into opportunity for every customer. No matter the data type, workload or environment, we help our customers identify and realize new business possibilities. And it all starts with our people.If t",2025-05-24T08:46:54Z,Onsite,https://www.adzuna.de/details/5213930927?utm_medium=api&utm_source=25f3af84
DE,Controller (m/w/d),Academic Work GmbH,"Barmbek-Süd, Hamburg",,,,,0,Verwaltungsstellen,"Zahlen sind deine Sprache und du willst mehr als nur Tabellen? Dann werde Teil eines dynamischen Teams und gestalte als Controller (m/w/d) aktiv die Zukunft eines traditionsreichen Unternehmens mit. Hier erwarten dich echte Verantwortung, smarte Projekte und Raum zum Wachsen! Über die Position Unser Partnerunternehmen möchte weiter wachsen und bietet dir daher die Möglichkeit, bei ihm als Controller (m/w/d) in Hamburg zu starten. Bei dieser Stelle handelt es sich um eine Direktvermittlung . Dei…",2025-05-24T08:46:54Z,Onsite,https://www.adzuna.de/details/5213930957?utm_medium=api&utm_source=25f3af84
DE,Cloud Solutions Architect - AWS (m/f/d),NetApp,"Küppersteg, Leverkusen",,,,,0,Stellen aus Kreation & Design,"About NetAppNetApp is the intelligent data infrastructure company, turning a world of disruption into opportunity for every customer. No matter the data type, workload or environment, we help our customers identify and realize new business possibilities. And it all starts with our people.If t",2025-05-24T08:46:53Z,Onsite,https://www.adzuna.de/details/5213930877?utm_medium=api&utm_source=25f3af84
DE,Cloud Solutions Architect - AWS (m/f/d),NetApp,"Breuberg, Odenwaldkreis",,,,,0,Stellen aus Kreation & Design,"About NetAppNetApp is the intelligent data infrastructure company, turning a world of disruption into opportunity for every customer. No matter the data type, workload or environment, we help our customers identify and realize new business possibilities. And it all starts with our people.If t",2025-05-24T08:46:53Z,Onsite,https://www.adzuna.de/details/5213930870?utm_medium=api&utm_source=25f3af84
DE,"Manager, Cloud Solutions Architecture - Google",NetApp,"Frechen, Rhein-Erft-Kreis",,,,,0,Stellen aus Kreation & Design,"About NetAppNetApp is the intelligent data infrastructure company, turning a world of disruption into opportunity for every customer. No matter the data type, workload or environment, we help our customers identify and realize new business possibilities. And it all starts with our people.If t",2025-05-24T08:46:53Z,Onsite,https://www.adzuna.de/details/5213930873?utm_medium=api&utm_source=25f3af84
DE,Cloud Solutions Architect - AWS (m/f/d),NetApp,"Hirschberg, Rhein-Lahn-Kreis",,,,,0,Stellen aus Kreation & Design,"About NetAppNetApp is the intelligent data infrastructure company, turning a world of disruption into opportunity for every customer. No matter the data type, workload or environment, we help our customers identify and realize new business possibilities. And it all starts with our people.If t",2025-05-24T08:46:53Z,Onsite,https://www.adzuna.de/details/5213930875?utm_medium=api&utm_source=25f3af84
DE,Cloud Solutions Architect - AWS (m/f/d),NetApp,"Bad Bramstedt, Segeberg (Kreis)",,,,,0,Stellen aus Kreation & Design,"About NetAppNetApp is the intelligent data infrastructure company, turning a world of disruption into opportunity for every customer. No matter the data type, workload or environment, we help our customers identify and realize new business possibilities. And it all starts with our people.If t",2025-05-24T08:46:49Z,Onsite,https://www.adzuna.de/details/5213930414?utm_medium=api&utm_source=25f3af84
DE,Cloud Solutions Architect - AWS (m/f/d),NetApp,"Kaltenkirchen, Segeberg (Kreis)",,,,,0,Stellen aus Kreation & Design,"About NetAppNetApp is the intelligent data infrastructure company, turning a world of disruption into opportunity for every customer. No matter the data type, workload or environment, we help our customers identify and realize new business possibilities. And it all starts with our people.If t",2025-05-24T08:46:49Z,Onsite,https://www.adzuna.de/details/5213930486?utm_medium=api&utm_source=25f3af84
DE,Cloud Solution Architect - Google (m/f/d),NetApp,"Gilching, Starnberg (Kreis)",,,,,0,Unknown,"About NetAppNetApp is the intelligent data infrastructure company, turning a world of disruption into opportunity for every customer. No matter the data type, workload or environment, we help our customers identify and realize new business possibilities. And it all starts with our people.If t",2025-05-24T08:46:49Z,Onsite,https://www.adzuna.de/details/5213930418?utm_medium=api&utm_source=25f3af84
DE,Cloud Solutions Architect - AWS (m/f/d),NetApp,"Bad Laasphe, Siegen-Wittgenstein (Kreis)",,,,,0,Stellen aus Kreation & Design,"About NetAppNetApp is the intelligent data infrastructure company, turning a world of disruption into opportunity for every customer. No matter the data type, workload or environment, we help our customers identify and realize new business possibilities. And it all starts with our people.If t",2025-05-24T08:46:49Z,Onsite,https://www.adzuna.de/details/5213930483?utm_medium=api&utm_source=25f3af84
DE,Cloud Solutions Architect - AWS (m/f/d),NetApp,"Buxtehude, Stade (Kreis)",,,,,0,Stellen aus Kreation & Design,"About NetAppNetApp is the intelligent data infrastructure company, turning a world of disruption into opportunity for every customer. No matter the data type, workload or environment, we help our customers identify and realize new business possibilities. And it all starts with our people.If t",2025-05-24T08:46:49Z,Onsite,https://www.adzuna.de/details/5213930394?utm_medium=api&utm_source=25f3af84
DE,Cloud Solutions Architect - AWS (m/f/d),NetApp,"Altstadt, Düsseldorf",,,,,0,Stellen aus Kreation & Design,"About NetAppNetApp is the intelligent data infrastructure company, turning a world of disruption into opportunity for every customer. No matter the data type, workload or environment, we help our customers identify and realize new business possibilities. And it all starts with our people.If t",2025-05-24T08:46:49Z,Onsite,https://www.adzuna.de/details/5213930420?utm_medium=api&utm_source=25f3af84
DE,"Manager, Cloud Solutions Architecture - Google",NetApp,"Birth, Velbert",,,,,0,Stellen aus Kreation & Design,"About NetAppNetApp is the intelligent data infrastructure company, turning a world of disruption into opportunity for every customer. No matter the data type, workload or environment, we help our customers identify and realize new business possibilities. And it all starts with our people.If t",2025-05-24T08:46:49Z,Onsite,https://www.adzuna.de/details/5213930488?utm_medium=api&utm_source=25f3af84
DE,Cloud Solutions Architect - AWS (m/f/d),NetApp,"Buseck, Gießen (Kreis)",,,,,0,Stellen aus Kreation & Design,"About NetAppNetApp is the intelligent data infrastructure company, turning a world of disruption into opportunity for every customer. No matter the data type, workload or environment, we help our customers identify and realize new business possibilities. And it all starts with our people.If t",2025-05-24T08:46:49Z,Onsite,https://www.adzuna.de/details/5213930500?utm_medium=api&utm_source=25f3af84
DE,Cloud Solutions Architect - AWS (m/f/d),NetApp,"Schondra, Bad Kissingen (Kreis)",,,,,0,Stellen aus Kreation & Design,"About NetAppNetApp is the intelligent data infrastructure company, turning a world of disruption into opportunity for every customer. No matter the data type, workload or environment, we help our customers identify and realize new business possibilities. And it all starts with our people.If t",2025-05-24T08:46:49Z,Onsite,https://www.adzuna.de/details/5213930406?utm_medium=api&utm_source=25f3af84
DE,Short-term Origination Manager (m/f/d) in Renewable Energies,Encavis AG,"Altona-Altstadt, Hamburg",,,,,0,Beraterstellen,"What do we rely on at ENCAVIS? The sun. The wind. And on you.Welcome to the world of Encavis! At Encavis, everything revolves around the power of the sun, the wind and the more than 200 people who together are helping to shape the energy system of the future. What exactly do we do? We make renewable energy economically viable. Our core business is the acquisition and operation of solar and wind parks throughout Europe. Already today, we are one of the leading group-independent electricity produ…",2025-05-24T08:46:49Z,Onsite,https://www.adzuna.de/details/5213930507?utm_medium=api&utm_source=25f3af84
DE,Cloud Solutions Architect - AWS (m/f/d),NetApp,"Eiterfeld, Fulda (Kreis)",,,,,0,Stellen aus Kreation & Design,"About NetAppNetApp is the intelligent data infrastructure company, turning a world of disruption into opportunity for every customer. No matter the data type, workload or environment, we help our customers identify and realize new business possibilities. And it all starts with our people.If t",2025-05-24T08:46:49Z,Onsite,https://www.adzuna.de/details/5213930417?utm_medium=api&utm_source=25f3af84
DE,"Manager, Cloud Solutions Architecture - Google",NetApp,"Planegg, München (Kreis)",,,,,0,Stellen aus Kreation & Design,"About NetAppNetApp is the intelligent data infrastructure company, turning a world of disruption into opportunity for every customer. No matter the data type, workload or environment, we help our customers identify and realize new business possibilities. And it all starts with our people.If t",2025-05-24T08:46:49Z,Onsite,https://www.adzuna.de/details/5213930415?utm_medium=api&utm_source=25f3af84
DE,Cloud Solutions Architect - AWS (m/f/d),NetApp,"Rennerod, Westerwaldkreis",,,,,0,Stellen aus Kreation & Design,"About NetAppNetApp is the intelligent data infrastructure company, turning a world of disruption into opportunity for every customer. No matter the data type, workload or environment, we help our customers identify and realize new business possibilities. And it all starts with our people.If t",2025-05-24T08:46:49Z,Onsite,https://www.adzuna.de/details/5213930392?utm_medium=api&utm_source=25f3af84
DE,Cloud Solutions Architect - AWS (m/f/d),NetApp,"Riedenberg, Bad Kissingen (Kreis)",,,,,0,Stellen aus Kreation & Design,"About NetAppNetApp is the intelligent data infrastructure company, turning a world of disruption into opportunity for every customer. No matter the data type, workload or environment, we help our customers identify and realize new business possibilities. And it all starts with our people.If t",2025-05-24T08:46:49Z,Onsite,https://www.adzuna.de/details/5213930412?utm_medium=api&utm_source=25f3af84
DE,Cloud Solution Architect - Google (m/f/d),NetApp,"Zentrum, Ratingen",,,,,0,Unknown,"About NetAppNetApp is the intelligent data infrastructure company, turning a world of disruption into opportunity for every customer. No matter the data type, workload or environment, we help our customers identify and realize new business possibilities. And it all starts with our people.If t",2025-05-24T08:46:49Z,Onsite,https://www.adzuna.de/details/5213930487?utm_medium=api&utm_source=25f3af84
DE,Cloud Solutions Architect - AWS (m/f/d),NetApp,"Gemeinde Odenthal, Bergisch Gladbach",,,,,0,Stellen aus Kreation & Design,"About NetAppNetApp is the intelligent data infrastructure company, turning a world of disruption into opportunity for every customer. No matter the data type, workload or environment, we help our customers identify and realize new business possibilities. And it all starts with our people.If t",2025-05-24T08:46:49Z,Onsite,https://www.adzuna.de/details/5213930485?utm_medium=api&utm_source=25f3af84
DE,System Safety Engineer (f/m/d),Brunel Germany,"Pettenhofen, Ingolstadt",,,,,0,Technikerstellen,"Would you like to reach the next level in your career? At Brunel you have the opportunity to continuously develop your career with renowned customers - across all industries. Take the decisive step in your career today and apply to us as an System Safety Engineer (f/m/d). Conducting System Safety Assessment activities for aircraft systems, providing support during and after the certification phases Generating and updating assessments (Functional Hazard Assessment/System Safety Assessment) for i…",2025-05-24T08:46:49Z,Onsite,https://www.adzuna.de/details/5213930543?utm_medium=api&utm_source=25f3af84
DE,"Manager, Cloud Solutions Architecture - Google",NetApp,"Batenbrock, Bottrop",,,,,0,Stellen aus Kreation & Design,"About NetAppNetApp is the intelligent data infrastructure company, turning a world of disruption into opportunity for every customer. No matter the data type, workload or environment, we help our customers identify and realize new business possibilities. And it all starts with our people.If t",2025-05-24T08:46:49Z,Onsite,https://www.adzuna.de/details/5213930393?utm_medium=api&utm_source=25f3af84
DE,Cloud Solutions Architect - AWS (m/f/d),NetApp,"Tempelsee, Offenbach am Main",,,,,0,Stellen aus Kreation & Design,"About NetAppNetApp is the intelligent data infrastructure company, turning a world of disruption into opportunity for every customer. No matter the data type, workload or environment, we help our customers identify and realize new business possibilities. And it all starts with our people.If t",2025-05-24T08:46:49Z,Onsite,https://www.adzuna.de/details/5213930423?utm_medium=api&utm_source=25f3af84
DE,Cloud Solutions Architect - AWS (m/f/d),NetApp,"Vacha, Wartburgkreis",,,,,0,Stellen aus Kreation & Design,"About NetAppNetApp is the intelligent data infrastructure company, turning a world of disruption into opportunity for every customer. No matter the data type, workload or environment, we help our customers identify and realize new business possibilities. And it all starts with our people.If t",2025-05-24T08:46:49Z,Onsite,https://www.adzuna.de/details/5213930400?utm_medium=api&utm_source=25f3af84
DE,Cloud Solutions Architect - AWS (m/f/d),NetApp,"Ziehers-Nord, Fulda",,,,,0,Stellen aus Kreation & Design,"About NetAppNetApp is the intelligent data infrastructure company, turning a world of disruption into opportunity for every customer. No matter the data type, workload or environment, we help our customers identify and realize new business possibilities. And it all starts with our people.If t",2025-05-24T08:46:49Z,Onsite,https://www.adzuna.de/details/5213930402?utm_medium=api&utm_source=25f3af84
DE,Senior Underwriter Nordic Markets (80-100%),Scor Rückversicherung,"Altstadt-Nord, Köln",,,,,0,Stellen aus Buchhaltung & Finanzwesen,"&Uuml;ber uns As a leading global reinsurer, SCOR offers its clients a diversified and innovative range of reinsurance and insurance solutions and services to control and manage risk. Applying &quot;The Art &amp; Science of Risk,&quot; SCOR uses its industry-recognized expertise and cutting-edge financial solutions to serve its clients and contribute to the welfare and resilience of society in around 160 countries worldwide. Working at SCOR means engaging with some of the best minds in the indu…",2025-05-24T08:46:35Z,Onsite,https://www.adzuna.de/details/5213929794?utm_medium=api&utm_source=25f3af84
DE,Cloud Solutions Architect - AWS (m/f/d),NetApp,"Gemeinde Hüttenberg, Wetzlar",,,,,0,Stellen aus Kreation & Design,"About NetAppNetApp is the intelligent data infrastructure company, turning a world of disruption into opportunity for every customer. No matter the data type, workload or environment, we help our customers identify and realize new business possibilities. And it all starts with our people.If t",2025-05-24T08:46:33Z,Onsite,https://www.adzuna.de/details/5213929402?utm_medium=api&utm_source=25f3af84
DE,Spezialist für Predictive Maintenance,beBee Careers,"Laupheim, Biberach (Kreis)",,,,,0,Stellen aus Wartung,"Wir suchen einen erfahrenen Predictive-Maintenance-Spezialisten, der unsere Produktionsanlagen effizient warten und instandhalten kann.Ideen zur weiteren Optimierung unserer Produktionsanlagen entwickeln und umsetzen.Kooperation mit dem Entwicklungsteam.Anforderungen:Mindestens 5 Jahre Erfahrung im Bereich Predictive Maintenance.Weitere Ausbildung oder Weiterbildung im Bereich Data-Analytics.Was wir bieten:Unerbrechliche Arbeitsverträge.Flexible Arbeitszeiten.",2025-05-24T08:46:33Z,Onsite,https://www.adzuna.de/details/5213929456?utm_medium=api&utm_source=25f3af84
DE,(Senior) Software Engineer (m/f/d),Senec GmbH,"Eutritzsch, Leipzig",,,,,0,Unknown,"Senec SENEC is one of the leading providers of innovative battery storage and energy solutions for private homes and businesses. The internationally active company with headquarter in Leipzig and offices in Cologne, Bari and Perth has been on the market since 2009 and, as a wholly owned subsidiary of EnBW, is one of the pioneers of the energy storage industry. Together we are creating a world in which everyone can generate, use and share their own renewable energy. To achieve this, we are looki…",2025-05-24T08:13:13Z,Onsite,https://www.adzuna.de/details/5213896882?utm_medium=api&utm_source=25f3af84
DE,Senior Strategy Consultant mit Fokus MarTech (all genders),DYMATRIX GmbH,"Neustadt, Hamburg",,,,,0,Unknown,"Allgemein: Wir suchen ab sofort und in Vollzeit einen Senior Strategy Consultant (m/w/d) mit Schwerpunkt MarTech, Data Strategy Consulting in Hamburg. Deine Aufgaben: Du berätst unsere Kunden aus dem B2C und B2B Umfeld konzeptionell, strategisch und ganzheitlich rund um die Themen Customer Data Strategy, MarTech, CRM, Customer Experience & Marketing Automation Du planst, koordinierst und steuerst CXP-Projekte (Customer Experience Platform) von der Bestandsaufnahme, Konzeption und Umsetzung bis …",2025-05-24T08:12:59Z,Onsite,https://www.adzuna.de/details/5213896622?utm_medium=api&utm_source=25f3af84
DE,Marketing Spezialist (m/w/d) Vollzeit oder Teilzeit,meteoviva GmbH,"Laurensberg, Aachen",,,,,0,Unknown,"Energiewende Alle reden darüber – wir bei meteoviva gestalten sie aktiv mit. Unsere Mission: Gebäude intelligenter machen, um Energie und CO₂ langfristig zu sparen. Dafür brauchen wir dich – eine kreative Persönlichkeit mit Erfahrung in Marketing, die bereit ist, etwas zu bewegen. Dein Potenzial in Aktion! Du bist unser Sprachrohr nach außen – kreativ, zielgerichtet und mit einem Gespür für Märkte und Marken. Du bringst deine Erfahrung in der Immobilienbranche ein und verstehst es, komplexe The…",2025-05-24T08:12:56Z,Onsite,https://www.adzuna.de/details/5213896604?utm_medium=api&utm_source=25f3af84
DE,Manufacturing & Supply Chain Specialist,Quantica GmbH,"Köpenick, Berlin",,,,,0,Unknown,"Your mission We are looking for a talented and enthusiastic Manufacturing & Supply Chain Specialist in our Berlin location to manage our company's procurement activities and develop robust sourcing strategies. In this role you will be ensuring the timely and cost-effective acquisition of goods and services, identifying new supplier opportunities, and maintaining strong vendor relationships. The work will include hands-on time and will require flexible and creative problem solving, close work wi…",2025-05-24T08:12:39Z,Onsite,https://www.adzuna.de/details/5213896421?utm_medium=api&utm_source=25f3af84
DE,Senior Data Engineer / Scientist (m/f/d),Peter Park,"Au-Haidhausen, München",,,,,0,Unknown,"Introduction: We are looking for a strategic and impact-driven Senior Data Engineer to join our growing data organization at Peter Park. In this role, you will be instrumental in designing and building robust, scalable data infrastructure that powers our analytics, data science, and product development efforts. You will work closely with our CTO and Head of Product (Ph.D. in Data Science) as well as stakeholders from engineering, analytics, sales, and CRM to ensure data is accessible, reliable,…",2025-05-24T08:12:32Z,Onsite,https://www.adzuna.de/details/5213896401?utm_medium=api&utm_source=25f3af84
DE,Modelling Scientist (f/m/d),Coriolis Pharma Research GmbH,"Planegg, München (Kreis)",,,,,0,Unknown,"Purpose of your Job Our Science and Technology team is looking for a Modelling Scientist to advance data-driven drug development through cutting-edge computational approaches. In this role, you will apply mechanistic models, machine learning, and molecular simulations to predict the stability and behaviour of biopharmaceutical products. You will work closely with cross-functional teams to integrate modelling into experimental workflows and support innovative, model-informed development strategi…",2025-05-24T08:12:28Z,Onsite,https://www.adzuna.de/details/5213896386?utm_medium=api&utm_source=25f3af84
DE,Servicetechniker (all genders welcome),goodBytz,"Bramfeld, Hamburg",,,,,0,Unknown,"Deine Aufgaben Als Servicetechniker (all genders welcome) suchen wir hochmotivierte, zuverlässige Teamplayer, die mit technischem Knowhow und handwerklichem Geschick die Inbetriebnahme und den Vor-Ort-Service unserer Kochroboter übernehmen - sodass unsere Systeme erfolgreich platziert, stets funktionsfähig und immer auf dem Neuesten Stand sind, um automatisiert kulinarische Highlights zu schaffen! Die Aufgaben hierbei umfassen unter anderem: Aufbau, Installation und Inbetriebnahme unserer Robot…",2025-05-24T08:12:11Z,Onsite,https://www.adzuna.de/details/5213896285?utm_medium=api&utm_source=25f3af84
DE,Key Account Manager (all genders welcome),goodBytz,"Bramfeld, Hamburg",,,,,0,Unknown,"Deine Aufgaben Als Key Account Manager (all genders welcome) suchen wir kommunikationsstarke und strategisch denkende Teamplayer, die das Business rund um unsere Robotersysteme weiter ausbauen und die Zusammenarbeiten mit unseren Kunden maßgeblich steuern und stärken – für gemeinsame Unternehmenserfolge und die weitere Vernetzung von Tech & Kulinarik! Die Aufgaben hierbei umfassen unter anderem: Pflege und Ausbau langfristiger Kundenbeziehungen zu unseren Schlüsselkunden Identifikation und gezi…",2025-05-24T08:12:01Z,Onsite,https://www.adzuna.de/details/5213896257?utm_medium=api&utm_source=25f3af84
DE,QA Manager (all genders) | ClimateTech,carbmee GmbH,"Mitte, Berlin",,,,,0,Unknown,"Intro Carbmee empowers organizations worldwide to systematically measure, manage, and reduce their carbon footprint. Backed by a recent €20M Series A funding from top VCs, we are one of the fastest-growing companies in European tech with offices in Berlin and Munich - proud to be at the forefront of climate innovation. Our platform leverages AI with millions of transactional data points to help enterprise customers tackle their most complex emissions challenges - far beyond compliance. Your Rol…",2025-05-24T08:11:58Z,Onsite,https://www.adzuna.de/details/5213896243?utm_medium=api&utm_source=25f3af84
DE,Senior Strategy Consultant mit Fokus CRM-Strategie (all genders),DYMATRIX GmbH,"Neustadt, Hamburg",,,,,0,Unknown,"Allgemein: Wir suchen ab sofort und in Vollzeit einen Senior Strategy Consultant (m/w/d) mit Schwerpunkt CRM Marketing & Business Consulting in Hamburg. Deine Aufgaben: Du berätst unsere Kunden aus dem B2C und B2B-Umfeld konzeptionell, strategisch und prozessual rund um die Themen CRM, Marketing Automation, Loyalty, Customer Experience & Data-Driven Marketing Du leitest Projekte – von der ersten Analyse über die Strategieentwicklung bis zur Umsetzung und Erfolgskontrolle – und verantwortest Tim…",2025-05-24T08:11:57Z,Onsite,https://www.adzuna.de/details/5213896242?utm_medium=api&utm_source=25f3af84
DE,"Deputy Accommodation Manager (m, f, d)",GUS Germany GmbH,"Kreuzberg, Berlin",,,,,0,Unknown,"Your Responsibilities We are looking for a new colleague to join our facility management team in Berlin/Potsdam on a full-time basis /40 hour a week starting as soon as possible. The opportunity: We are seeking an on-site Deputy Accommodation Manager to oversee our student residence in Zossen. This role is central to ensuring a safe, well-maintained, and welcoming environment for students. You will be the main point of contact for residents, manage daily operations, and support a strong sense o…",2025-05-24T08:11:37Z,Onsite,https://www.adzuna.de/details/5213896195?utm_medium=api&utm_source=25f3af84
DE,(Lead) IoT Solutions Engineer (m/f/d),Peter Park,"Au-Haidhausen, München",,,,,0,Unknown,"Introduction: Are you ready to join a dynamic, fast-growing company and play a pivotal role in shaping the future of mobility? At Peter Park, we are seeking a (Lead) IoT Solutions Engineer to collaborate with our team in advancing our diverse IoT product landscape. Your expertise will be instrumental in driving and refining our hardware strategy. Our Objectives and your Role: IoT & Embedded Systems Development: Design, build, and integrate IoT devices for commercial or industrial applications, …",2025-05-24T08:11:19Z,Onsite,https://www.adzuna.de/details/5213896120?utm_medium=api&utm_source=25f3af84
DE,Sales Manager Forestry Österreich (w/m/d),OCELL,Deutschland,,,,,0,Unknown,Ihre Aufgaben Eigenständige Ansprache und Aufbau von Beziehungen zu Neukunden (Forstbetriebe in Österreich). Digitale Vorstellung unseres Produktportfolios mit Fokus auf unser Forstmanagement-Tool Dynamic Forest. Pflege von CRM-Daten (HubSpot) sowie Lizenzdaten (Retool) und interne Übergabe (ClickUp) an Operations. Fokussierung auf die Markterschließung in Österreich und eigenständiger Aufbau einer langfristigen Sales-Pipeline. Identifizierung von Neukunden durch zielgerichtetes Lead Research. …,2025-05-24T08:11:16Z,Onsite,https://www.adzuna.de/details/5213896106?utm_medium=api&utm_source=25f3af84
DE,Senior Java Software Engineer,Lobster Holding GmbH,Deutschland,,,,,0,Unknown,"Position Overview: This is a vacancy for a hybrid or on-site role at our HQ in Tutzing. We encourage applications from all qualified candidates, regardless of gender identity. As we continuously expand and improve our Data Platform, we are seeking a Senior Software Engineer (m/f/x) to join our Product & Engineering department. This department is responsible for the design, development and growth of our Data Platform as well as our Data Network and connected Data Products. We are in the process …",2025-05-24T08:11:03Z,Hybrid,https://www.adzuna.de/details/5213896008?utm_medium=api&utm_source=25f3af84
DE,Werkstudent (m/w/d) Enterprise Data & Analytics,Senec GmbH,"Eutritzsch, Leipzig",,,,,0,Unknown,"Das sind WIR: Bereits seit 2009 ist SENEC einer der führenden Anbieter innovativer Stromspeicher- und Energielösungen für Privathaushalte. Als 100%iges Tochterunternehmen der EnBW zählen wir zu den Pionieren der Branche und sind mit Hauptsitz in Leipzig und Niederlassungen in Köln, Mailand und Bari auch international aktiv. Gemeinsam schaffen wir eine Welt, in der alle ihre eigene, erneuerbare Energie erzeugen, nutzen und mit anderen teilen können. Daran arbeiten bei SENEC täglich über 500 hoch…",2025-05-24T08:11:02Z,Onsite,https://www.adzuna.de/details/5213896007?utm_medium=api&utm_source=25f3af84
DE,(Senior) Pricing Manager (m/f/d),Westwing Group SE,"Milbertshofen-Am Hart, München",,,,,0,Unknown,"JOIN OUR TEAM As (Senior) Pricing Manager at Westwing, you will be responsible for optimising pricing strategies and tools across our international markets, with the goal of maximising profitability while remaining competitive. This position offers a unique opportunity to influence and drive Westwing’s growth by shaping pricing approaches, conducting tests, and collaborating with cross-functional teams to assess financial impact and support data-driven decision-making. This position is unlimite…",2025-05-24T08:10:56Z,Onsite,https://www.adzuna.de/details/5213895956?utm_medium=api&utm_source=25f3af84
DE,Werkstudent Data Engineer (m/w/d),esentri AG,"Ettlingen, Karlsruhe (Kreis)",,,,,0,Unknown,"Unsere DNA ist digital. Unser Herz schlägt für Transformation. ""Data & AI"" ist eine Dimension, welche die strategische Ausrichtung der Geschäftskreise ""Enterprise Analytics & Sustainability"" und ""Industrial Analytics & IoT"" definiert. Mit modernen analytischen Methoden der Data Science und des maschinellen Lernens lösen beide Kreise konkrete und relevante Kundenprobleme und zeigen neue Horizonte auf. Dabei nehmen wir unsere ethische Verantwortung wahr und tragen zu positiven Veränderungen in un…",2025-05-24T08:10:44Z,Onsite,https://www.adzuna.de/details/5213895843?utm_medium=api&utm_source=25f3af84
DE,(Senior) Account Manager (f/m/x),exmox GmbH,"Hamburg-Altstadt, Hamburg",,,,,0,Unknown,"Your mission As a (Senior) Account Manager (m/w/d) , you will play a pivotal role in fostering and maintaining strong relationships with our partners. This role requires a deep understanding of the gaming industry, ad tech landscape, and a proven track record of driving revenue growth through strategic account management. You build and maintain close relationships with our partners, acting as their main point of contact for day-to-day communication and their go-to adviser on the intricacies of …",2025-05-24T08:10:44Z,Onsite,https://www.adzuna.de/details/5213895847?utm_medium=api&utm_source=25f3af84
DE,Mechatroniker (all genders welcome),goodBytz,"Bramfeld, Hamburg",,,,,0,Unknown,"Deine Aufgaben Für unsere Fertigung suchen wir engagierte und hochmotivierte Mechatroniker (all genders welcome) , die mit ihrem handwerklichem Geschick, ihrem mechatronischem Knowhow und ihrer Begeisterung für innovative Technologien nicht nur die Montage, sondern auch die Inbetriebnahme und das Testing unserer Robotersysteme tatkräftig unterstützen und weiter verstärken! Die Aufgaben hierbei umfassen unter anderem: Montage von Bauteilen und Baugruppen sowie Inbetriebnahme unserer Robotersyste…",2025-05-24T08:10:36Z,Onsite,https://www.adzuna.de/details/5213895793?utm_medium=api&utm_source=25f3af84
DE,Working Student - Data Annotation & Quality Assurance (m/f/d),Brainsuite.ai ,"Bahnhofsviertel, Frankfurt am Main",,,,,0,Unknown,"Job brief We are looking for a motivated Working Student (m/f/d) to join our AI & Data Science team, with a focus on data annotation and quality assurance. In this role, you will work closely with our Data team to research, collect, and annotate data from various online sources. You will play a key role in training and continuously refining our AI systems. In this capacity, you will be responsible for ensuring the quality of our AI results and contributing to the further development and optimiz…",2025-05-24T08:10:33Z,Onsite,https://www.adzuna.de/details/5213895776?utm_medium=api&utm_source=25f3af84
DE,Strain Development Internship - Genetics (f/m/d),Planet A Foods GmbH,"Planegg, München (Kreis)",,,,,0,Unknown,"Do you want to make a delicious difference? As our Strain Development Intern, you will apply cutting-edge molecular cloning techniques in the context of metabolic engineering. A Taste of What to Expect Design and assembly of genetic constructs for strain engineering projects, using molecular cloning techniques, such as PCR, DNA purification, and plasmid assembly Collaborate with the research team to optimise strain performance through metabolic engineering and pathway optimisation. Support in c…",2025-05-24T08:10:24Z,Onsite,https://www.adzuna.de/details/5213895680?utm_medium=api&utm_source=25f3af84
DE,Werkstudent:in Business Analytics & Controlling (m/w/d),talentsconnect AG,"Nippes, Köln",,,,,0,Unknown,"Deine Aufgaben Deine Rolle: Als Werkstudent:in im Bereich Business Analytics & Controlling wirst du Teil unseres 4-köpfigen Finance Teams und arbeitest eng mit Henrike, unserer Director Business Planning & Controlling, zusammen. Du unterstützt bei der Entwicklung datenbasierter Entscheidungsgrundlagen und lernst, wie man das Wachstum eines SaaS-Produkts durch KPI-Logik, BI-Systeme und Datenmodellierung messbar und steuerbar macht. Dabei bekommst du tiefe Einblicke in unsere Finanzplanung, unser…",2025-05-24T08:09:35Z,Onsite,https://www.adzuna.de/details/5213894586?utm_medium=api&utm_source=25f3af84
DE,(Senior) AI Engineer (all genders),]init[ AG,"Kreuzberg, Berlin",,,,,0,Unknown,"Über ]init[ Du möchtest die Gesellschaft von morgen mitgestalten? Dann bist du bei ]init[ richtig. Denn unsere digitalen Lösungen sind für Menschen gemacht und haben gesellschaftliche Relevanz. Klingt spannend? Dann steig ein und arbeite gemeinsam mit über 1.400 ]init[s in interdisziplinären Teams an unseren sieben Standorten – oder flexibel von überall in Deutschland aus. Deine Mission bei ]init[ Hast du Lust, als (Senior) AI Engineer (all genders) die Zukunft der KI aktiv mitzugestalten? Du w…",2025-05-24T08:09:34Z,Onsite,https://www.adzuna.de/details/5213894555?utm_medium=api&utm_source=25f3af84
DE,AI DevOps Engineer (all genders),]init[ AG,"Kreuzberg, Berlin",,,,,0,Unknown,"Über ]init[ Du möchtest die Gesellschaft von morgen mitgestalten? Dann bist du bei ]init[ richtig. Denn unsere digitalen Lösungen sind für Menschen gemacht und haben gesellschaftliche Relevanz. Klingt spannend? Dann steig ein und arbeite gemeinsam mit über 1.400 ]init[s in interdisziplinären Teams an unseren sieben Standorten – oder flexibel von überall in Deutschland aus. Deine Mission bei ]init[ Hast du Lust, eine Schlüsselrolle als AI DevOps Engineer (all genders) in einem agilen Scrum-Team …",2025-05-24T08:09:29Z,Onsite,https://www.adzuna.de/details/5213894480?utm_medium=api&utm_source=25f3af84
DE,Telecom Engineer (m/f/d) – 5G Senior & Software Development,NC GROUP GmbH,"Arheilgen, Darmstadt",,,,,0,Unknown,"About us NET CHECK GmbH was founded in 1999 with the aim of improving the quality of communication networks. Since then, NET CHECK has developed into the leading partner of network operators and infrastructure providers of mobile and fixed networks of all technologies. Its core competencies include international network benchmarking (comparative measurements) as well as network planning and fault analysis. NET CHECK has one of Germany's largest crowdsourcing platforms, which generates over 144 …",2025-05-24T08:09:18Z,Onsite,https://www.adzuna.de/details/5213894119?utm_medium=api&utm_source=25f3af84
DE,Werkstudent:in Strategy Consulting (all genders),DYMATRIX GmbH,"Neustadt, Hamburg",,,,,0,Unknown,"Allgemein: Wir suchen ab sofort und für bis zu 20 Std. die Woche eine:n Werkstudent:in Strategy Consulting (m/w/d) mit Schwerpunkt CRM Marketing & Business Consulting in Hamburg. Deine Aufgaben: Du unterstützt die Arbeit für unsere Kunden aus dem B2C und B2B Bereich operativ und konzeptionell rund um die Themen CRM, Loyalty, Customer Experience & Data-Driven Marketing Du unterstützt Projektteams bei der Durchführung von (Beratungs-)Projekten von der Bestandsaufnahme, Konzeption bis hin zur Umse…",2025-05-24T08:08:58Z,Onsite,https://www.adzuna.de/details/5213893611?utm_medium=api&utm_source=25f3af84
DE,First Level Support | Robotic Kitchen Operations (all genders welcome),goodBytz,"Bramfeld, Hamburg",,,,,0,Unknown,"Deine Aufgaben Als First Level Support | Robotic Kitchen Operations (all genders welcome) suchen wir kommunikative Teamplayer, die unsere laufenden Roboterküchen aus der Entfernung stets im Blick haben und unsere Kund*innen und Gäste als technische Ansprechperson unterstützen - so sorgst du auch in ungeplanten Situationen für ein positives Kundenerlebnis! Die Aufgaben hierbei umfassen unter anderem: Aktives Monitoring unserer Systeme im Feld - von unserem Hamburger Standort aus Annahme, Analyse…",2025-05-24T08:08:48Z,Onsite,https://www.adzuna.de/details/5213893237?utm_medium=api&utm_source=25f3af84
DE,Business Analyst – Finance & Data (m/w/d),talentsconnect AG,"Nippes, Köln",,,,,0,Unknown,"Deine Aufgaben Standort : Köln oder Remote innerhalb Deutschlands Startdatum : Ab sofort möglich Anstellung : Vollzeit | Unbefristet Deine Rolle: Als Business Analyst – Finance & Data (m/w/d) bist du Teil unseres 4-köpfigen Finance Teams und wirst von Henrike, unserer Director Business Planning & Controlling, geleitet. Du entwickelst datenbasierte Entscheidungsgrundlagen und steuerst das Wachstum unseres SaaS-Produkts mit einem klaren Fokus auf Business Intelligence, KPI-Logik, Datenmodellierun…",2025-05-24T08:08:43Z,Remote,https://www.adzuna.de/details/5213893191?utm_medium=api&utm_source=25f3af84
DE,Mechatroniker Data Center (m/w/d),Schilling Group,"Hennef (Sieg), Rhein-Sieg-Kreis",,,,,0,Unknown,"Quick Infos Standort Neunkirchen-Seelscheid in Teil- oder Vollzeit, gerne auch Quereinsteiger Wer sind wir - Was machen wir Bist du bereit, in einem Job mit richtig Action was zu bewegen? Bei der IBS CommNet , sorgst du dafür, dass unsere digitalen Rückgrate, die Rechenzentren, fit für morgen sind. Du bist nicht nur jemand, der Kabel verlegt, sondern jemand, der mit seinem Know-how dafür sorgt, dass Daten fließen, Systeme leben und Notrufdienste zuverlässig erreichbar sind. Wir bieten Karriere …",2025-05-24T08:08:25Z,Onsite,https://www.adzuna.de/details/5213892597?utm_medium=api&utm_source=25f3af84
DE,Senior Wet Cleaning Process Engineer (f/m/d),Black Semiconductor GmbH,"Laurensberg, Aachen",,,,,0,Unknown,"About us We see the semiconductor industry as a realm of possibility. We see opportunity. We see the profound impact that our graphene solutions will have in transforming the industry. We invite you to join us in driving change with our fundamentally human-centered approach, uniting bright minds around a shared vision. The vision is: Prove to everybody that you can make a fundamental change. Prove with your knowledge and skills how things can be done differently. Together, we can change the par…",2025-05-24T08:08:07Z,Onsite,https://www.adzuna.de/details/5213892454?utm_medium=api&utm_source=25f3af84
DE,Data Integration Engineer (m/f/d),acto GmbH,Deutschland,,,,,0,Unknown,"Your Role As a Data Integration Engineer (m/f/d) at acto, you'll bridge the gap between cutting-edge data engineering and impactful client solutions. You'll play a pivotal role in empowering customers to onboard seamlessly, customize solutions, and harness the full potential of their data. From guiding onboardings and data integration, synchronizing data, to crafting tailored data pipelines, you'll be at the forefront of transforming raw data into actionable intelligence. Your role will also fo…",2025-05-24T08:08:00Z,Onsite,https://www.adzuna.de/details/5213892282?utm_medium=api&utm_source=25f3af84
DE,S&OP and Pricing Manager (w/m/d),Natsana GmbH,"Friedrichstadt, Düsseldorf",,,,,0,Unknown,"Über uns Seit 2025 haben wir mit der Bayer AG einen starken Partner und sind mit Gloryfeel zu einer kraftvollen Einheit verschmolzen. Unter unseren Marken gloryfeel, Nature Love, Natural Elements und Feel Natural bieten wir hochwertige Nahrungsergänzungsmittel, die so individuell sind wie jeder Lebensstil. Höchste Qualität ist für uns selbstverständlich – unsere Produkte erfüllen nicht nur alle rechtlichen Standards, sondern werden regelmäßig von unabhängigen Laboren geprüft. Unsere Mission? De…",2025-05-24T08:07:57Z,Onsite,https://www.adzuna.de/details/5213892148?utm_medium=api&utm_source=25f3af84
DE,Commercial Manager (all genders welcome),goodBytz,"Bramfeld, Hamburg",,,,,0,Unknown,"Deine Aufgaben Als Commercial Manager (all genders welcome) suchen wir kommunikationsstarke und strategisch denkende Teamplayer, die das Business rund um unsere Robotersysteme weiter ausbauen und die Zusammenarbeiten mit unseren Kunden maßgeblich steuern und stärken – für gemeinsame Unternehmenserfolge und die weitere Vernetzung von Tech & Kulinarik! Die Aufgaben hierbei umfassen unter anderem: Pflege und Ausbau langfristiger Kundenbeziehungen zu unseren Schlüsselkunden Identifikation und gezie…",2025-05-24T08:07:56Z,Onsite,https://www.adzuna.de/details/5213892059?utm_medium=api&utm_source=25f3af84
DE,Werkstudent Marketing & Communications (w/m/d),OCELL,"Au-Haidhausen, München",,,,,0,Unknown,"Ihre Aufgaben Content Management : Texten, Einstellen und Pflegen von Inhalten für Social Media und unsere Website (z. B. Glossar-Beiträge und Blog-Artikel). Event-Management : Recherche geeigneter Events sowie Planung und Organisation unserer Messebesuche, teils in Zusammenarbeit mit unseren Sales-Teams. Erstellen von Grafiken und Visuals für z. B. die Website und Social Media (wir nutzen Canva). Auswertungen zur Erfolgsmessung unserer Marketingaktivitäten. Unterstützung bei der Erstellung von…",2025-05-24T08:07:56Z,Onsite,https://www.adzuna.de/details/5213892065?utm_medium=api&utm_source=25f3af84
DE,Senior Robotics Software Engineer (m/f/d),ARX Robotics GmbH,"Oberding, Erding (Kreis)",,,,,0,Unknown,"The Role We’re looking for a motivated Senior Robotics Software Engineer (m/f/d) to join our software team who'll create cutting-edge, unmanned ground vehicles for governmental and civilian applications. In your day-to-day work, you’ll design efficient and scalable software systems to enable seamless communication, collaboration, and performance optimisation across robotic devices. To join our team, you should be excited to Design and implement robotic software architectures to ensure robust de…",2025-05-24T08:07:50Z,Onsite,https://www.adzuna.de/details/5213891646?utm_medium=api&utm_source=25f3af84
DE,Data Engineer (m/w/d),pacemaker.ai by thyssenkrupp,"Gremmendorf, Münster",,,,,0,Unknown,"DEIN UMFELD UND TEAM Wir suchen eine erfahrene Person zur Unterstützung unseres Dat a E ng ineering Teams . Als Dat a E ng ineer spielst du eine entscheidende Rolle bei der Integration von verschiedensten externen Datenquellen und Kunden systemen in unsere zentrale Datenplattform. Du arbeitest eng mit unseren Data Science, DevOps und Produkt Teams zusammen, um Datenm odelle zu operationalisieren , neue Datenquellen zu integrieren, Datenströme zu optimieren, um uns und unseren Kunden die Extrakt…",2025-05-24T08:07:44Z,Onsite,https://www.adzuna.de/details/5213891310?utm_medium=api&utm_source=25f3af84
DE,Account Executive (all genders welcome),goodBytz,"Bramfeld, Hamburg",,,,,0,Unknown,"Deine Aufgaben Als Account Executive (all genders welcome) suchen wir hochmotivierte, ambitionierte und proaktive Vertriebstalente, die mit ihrer kreativen und begeisterungsfähigen Art unsere Sales-Prozesse eigenständig initiieren, steuern und erfolgreich gestalten - und so maßgeblich zur weiteren Platzierung unserer Roboter am Markt beitragen! Die Aufgaben hierbei umfassen unter anderem: Entwicklung und Umsetzung von Sales-Strategien zur Platzierung unserer Roboter bei den richtigen Kunden Neu…",2025-05-24T08:07:41Z,Onsite,https://www.adzuna.de/details/5213891142?utm_medium=api&utm_source=25f3af84
DE,Junior Project Manager (all genders),DYMATRIX GmbH,"Neustadt, Hamburg",,,,,0,Unknown,"Allgemein: Wir suchen ab sofort und in Vollzeit einen Junior Project Manager (all genders) mit Schwerpunkt CRM Marketing und MarTech in Hamburg Deine Aufgaben: Du unterstützt die interne Projektleitung und das Projektteam für unsere Kunden aus dem B2C und B2B Umfeld rund um die Themen CRM-Strategie, CXP-Technologie & Data-Driven Marketing Du unterstützt unser Projektmanagement in der Planung und Steuerung von Projekten – von der Bestandsaufnahme, Konzeption und Umsetzung bis hin zur Erfolgsmess…",2025-05-24T08:06:50Z,Onsite,https://www.adzuna.de/details/5213889416?utm_medium=api&utm_source=25f3af84
DE,Senior Product Manager - Supply Chain Data Products,Lobster Holding GmbH,Deutschland,,,,,0,Unknown,"Position Overview: This is a vacancy for a hybrid or on-site role at one of our HQs. We encourage applications from all qualified candidates, regardless of gender identity. As we continuously expand and improve our Data Network for Supply Chain and Vertical AI , we are seeking a Senior Product Manager Data Network & Data Products ( m/f/x ) to join our Product & Engineering department. This department is responsible for the design, development, and growth of our Data Platform, Data Network, and …",2025-05-24T08:06:38Z,Hybrid,https://www.adzuna.de/details/5213889367?utm_medium=api&utm_source=25f3af84
DE,Automation / QA Engineer,Baobab Insurance GmbH,"Mitte, Berlin",,,,,0,Unknown,"About Us Welcome to Baobab Insurance – Your Partner for the Cyber Security of Tomorrow! The digital world is growing – and with it, the threat of cyberattacks. Every successful attack not only jeopardizes businesses but also undermines trust in our connected society. At Baobab Insurance, we are committed to making the digital world safer – proactively, sustainably, and with cutting-edge technology. Our mission: to protect companies from cyber threats before they arise, contributing to a more se…",2025-05-24T08:05:40Z,Onsite,https://www.adzuna.de/details/5213888981?utm_medium=api&utm_source=25f3af84
DE,Technical Support (all genders welcome),goodBytz,"Bramfeld, Hamburg",,,,,0,Unknown,"Deine Aufgaben Als Technical Support (all genders welcome) suchen wir kommunikative Teamplayer, die unsere laufenden Systeme auch aus der Entfernung stets im Blick haben und unsere Kunden und Gäste als technische Ansprechperson im täglichen Umgang mit unseren Robotern motiviert unterstützen - und so auch in ungeplanten Situationen für eine positive Customer Experience sorgen! Die Aufgaben hierbei umfassen unter anderem: Technische Unterstützung unserer Kunden und Gäste sowie aktives Monitoring …",2025-05-24T08:05:33Z,Onsite,https://www.adzuna.de/details/5213888922?utm_medium=api&utm_source=25f3af84
DE,Master Data Manager (MDM) (m/w/d),Queisser Pharma GmbH & Co. KG,"Flensburg, Schleswig-Holstein",,,,,0,Unknown,"Queisser Pharma entwickelt, produziert und vertreibt als erfolgreiches mittelständisches Unternehmen mit international 800 Mitarbeitern freiverkäufliche Arzneimittel, Nahrungsergänzungsmittel und Medizinprodukte. Unsere Marken Doppelherz und Protefix nehmen führende Stellungen in ihren jeweiligen Märkten ein und werden über Apotheken sowie über Drogerie- und Verbrauchermärkte und den E-Commerce an den Endverbraucher im In- und Ausland vertrieben. Der Auslandsanteil beträgt hierbei 40 %. Im Inla…",2025-05-24T07:59:05Z,Onsite,https://www.adzuna.de/details/5213882417?utm_medium=api&utm_source=25f3af84
DE,Produktionscontroller Lebensmittelherstellung / Wirtschaftsingenieurwesen (m/w/d),Moers Frischeprodukte GmbH & Co. KG,"Moers, Wesel (Kreis)",,,,,0,Stellen aus Fertigung,"Gönnen Sie sich einen frischen Job, in dem Ihre Qualitäten wirklich geschätzt und gefördert werden. Bei Moers Frischeprodukte finden Sie ein stetig wachsendes Team von Frischeheld:innen, die sich für unsere Produkte wie auch für frische Ideen und Methoden einsetzen. Wir sind ein Joint Venture von Dr. Oetker und der Molkerei Gropper und Expert:innen für die Herstellung von Frischeprodukten aus Milch und Frucht. Erfolgreich und auf einem starken Expansionskurs, machen wir das Leben unserer Kund:i…",2025-05-24T07:51:19Z,Onsite,https://www.adzuna.de/land/ad/5213876784?se=ENroHIE48BGKPBF8ALaCew&utm_medium=api&utm_source=25f3af84&v=7A617E198856491FCE15A3E6DA3F7F420A3226CD
DE,Teamassistenz Master Data Management (m/w/d),Taylor Wessing PartG mbB,"Berlin, Deutschland",,,,,0,Verwaltungsstellen,"Taylor Wessing ist eine führende Wirtschaftskanzlei, die weltweit nationale und multinationale Unternehmen in allen Rechtsfragen berät. Wir stehen für exzellente Rechtsberatung, tiefgründig, in aller Breite und dennoch auf den Punkt. Mit unserem Leitgedanken „Challenge expectation, together“ verpflichten wir uns, das Erwartbare zu hinterfragen und über das Naheliegende hinaus zu denken. So finden wir die besten Lösungen: gemeinsam mit unseren Mandantinnen und Mandanten. Dieser Anspruch macht un…",2025-05-24T07:51:17Z,Onsite,https://www.adzuna.de/land/ad/5213876773?se=ENroHIE48BGKPBF8ALaCew&utm_medium=api&utm_source=25f3af84&v=0655E590DDEEDC5FD8DA9713EF541B5E44E1D20C
DE,Senior Brand Controller (gn) - More Nutrition & ESN,The Quality Group GmbH,"Hamburg, Deutschland",,,,,0,Unknown,"Aufgaben We are hiring for two exciting new Brand Controller positions - one for ESN and one for More Nutrition . Each Brand Controller will play a pivotal role in driving the financial success of their respective brand by closely partnering with commercial, marketing, operations, and supply chain teams. Your mission is to deliver value-added financial decision support that enables the achievement of both short- and long-term goals across revenue growth, profitability, and cash flow. In this dy…",2025-05-24T07:51:10Z,Onsite,https://www.adzuna.de/land/ad/5213876726?se=ENroHIE48BGKPBF8ALaCew&utm_medium=api&utm_source=25f3af84&v=A49418BF1345E2FB44ED871362761FD355A2450E
DE,Head of People & Culture,Ads On Tap,"Berlin, Deutschland",,,,,0,Unknown,"What if you could be the architect of culture for one of the fastest-growing e-commerce agencies, where your hiring decisions directly impact million-dollar campaigns and your cultural initiatives shape how exceptional talent thrives across the globe? At Ads on Tap, we're not just scaling a team—we're preserving something special. As we grow from 10 to 50 team members over the next 18 months, we need a People & Culture Leader who can spot A-players from miles away, build systems that scale with…",2025-05-24T07:48:49Z,Onsite,https://www.adzuna.de/land/ad/5213875561?se=ENroHIE48BGKPBF8ALaCew&utm_medium=api&utm_source=25f3af84&v=5A6BDCE676B87C17B0ABF94180E92376C6DC55FB
DE,Principal,Alysian,"Bayern, Deutschland",,,,,0,Unknown,"About Us We are a fast-growing, high-caliber advisory firm focused on technology-enabled value creation for private capital investors and their portfolio companies. Our mission is to deliver strategic impact at speed by embedding expert talent across the investment lifecycle — from pre-deal diligence through to value realization. Our team comprises senior professionals from top consulting, operating, and technology backgrounds. We are hands-on advisors to investment firms and management teams, …",2025-05-24T07:48:49Z,Onsite,https://www.adzuna.de/land/ad/5213875562?se=ENroHIE48BGKPBF8ALaCew&utm_medium=api&utm_source=25f3af84&v=C3711701C7182370CA94995D62FFC8167C953EC7
DE,Engineering Manager – Data & AI,Asendia AI,Deutschland,,,,,0,IT-Stellen,"Are you excited by the idea of leading high-performing teams at the cutting edge of Data & AI? One of Asendia’s partners is hiring an Engineering Manager who thrives at the intersection of leadership and hands-on technical expertise. In this role, you’ll guide a team of engineers and AI experts, working on impactful, scalable solutions using platforms like Microsoft Azure and Databricks . You’ll contribute directly to projects (~60% hands-on), mentor top talent, and help shape the data vision f…",2025-05-24T07:44:03Z,Onsite,https://www.adzuna.de/land/ad/5213874450?se=ENroHIE48BGKPBF8ALaCew&utm_medium=api&utm_source=25f3af84&v=0A27AA99CAB92421921C5FD78A920445E9127572
DE,Key-Account-Manager:in - Automotive (m/w/d),ALLDATA Europe,Deutschland,,,,,0,Unknown,"Responsibilities Negotiate contracts, pricing, and terms with partners Represent ALLDATA at industry events and expand our network Provide customers with expert advice on aftersales solutions and address customer concerns quickly and effectively Acquire new clients and grow existing client business Travel up to 60% to meet existing and potential new clients Qualifications Bachelor’s degree in Business, Engineering, or a related field Required Skills Proven experience in Key Account Management, …",2025-05-24T07:44:00Z,Onsite,https://www.adzuna.de/land/ad/5213874402?se=ENroHIE48BGKPBF8ALaCew&utm_medium=api&utm_source=25f3af84&v=58971584B7BB9FB315396132104ABA717B03F75D
DE,Senior Data Engineer (m/w/d),TEVEO,Deutschland,,,,,0,Unknown,"Summary We are looking for an experienced data engineer to help us build out our data infrastructure at TEVEO. As a core member in a small team, you will build and own different parts of the platform. The ideal candidate is a self-driven pragmatist who feels comfortable making decisions in a fast moving environment and who enjoys having direct impact on the company's success. Key Responsibilites: Build and maintain data ingestion pipelines to get data from various systems into our data warehous…",2025-05-24T07:44:00Z,Onsite,https://www.adzuna.de/land/ad/5213874413?se=ENroHIE48BGKPBF8ALaCew&utm_medium=api&utm_source=25f3af84&v=D395FF795E48BF5947429973F3F16E37552A4F70
DE,Automotive Safety Expert for AI-based System - ISO 8800 / ISO 21448 / AI-Based Systems,European Tech Recruit,"Bayern, Deutschland",,,,,0,Unknown,"Automotive Safety Expert for AI-based System - ISO 8800 / ISO 21448 / AI-Based Systems Full-Time - Permanent Onsite - Munich We are currently partnered with a world-leading research center in Germany working on cutting-edge next-generation projects within AD/ADAS. The team is looking to expand their headcount with an Automotive Safety Expert AI-based System. Responsibilities: Cultivate an innovation-driven mindset to explore new approaches for achieving safety goals, pushing the boundaries, and…",2025-05-24T07:44:00Z,Onsite,https://www.adzuna.de/land/ad/5213874427?se=ENroHIE48BGKPBF8ALaCew&utm_medium=api&utm_source=25f3af84&v=659CF69A0587E69A73BB21210900530E7E1997B5
DE,Product Owner Payments (all genders),Serrala,Deutschland,,,,,0,IT-Stellen,"Location: Germany, remote Contract: Full time, indefinite Language: English & German Serrala is a global player in the financial software industry with nearly four decades of experience in empowering businesses to optimize their financial operations. Our core strength lies in our solutions that are designed to make financial processes easier, more efficient, and smarter. With a substantial client base of over 2,500 clients in over 70 countries worldwide, we have earned the trust of a diverse gl…",2025-05-24T07:43:55Z,Remote,https://www.adzuna.de/land/ad/5213874348?se=ENroHIE48BGKPBF8ALaCew&utm_medium=api&utm_source=25f3af84&v=31886E7B42E4BDD335BB763A32F35B3D90807CA5
DE,Strategic Customer Success Consultant - German speaking (f/m/d) - ID:2008151,Prewave,Deutschland,,,,,0,IT-Stellen,"ABOUT US Make a Real Difference At Prewave, we are dedicated to making a positive impact on the world. Our innovative AI solutions help businesses identify and predict global supply chain risks. Our aim is to make supply chains more resilient, transparent and sustainable. By doing this we help companies to ensure fair working conditions, eliminate child labour, reduce waste and promote sustainable practices across global supply chains. Trusted by Global Industry Leaders Prewave proudly partners…",2025-05-24T07:43:55Z,Onsite,https://www.adzuna.de/land/ad/5213874322?se=ENroHIE48BGKPBF8ALaCew&utm_medium=api&utm_source=25f3af84&v=8D32836B96ED444FDC09232EB32A2A105DCBBFD1
DE,Quality Engineering Manager,ACE Partners,Deutschland,,,,,0,Unknown,"Position Summary We are seeking a hands-on and strategic Manager of Quality Engineering (Operations) to lead quality support across manufacturing, inspection, and post-market activities. This role ensures the highest product quality standards throughout the production lifecycle and drives continuous improvement in compliance with FDA, ISO 13485, and global regulatory requirements. Key Responsibilities Lead and mentor a team of quality engineers supporting manufacturing and inspection processes.…",2025-05-24T07:43:55Z,Onsite,https://www.adzuna.de/land/ad/5213874327?se=ENroHIE48BGKPBF8ALaCew&utm_medium=api&utm_source=25f3af84&v=6B36671B400450E0EC2B848FFC06C9F24B83F086
DE,(Senior) Client Manager / (Key) Account Manager – Public / Landesbehörden (m / w / d),"NTT DATA, Inc.","Berlin, Deutschland",,,,,0,Unknown,"Über das Unternehmen NTT ist ein weltweit führendes Unternehmen für IT-Lösungen und -Dienstleistungen, was Menschen, Daten und Dinge zusammenbringt, um eine bessere und nachhaltigere Zukunft zu schaffen. Über die Rolle Für unser erfolgreiches und stark wachsendes Public Sector Vertriebs-Team in Deutschland suchen wir ab sofort eine(n) ambitionierte(n) und leidenschaftliche(n) IT (Key) Account Manager:in – Government & Public Sector (m / w / d) – bevorzugt Berlin / Brandenburg oder nördliche Reg…",2025-05-24T07:43:55Z,Onsite,https://www.adzuna.de/land/ad/5213874350?se=ENroHIE48BGKPBF8ALaCew&utm_medium=api&utm_source=25f3af84&v=9C45AA81ACD2D498141709EFDA86AD2688311CB5
DE,Senior Policy Analyst,Tariff Update,Deutschland,,,,,0,Unknown,"Company Description: The global trade landscape is constantly evolving, driven by shifting economic policies, technological advancements, and geopolitical developments. For businesses to thrive in this dynamic environment, they need timely insights, strategic guidance, and a deep understanding of international trade regulations and market trends. At our organization, we specialize in delivering expert analysis and cutting-edge information to help businesses navigate the complexities of global t…",2025-05-24T07:43:55Z,Onsite,https://www.adzuna.de/land/ad/5213874338?se=ENroHIE48BGKPBF8ALaCew&utm_medium=api&utm_source=25f3af84&v=F030CF1ACFDA945D0219E4292CC1B3294F54E97B
DE,Software Architect - JavaEE - Heidelberg - 85k,Optimus Search,"Bergheim, Heidelberg",,,,,0,IT-Stellen,"Senior JavaEE Developer - Architect Pathway - Heidelberg - 85k We are a leading provider of ERP software for mid-sized manufacturing companies, helping businesses streamline processes and stay competitive. Our award-winning ERP solution is modular, flexible, and highly customizable, serving over 350 clients , including DAX-listed corporations. With a strong reputation as an IT service provider , we continuously innovate to deliver future-oriented solutions , ensuring businesses can scale and ad…",2025-05-24T07:43:54Z,Onsite,https://www.adzuna.de/land/ad/5213874313?se=ENroHIE48BGKPBF8ALaCew&utm_medium=api&utm_source=25f3af84&v=BA0706B433505651EA5A05FDB6C764C7ACF4EE7B
DE,"Manager, Pre-Sales Engineering",PROS,Deutschland,,,,,0,IT-Stellen,"The Manager of Pre-Sales Engineering leads a team of pre-sales engineers that are the nexus between sales, solutions consulting, and product management. The Pre-Sales Engineering function is at the center of the PROS go-to-market (GTM) engine and is responsible for the strategic design, configuration, execution, and maintenance of impactful GTM demos, commercial best practices, and sales effectiveness tools to inspire prospects and customers to move towards a better tomorrow and recognize PROS …",2025-05-24T07:43:54Z,Onsite,https://www.adzuna.de/land/ad/5213874320?se=ENroHIE48BGKPBF8ALaCew&utm_medium=api&utm_source=25f3af84&v=89A068F153B6375AF051F1FA0D83FB983A3FDC16
DE,SAP Security & Compliance Expert,Falcon Smart IT ,Deutschland,,,,,0,Unknown,"Job Title: SAP Security & Compliance Expert Job Location: Hybrid / Munich - first 3 weeks & Frankfurt - 1 week (for each month). Traveling/accommodation expenses will be covered. Job Type: Contract Job Description: Minimum years of experience: 10 years Industry experience required: Utilities The SAP Security & Compliance Expert ensures that SAP systems comply with security regulations, access controls, and risk management frameworks. This role involves managing user authorizations, detecting vu…",2025-05-24T07:43:51Z,Hybrid,https://www.adzuna.de/land/ad/5213874229?se=ENroHIE48BGKPBF8ALaCew&utm_medium=api&utm_source=25f3af84&v=86188F51300F3F510739B654D321D2ADF8854CC2
DE,Head of FP&A | PE Backed SaaS Scale Up | Berlin/Hybrid,Harmonic Finance™ | Certified B Corp,"Berlin, Deutschland",,,,,0,Unknown,"Head of FP&A | PE Backed SaaS Scale Up | Berlin/Hybrid Harmonic are delighted to be exclusively recruiting a Head of FP&A for a rapidly growing Private Equity-backed SaaS scale up in the aviation space. The Client Our client is a rapidly scaling SaaS business making significant strides in the aviation industry, with a serious growth and exit plan. With a headcount of over 200 and ambitious plans for further expansion, they are experiencing impressive growth. Following a series of strategic acqu…",2025-05-24T07:43:51Z,Hybrid,https://www.adzuna.de/land/ad/5213874242?se=ENroHIE48BGKPBF8ALaCew&utm_medium=api&utm_source=25f3af84&v=92357DB72B0F20BD22B54B7E6EC2951A5AD5A526
DE,Senior Social Account Manager,Major Players | B Corp™,"Berlin, Deutschland",,,,,0,Unknown,"Senior Social Account Manager - Global Social Agency A fast-growing global social agency with offices around the globe, they partner with major international brands across tech, hospitality, food and beverage, and retail. Location: Berlin, Germany Salary: €45,000 per annum Start Date: ASAP What You'll Be Doing: Leading the development and implementation of comprehensive social media strategies for key global brands across various platforms. Overseeing the management and execution of daily socia…",2025-05-24T07:43:50Z,Onsite,https://www.adzuna.de/land/ad/5213874118?se=ENroHIE48BGKPBF8ALaCew&utm_medium=api&utm_source=25f3af84&v=E04E45BD4A68A42AA66D4A3AD745F2694C2419C3
DE,Principal Consultant - Cyber Security Consulting & Advisory,Infosys,Deutschland,,,,,0,Unknown,"Role – Principal Consultant Technology – Cyber Security Consulting & Advisory Location – Germany (Frankfurt or Dusseldorf) Compensation – Competitive (including bonus) Job Description Today, the corporate landscape is dynamic and the world ahead is full of possibilities! None of the amazing things we do at Infosys would be possible without an equally amazing culture, the environment where ideas can flourish and where you are empowered to move forward as far as your ideas will take you. At Infos…",2025-05-24T07:43:50Z,Onsite,https://www.adzuna.de/land/ad/5213874191?se=ENroHIE48BGKPBF8ALaCew&utm_medium=api&utm_source=25f3af84&v=C36A9F16E276E1FA078207381E85577925F5310C
DE,Lead Software Engineer (Python / TypeScript),FlyPix.AI,Deutschland,,,,,0,Unknown,"Up for a challenge? Terabytes of geospatial data, billions of polygons, and the complex mechanics of machine learning — all to make Earth observation data accessible to everyone. At FlyPix, we work hard to transform the complex domain of geospatial AI into a simple-to-use platform, which is a big and demanding task. Our team consists of passionate and skilled professionals who enjoy working shoulder-to-shoulder to make the vision of accessible Earth observation a reality. We are seeking a highl…",2025-05-24T07:43:50Z,Onsite,https://www.adzuna.de/land/ad/5213874126?se=ENroHIE48BGKPBF8ALaCew&utm_medium=api&utm_source=25f3af84&v=F93EBC0C438AB5B1365DFE4421143A47DC14E835
DE,Creative Director,WongDoody,"Berlin, Deutschland",,,,,0,Unknown,"WongDoody is a creative technology agency with 30 years of experience, 2,000 designers and innovators, and 20 design studios around the world. We are proud to have won over 500 creative awards and have twice been finalists for Innovation Agency of the Year. We create intelligent marketing and experiences that help unlock what’s next for people and brands. And we believe in a Friend Called Future - always embracing what's new and what's next with open arms. Retail & CPG Vertical Our team special…",2025-05-24T07:43:50Z,Onsite,https://www.adzuna.de/land/ad/5213874084?se=ENroHIE48BGKPBF8ALaCew&utm_medium=api&utm_source=25f3af84&v=D344442D1739275F221F2DC91E33BCF4BB0BDB71
DE,Business Development Manager,FlyPix.AI,Deutschland,,,,,0,Unknown,"About FlyPix AI FlyPix AI delivers cutting-edge AI solutions for geospatial intelligence and Earth observation as SaaS. We transform satellite, aerial, and drone data into actionable insights using advanced AI, computer vision, and machine learning. Our technology serves a wide range of sectors, including agriculture, urban planning, forestry, insurance, energy, and others. Together with our SaaS users and industry partners from the space sector, we are shaping the future of geospatial AI. Role…",2025-05-24T07:43:50Z,Onsite,https://www.adzuna.de/land/ad/5213874081?se=ENroHIE48BGKPBF8ALaCew&utm_medium=api&utm_source=25f3af84&v=680FE073919182CFA9311EF675BF0BF622904E84
DE,Principal Engineer - Functional Safety in Active Safety Systems,European Tech Recruit,Deutschland,,,,,0,Unknown,"Principal Engineer - Functional Safety in Active Safety Systems Full-Time - Permanent Onsite - Munich Responsibilities: Lead the independent functional safety development for the intelligent chassis system during the concept phase and at the system level, encompassing tasks like ID, HARA, FSC, TSC, TSR, FMEA, FTA, and DFA. Define functional safety variation strategies for the intelligent chassis system. Develop failure diagnosis strategies and safe state strategies at both the system and softwa…",2025-05-24T07:43:50Z,Onsite,https://www.adzuna.de/land/ad/5213874169?se=ENroHIE48BGKPBF8ALaCew&utm_medium=api&utm_source=25f3af84&v=81C97185E6495C23631FE0D6019424C11794937E
DE,Dateningenieur (all gender),ALTEN Germany,Deutschland,,,,,0,Unknown,"Die ALTEN Consulting Services GmbH bietet mit über 20 Jahren Branchenerfahrung ihren namhaften Kunden aus Industrie und Wirtschaft hochspezialisierte Engineering- und IT-Dienstleistungen zur gemeinsamen Realisierung von branchen- und technologieübergreifenden Lösungen an. Kompetenz, Engagement und Leidenschaft verbinden alle unsere Mitarbeiter der ALTEN Consulting Services GmbH. Dabei stehen ein partnerschaftliches Miteinander, ein starkes WIR-Gefühl, der persönliche Kontakt zu unseren Kunden u…",2025-05-24T07:43:50Z,Onsite,https://www.adzuna.de/land/ad/5213874168?se=ENroHIE48BGKPBF8ALaCew&utm_medium=api&utm_source=25f3af84&v=B9E50D8047AA7CFCE888194696CDE16B8536222D
DE,Legal Counsel (m/w/d),Annapurna,Deutschland,,,,,0,Unknown,"Über die Position Wir bei Annapurna begleiten aktuell eine äußerst spannende europäische Unternehmensgruppe aus dem Bereich Unified Communications, die derzeit stark in den deutschen Markt expandiert. Unser Partner bietet innovative Kommunikationslösungen für Geschäftskunden und treibt die Digitalisierung im Bereich Voice, Data und Mobile Services europaweit voran. In diesem dynamischen Umfeld wird nun ein Legal Counsel (m/w/d) gesucht, der die rechtliche Landschaft aktiv mitgestaltet. Die Posi…",2025-05-24T07:43:49Z,Onsite,https://www.adzuna.de/land/ad/5213874030?se=ENroHIE48BGKPBF8ALaCew&utm_medium=api&utm_source=25f3af84&v=B6DB1994C2809C500875266FC00FA79D2F144D38
DE,Data Center Technician (m/w/d),Green Mountain KMW Data Center GmbH,"Mainz, Rheinland-Pfalz",,,,,0,Unknown,"Willkommen in einer Welt, in der Technologie und Nachhaltigkeit Hand in Hand gehen. Das Joint Venture zwischen dem Energieerzeuger KMW (Kraftwerke Mainz-Wiesbaden AG) und dem norwegischen Rechenzentrumsexperten Green Mountain öffnet Türen für Techniker, die ihre Leidenschaft für innovative Lösungen und umweltbewusstes Handeln in einem wegweisenden Rechenzentrum entfalten möchten. Die 2023 gegründete Green Mountain KMW Data Center GmbH bietet spannende Karrieremöglichkeiten. Als Teil unseres Tea…",2025-05-24T07:42:29Z,Onsite,https://www.adzuna.de/land/ad/5213873512?se=ENroHIE48BGKPBF8ALaCew&utm_medium=api&utm_source=25f3af84&v=28D1EE1DED331C8F644392349B306F1582CB4E1E
DE,Team Lead Network Economics (m/f/d),Unsere Grüne Glasfaser GmbH & Co. KG,"Ismaning, München (Kreis)",,,,,0,Beraterstellen,"In order to secure and expand Germany's position as one of the world's leading innovation and technology locations, access to the fiber optic network is a must for everyone, everywhere. At UGG, we see it as our mission and task to decisively advance Germany's fiber optic network and make ultra-fast high-speed Internet available even in rural areas. In this way, we are making a decisive contribution to opening up new possibilities for how we communicate with each other, work and shape our lives …",2025-05-24T07:42:27Z,Onsite,https://www.adzuna.de/land/ad/5213873446?se=ENroHIE48BGKPBF8ALaCew&utm_medium=api&utm_source=25f3af84&v=3E4B16B7B595C8969E85065104D20239DC3CA72B
DE,Supply Chain Process Manager (w/m/d),Aenova Group,"Regensburg, Regensburg (Kreis)",,,,,0,Stellen aus Logistik & Lagerhaltung,"Supply Chain Process Manager (w/m/d) für den Standort Regensburg, Deutschland Sie möchten einen wertvollen Beitrag für die Gesundheit von Patient*innen leisten? Und eigenverantwortlich etwas wirklich Sinnvolles bewirken? Dann freuen wir uns auf Sie! Excellence beyond manufacturing – dafür stehen wir als Aenova, einer der weltweit führenden Auftragshersteller und -entwickler für die Pharmaindustrie mit 4.000 Mitarbeitenden an 15 Standorten. Unser Standort in Regensburg ist Kompetenzzentrum für h…",2025-05-24T07:42:23Z,Onsite,https://www.adzuna.de/land/ad/5213873349?se=ENroHIE48BGKPBF8ALaCew&utm_medium=api&utm_source=25f3af84&v=C6F4C9E42A139A06B3EF16FAFF333819197BECB3
DE,Regionalleiter (m/w/d) - Bereich Impfstoffe/Pneumologie,IQVIA CSMS GmbH,Deutschland,,,,,0,Beraterstellen,"Wir suchen Dich ganz aktuell als Regionalleiter (m/w/d) für mehrere Teams bundesweit in Deiner Wohnortnähe - Bereich Impfstoffe (Pneumologie) IQVIA – The Human Data Science Company – ist ein führender, globaler Anbieter von zukunftsweisender Analytik, Technologielösungen und klinischer Auftragsforschung. IQVIA unterstützt Life Science Unternehmen, Verbände, Institutionen, Kostenträger und weitere Akteure im Gesundheitswesen darin, bessere Ergebnisse in der Gesundheitsversorgung zu erzielen. Wer…",2025-05-24T07:42:21Z,Onsite,https://www.adzuna.de/land/ad/5213873313?se=ENroHIE48BGKPBF8ALaCew&utm_medium=api&utm_source=25f3af84&v=7965C567E5FEF6F51BC4556DFB6C07BC660A22E9
DE,Elektroingenieurin (w/m/d) technische Anlagen,Deutsches Elektronen-Synchrotron DESY,Deutschland,,,,,0,Unknown,"For our location in Zeuthen we are seeking: Electrical engineer for technical systems Remuneration Group 13 | Limited: 5 years | Starting date: 01.09.2025 | ID: APMA010/2025 | Deadline: 13.06.2025 | Full-time/Part-time DESY, with more than 2900 employees at its two locations in Hamburg and Zeuthen, is one of the world's leading research centres. Its research focuses on decoding the structure and function of matter, from the smallest particles of the universe to the building blocks of life. In t…",2025-05-24T07:42:20Z,Onsite,https://www.adzuna.de/land/ad/5213873295?se=ENroHIE48BGKPBF8ALaCew&utm_medium=api&utm_source=25f3af84&v=87BE907933B06EAB9254582F591214AD93F064C0
DE,Senior Performance Communications Expert (m/f/x),Deutsche Post AG,"Bonn, Nordrhein-Westfalen",,,,,0,"Stellen aus PR, Werbung & Marketing","Aufgaben Profil Wir bieten JOIN OUR TEAM IN BONN FOR A FULL-TIME POSITION, STARTING IMMEDIATELY. SENIOR PERFORMANCE COMMUNICATIONS EXPERT (M/F/X) DHL Group team is the leading mail and logistics service provider for the world. We are one of the planet's largest employers operating in over 220 countries and territories. Join our team and discover how an international network that's focused on service, quality and sustainability is able to connect people and improve lives through the power of glo…",2025-05-24T07:42:18Z,Onsite,https://www.adzuna.de/land/ad/5213873258?se=ENroHIE48BGKPBF8ALaCew&utm_medium=api&utm_source=25f3af84&v=1D065076A6EE82BCCE2C2EB75ACA925920FC9473
DE,Industrial Data Analyst (m/w/d),FERCHAU – Connecting People and Technologies,"Bautzen, Bautzen (Kreis)",,,,,0,"Stellen aus PR, Werbung & Marketing","Menschen und Technologien zu verbinden, den Perfect Match für unsere Kunden zu gestalten, immer die richtigen Expert:innen für die jeweilige Herausforderung zu finden - das ist unser Anspruch bei FERCHAU und dafür suchen wir dich: als ambitionierte:n Mitarbeitende:n für einen unserer Kunden. Wir realisieren spannende Projekte für namhafte Kunden des Maschinenbaus und übernehmen Verantwortung für komplexe Entwicklungsprojekte. Industrial Data Analyst (m/w/d) Bautzen Aufgaben Diese Herausforderun…",2025-05-24T07:42:16Z,Onsite,https://www.adzuna.de/land/ad/5213873212?se=ENroHIE48BGKPBF8ALaCew&utm_medium=api&utm_source=25f3af84&v=5CF64946C21F9386E709D661A595C74FEB823721
FR,Head of KAM FR,Capijob,France,,,,,0,Unknown,"Société : Reckitt Benckiser LLCPress Tab to Move to Skip to Content LinkDescriptionWant to deliver far more than just growth? As a Head of KAM FR for one of our largest accounts with Reckitt, you’ll have the freedom to turn an already-strong customer relationship into something beautiful.Head of KAM FRCompetitive Salary & excellent benefits packageLeading a dedicated category strategy for one of our biggest national customers, you’ll develop solutions that progress both their business and ours.…",2025-05-24T10:57:49Z,Onsite,https://www.adzuna.fr/details/5214046883?utm_medium=api&utm_source=25f3af84
FR,Account Manager F/H,Capijob,"Paris, Ile-de-France",,,,,0,Unknown,"Société : HighCo GroupFiliale du groupe HighCo, expert en data marketing et communication, HighCoBox est une agence digitale, spécialisée dans l’activation du shopper pour accompagner les marques et les distributeurs dans le développement de leurs ventes. Pour cela, HighCoBox se positionne comme un acteur leader dans le domaine du couponing digital avec plus de 80 plateformes gérées pour le compte de ses clients marques de grande consommation. HighCoBOX compte parmi ses clients de grands groupe…",2025-05-24T10:57:48Z,Onsite,https://www.adzuna.fr/details/5214046825?utm_medium=api&utm_source=25f3af84
FR,Business Intelligence Analyst en Alternance,Capijob,"Montreuil, Pas-de-Calais",,,,,0,Unknown,"Société : OpenclassroomsAvec OpenClassrooms apprenez un métier qui a de l’avenir grâce à l’Alternance et décrochez un diplôme de niveau bac 2 à bac 5 reconnu par l’État. Développez des compétences recherchées par les entreprises et soyez prêt à l’emploi immédiatement grâce à nos formations 100 % en ligne. Nous recrutons pour l’une de nos entreprises partenaires un Business Intelligence Analyst en Alternance. Ce partenaire est un leader du BTP, incontournable sur le marché de l’immobilier de bur…",2025-05-24T10:57:48Z,Onsite,https://www.adzuna.fr/details/5214046867?utm_medium=api&utm_source=25f3af84
FR,DATA ANALYST (F/H),Expectra,"Maisons-Alfort, Créteil",38000.0,38000.0,,38000.0,0,Emplois Autres/Général,"Expectra, leader en France de l'intérim spécialisé et du recrutement en CDI de cadres et agents de maîtrise. Les consultants du Département Comptabilité & Finance vous proposent des opportunités de carrière. Nous recherchons pour le compte de notre client, basé à Maisons-Alfort, Un Data Analyst H/F pour un mission d'intérim de 7 mois Missions : Vous accompagnerez l'équipe en charge de l'animation et du financement des réseaux et partenariats dans le cadre de la gestion et l'analyse de données c…",2025-05-24T10:19:44Z,Onsite,https://www.adzuna.fr/land/ad/5214012842?se=6EvzHYE48BG0wAyeaCZXLA&utm_medium=api&utm_source=25f3af84&v=67D3E57C18ADED8C3104BF2778D9A6B950D2F411
FR,ALTERNANCE Data Analyst Supply Pertes et Bonis et Biocarburants H/F (Apprentissage/Alternance),TotalEnergies,France,,,,,0,Unknown,"Poste : La Direction Supply Logistique France de la Société TotalEnergies Marketing France (TMF) a la charge de l'approvisionnement et de la commercialisation de produits pétroliers sur le territoire français. A ce titre, TMF répond à de nombreuses règlementations, tant sur l'incorporation de biocarburants dans les carburants et carburéacteurs, que sur les stocks stratégiques ou encore le suivi des stocks. Le département Stocks, Gestion, Support (SGS) a en charge le suivi et le respect de ces o…",2025-05-24T10:17:59Z,Onsite,https://www.adzuna.fr/land/ad/5214011870?se=6EvzHYE48BG0wAyeaCZXLA&utm_medium=api&utm_source=25f3af84&v=5B21BE257868DC7245138299807CDA658CFCEB5B
FR,ALTERNANCE - Analyse de données et Outils Opérationnels H/F (Apprentissage/Alternance),TotalEnergies,France,,,,,0,Unknown,"Poste : Vous travaillerez avec l'équipe du service Outils Opérationnels, qui a pour rôle de fournir l'ensemble des indicateurs et reporting business pour le canal CODO. À ce titre, vous serez garant et aurez la gouvernance de tous les outils permettant de construire les reporting. En tant qu'alternant Analyse de données et Outils Opérationnels H/F vos missions seront les suivantes : Venir en renfort des équipes OO pour préparer et diffuser les reporting liés aux activités des stations CODO Proc…",2025-05-24T10:17:58Z,Onsite,https://www.adzuna.fr/land/ad/5214011846?se=6EvzHYE48BG0wAyeaCZXLA&utm_medium=api&utm_source=25f3af84&v=50A921669F466D9879E2E7A0DE20EDB468ED07A0
FR,Responsable Projets et analyses stratégiques des performances des ventes et des actions commerciales H/F (CDI),GAN ASSURANCES,France,,,,,0,Unknown,"Poste : Gan Assurances, filiale du Groupe Groupama, est une entreprise à taille humaine qui constitue, grâce à un collectif de 5 000 personnes, le 5e réseau français d'Agents généraux. Rejoindre Gan Assurances, c’est avoir à la fois l’opportunité d’évoluer dans un environnement convivial et bienveillant mais aussi d‘intervenir sur des missions porteuses de sens. La confiance, la proximité, la détermination et l’efficacité sont les 4 valeurs partagées par l’ensemble de nos collaborateurs au quot…",2025-05-24T10:17:47Z,Onsite,https://www.adzuna.fr/land/ad/5214011729?se=6EvzHYE48BG0wAyeaCZXLA&utm_medium=api&utm_source=25f3af84&v=2183B18AAC219F7167C673619536CD7BAF83D81E
FR,Data analyst h/f (CDI),ACP ATLANTIQUE,France,,,,,0,Unknown,"Poste : Véritable aide à la sécurisation des systèmes informatiques du Groupe et acteur de la construction des outils de Business Intelligence, vous êtes rattaché(e) au DAF Groupe et vous collaborez étroitement dans le cadre de la construction de la planification budgétaire des filiales, allant de la prévision du business à la construction des tableaux de bords d'analyse des performances, vous proposez et mettez en place les modèles de simulation et d'analyse pertinents permettant la prise de d…",2025-05-24T10:17:43Z,Onsite,https://www.adzuna.fr/land/ad/5214011697?se=6EvzHYE48BG0wAyeaCZXLA&utm_medium=api&utm_source=25f3af84&v=F8E2A9580FD163CFE9CE838DDEA9A8D087596C4B
FR,Ingénieur Qualité / Data (H/F) (CDI),Kasadenn,France,,,,,0,Unknown,"Poste : À propos de Kasadenn : Chez Kasadenn, nous croyons fermement en l'innovation et l'excellence opérationnelle. Notre équipe, composée d'experts passionnés, s'efforce d’offrir des solutions adéquates à nos clients. Nous sommes fiers de notre environnement de travail dynamique et inclusif, qui encourage la créativité et le développement professionnel. Nous recherchons aujourd'hui pour l'un de nos clients un ou une Ingénieur Qualité / Data . Votre mission : Nous recherchons un(e) Ingénieur Q…",2025-05-24T10:17:42Z,Onsite,https://www.adzuna.fr/details/5214011683?utm_medium=api&utm_source=25f3af84
FR,Consultant Immobilier (H/F) (CDI),ROSEN ET BEAUMONT,France,,,,,0,Unknown,"Poste : Face à une demande croissante des clients, le cabinet recherche un consultant polyvalent capable d'intervenir ches les clients, d'assurer la production des livrables et de participer à la structuration de l'offre de l'entreprise. Externes : - Sur les missions de développement : mapping foncier, mapping de biens, contact agents, visites de biens, livrables de présentation des biens, livrables de présentation auprès des collectivités pour le compte du client - Sur les missions de gestion …",2025-05-24T10:17:41Z,Onsite,https://www.adzuna.fr/details/5214011667?utm_medium=api&utm_source=25f3af84
FR,Data manager H/F (CDI),ROBERT WALTERS LYON IT,France,,,,,0,Unknown,"Poste : Dans le cadre de la digitalisation, ce groupe recherche, au sein de sa DSI, un Data manager H/F. Il est en charge de structurer, piloter et garantir la qualité des flux de données de l'entreprise. Le poste est basé à Lyon. Les principales responsabilités du Data manager H/F sont : * La garantie de la performance, de la robustesse et de la fiabilité des flux de données en productio * La qualité des données transitant dans les interfaces et la mise en place des contrôles pour garantir leu…",2025-05-24T10:17:00Z,Onsite,https://www.adzuna.fr/land/ad/5214011388?se=6EvzHYE48BG0wAyeaCZXLA&utm_medium=api&utm_source=25f3af84&v=F44B3AD21C94B7D73AF97CEA14447F1792993EC9
FR,Chef de projet Sage X3 - F/H (CDI),LE CABRH,France,,,,,0,Unknown,"Poste : La société : Nous recherchons pour notre client, grand groupe industriel, un Chef de projet Sage X3 (H/F) en CDI. Le poste : Vous serez intégré à l'équipe applicative IT au sein de l'entité corporate du groupe. Vous interviendrez dans un environnement de production hétérogène (très petites séries vs très grande séries / montage manuel vs production automatisée) intégrant une grande diversité de références, de flux inter-sites et des contraintes réglementaires très fortes liées aux secte…",2025-05-24T10:16:47Z,Onsite,https://www.adzuna.fr/land/ad/5214011305?se=6EvzHYE48BG0wAyeaCZXLA&utm_medium=api&utm_source=25f3af84&v=74F1BE5BAE6408A1670206CD5F58136A733A9EC0
FR,Spécialiste devops azure (f/h) - paris ou toulouse (CDI),BPCE Solutions Informatiques,France,,,,,0,Unknown,"Poste : Poste et missions Au sein du Pôle Excellence Opérationnelle de BPCE SI, le service Usine de développement Open et Data est transverse à l’ensemble de l’Edition, nous avons en charge les moyens de fabrication des composants des SI BPCE SI au travers de plusieurs ateliers de développement regroupant l’ensemble des technologies de développement OPEN (Microsoft C# .Net, Azure Devops, Data, etc…) et notre mission est de fournir à nos développeurs BPCE SI les chaines CI/CD leur permettant de …",2025-05-24T10:16:08Z,Onsite,https://www.adzuna.fr/details/5214011102?utm_medium=api&utm_source=25f3af84
FR,Alternance – Contrôleur de gestion sociale et reporting RH F/H – Paris (Apprentissage/Alternance),BPCE SA,France,,,,,0,Unknown,"Poste : Poste et missions Vous souhaitez vous spécialiser en Ressources Humaines auprès de professionnels passionnés et experts de la Data RH ? Ce contrat d’alternance est fait pour vous ! Au sein d’un environnement de travail stimulant et challengeant, vous développerez vos compétences RH dans les domaines suivants : effectifs, recrutement, mobilité, turnover, absentéisme, formation, talent management… Vous rejoindrez le Centre de Services Data & Analyses RH du groupe BPCE en tant que Chargé d…",2025-05-24T10:16:08Z,Onsite,https://www.adzuna.fr/details/5214011101?utm_medium=api&utm_source=25f3af84
FR,CDI - Data Protection Officer H/F (CDI),Banque Palatine,France,,,,,0,Unknown,"Poste : Poste et missions Le département des risques opérationnels recherche un.e Data Protection Officer. Poste à pourvoir rapidement en CDI, est basé à Val de Fontenay (94 - sortie immédiate RER A ou E). Il.elle assure la conformité en matière de protection des données personnelles en lien avec la règlementation RGPD. Vos missions principales seront : Informer et conseiller les directions de l’établissement et ses collaborateurs quant à leurs obligations de se conformer au RGPD (règlement eur…",2025-05-24T10:16:07Z,Onsite,https://www.adzuna.fr/details/5214011075?utm_medium=api&utm_source=25f3af84
FR,Alternance - business analyst/ développeur bi (f/h) - charenton-le-pont (Apprentissage/Alternance),BPCE Solutions Informatiques,France,,,,,0,Unknown,"Poste : Poste et missions Intégrez la Plateforme Financements au sein de BPCE Solutions informatiques ! Au sein de la DSI Lease, la squad CDR² (Comptabilité CSL Data Décisionnel Réglementaire Risque) assure le support des métiers Comptabilité, Risque sur leurs applications spécifiques ainsi que la partie réglementaire. La squad CDR² gère également en transverse pour tous les métiers de Lease l’ensemble du Décisionnel, Sécurité logique & Data. L’équipe est composée de 30 personnes d’internes et …",2025-05-24T10:16:07Z,Onsite,https://www.adzuna.fr/details/5214011071?utm_medium=api&utm_source=25f3af84
FR,Data Controller H/F (CDD),Page Personnel,France,,,,,0,Unknown,"Poste : Vous analysez les fichiers de données avant transmission aux clients et partenaires, répondez aux questions des clients et des partenaires sur les données transmises (exemple : Justification des cours pour les CAC, explications sur les reportings transmis aux sociétés de gestion, etc.). Vous sollicitez le DM Static Data et le DM Pricing pour la correction dans les bases de données et en assurez la bonne réalisation, vous participez à la production du reporting d'activité de votre secteu…",2025-05-24T10:14:58Z,Onsite,https://www.adzuna.fr/land/ad/5214010659?se=6EvzHYE48BG0wAyeaCZXLA&utm_medium=api&utm_source=25f3af84&v=0A38F39976195F77762DD143D7A3D63C43F14A2C
FR,Responsable si data/bi h/f (CDI),MICHAEL PAGE,France,,,,,0,Unknown,"Poste : En tant que Responsable SI Data/BI, vos responsabilités consisteront à : * Superviser et optimiser les systèmes d'information, la business intelligence et les solutions logicielles de l'entreprise ; * Jouer un rôle déterminant dans la transformation numérique de l'entreprise ; * Collaborer étroitement avec les équipes internes pour comprendre leurs besoins en matière de données et proposer des solutions appropriées ; * Assurer la fiabilité et la sécurité des données de l'entreprise ; * …",2025-05-24T10:14:58Z,Onsite,https://www.adzuna.fr/land/ad/5214010661?se=6EvzHYE48BG0wAyeaCZXLA&utm_medium=api&utm_source=25f3af84&v=884C195E24D278217C14F12636E3B652744767EC
FR,Architecte Data/Tech Lead Data H/F (CDI),MICHAEL PAGE,France,,,,,0,Unknown,"Poste : Pour ce poste de Leader Technique Data évolutif rapidement vers un poste d'Architecte Data, vos missions principales seront les suivantes : * Concevoir et implémenter l'architecture data, en cohérence avec les standards IT Corporate, * Définir et superviser l'intégration des données issues de sources variées, en garantissant leur qualité et leur sécurité, * Orchestrer, configurer et optimiser les traitements data (performance, robustesse, fiabilité), * Mettre en place les outils de moni…",2025-05-24T10:14:58Z,Onsite,https://www.adzuna.fr/land/ad/5214010669?se=6EvzHYE48BG0wAyeaCZXLA&utm_medium=api&utm_source=25f3af84&v=5F92DD21861E280A6B92B48062C94876602199DC
FR,Architecte d'Entreprise H/F (CDI),MICHAEL PAGE,France,,,,,0,Unknown,"Poste : Pour ce poste en CDI en interne en tant qu'Architecte d'Entreprise/Urbaniste, vos missions seront : * Concevoir et documenter des architectures fonctionnelles et applicatives répondant aux besoins stratégiques du Groupe, * Proposer une vision claire de l'évolution du SI et piloter sa mise en oeuvre notamment en intégrant des architectures microservices et data centrées, * Définir des trajectoires d'évolution alignées sur les priorités métiers et les objectifs technologiques, * Garantir …",2025-05-24T10:14:55Z,Onsite,https://www.adzuna.fr/land/ad/5214010537?se=6EvzHYE48BG0wAyeaCZXLA&utm_medium=api&utm_source=25f3af84&v=CE59B29A27CD42D04A8C9D71331DFE318613ABEF
FR,Administrateur Système - Bilingue Anglais H/F (CDI),TalentsIT,France,,,,,0,Unknown,"Poste : Talents IT est un cabinet de recrutement national spécialisé dans les MÉTIERS DE L'IT ET DU DIGITAL, NOUS VOUS PROPOSONS RÉGULIÈREMENT DES OFFRES D'EMPLOI DANS CES DOMAINES : DÉVELOPPEMENT, SÉCURITÉ, INFRASTRUCTURE, R&D, DATA, PROJET, PRODUIT Nos consultants expérimentés vous offrent un ACCOMPAGNEMENT PERSONNALISÉ et des conseils avisés pour vous aider à évoluer dans votre carrière. ZOOM SUR VOS MISSIONS ! Vous serez un interlocuteur privilégié dans un contexte anglophone. Vous aurez no…",2025-05-24T10:14:36Z,Onsite,https://www.adzuna.fr/details/5214010316?utm_medium=api&utm_source=25f3af84
FR,Data Analyst (H/F) (CDI),TalentsIT,France,,,,,0,Unknown,"Poste : ZOOM sur vos missions ! Positionné au coeur de l'organisation, vous jouez un rôle clé dans la structuration des processus métiers à travers la gestion, l'analyse et la valorisation de la donnée opérationnelle. Missions principales : 1. Reporting & Analyse de données : Élaboration et automatisation de tableaux de bord dynamiques pour le pilotage stratégique (ventes, marges, coûts logistiques, transport, etc.). Création d'outils de visualisation adaptés aux pôles commerciaux, financiers, …",2025-05-24T10:14:36Z,Onsite,https://www.adzuna.fr/details/5214010319?utm_medium=api&utm_source=25f3af84
FR,Alternance - Sales Operations Junior (h/f) (Apprentissage/Alternance),LHH,France,,,,,0,Unknown,"Poste : Qui sommes-nous ? LHH fait partie du Groupe Adecco et compte 650 consultants répartis sur 100 bureaux, s'engageant dans près de 1500 projets chaque année à l'international. Notre équipe commerciale est dynamique et fondée sur des valeurs de solidarité, d’éthique et d’excellence. Missions En tant que Sales Operations Junior (h/f), vous serez chargé(e) de :- Gérer et fiabiliser les données en structurant nos bases clients pour une exploitation optimisée (territoire, segmentation) - Partic…",2025-05-24T10:14:11Z,Onsite,https://www.adzuna.fr/land/ad/5214009957?se=6EvzHYE48BG0wAyeaCZXLA&utm_medium=api&utm_source=25f3af84&v=60964650EF8E1E59111F4CDF3275F49F7379A443
FR,Head of performance management (H/F) (CDI),ACTUAL SERVICE RH,France,,,,,0,Unknown,Poste : Nous recherchons un Head of Performance Management (Directeur Pilotage et Performance) pour rejoindre notre équipe dynamique groupe basée à Laval (53). Vous évoluerez dans un environnement passionnant et stimulant où votre expertise et votre capacité à mener des projets auront un impact significatif. Vos Missions : -Mettre en place et optimiser les systèmes de pilotage de la performance opérationnelle en lien avec les directeurs généraux opérationnels et les directeurs financiers d'acti…,2025-05-24T10:13:16Z,Onsite,https://www.adzuna.fr/land/ad/5214009385?se=6EvzHYE48BG0wAyeaCZXLA&utm_medium=api&utm_source=25f3af84&v=F2C42A67B251C1C626C21DB9ED9AFCA8F8F8932E
FR,Technicien Junior à former H/F - PARIS 10 (CDI),OPEN SOURCING,France,,,,,0,Unknown,Poste : MISSION : Rattaché au Directeur des Systèmes d'Information et de la production data. Le Technicien(ne) d'Analyse de Données traite et analyse les mesures directes et les données fournies par les différents systèmes embarqués à bord de nos trains. Vous aurez ainsi pour missions principales : - L'analyse de signaux notamment la géométrie de la voie ou encore celle de la caténaire - La mise en qualité des traitements par des tests de cohérence ou des comparaisons - L'analyse des données de…,2025-05-24T10:13:14Z,Onsite,https://www.adzuna.fr/land/ad/5214009340?se=6EvzHYE48BG0wAyeaCZXLA&utm_medium=api&utm_source=25f3af84&v=513EBBAFA820D3914E9E81E3B51DB28D659E935F
FR,Internship - Head Office - Talent Acquisition & Management (F/H),Air Liquide,France,,,,,0,Unknown,"Air Liquide is a world leader in gases, technologies and services for industry and health. Present in 60 countries with 66 300 employees, the Group serves more than 4 million customers and patients. Oxygen, nitrogen and hydrogen are small molecules essential to life, matter and energy. They embody Air Liquide's scientific territory and have been at the heart of the Group's business since its creation in 1902. Air Liquide's ambition is to be a leader in its industry, to perform well over the lon…",2025-05-24T09:58:48Z,Onsite,https://www.adzuna.fr/details/5214003367?utm_medium=api&utm_source=25f3af84
FR,Product Manager Espaces Digitaux H/F,,"12ème Arrondissement, Paris",,,,,0,Unknown,"Au sein de la MNH, la Direction de la Transformation joue un r&amp;ocirc;le cl&amp;eacute; dans l&039;atteinte des objectifs strat&amp;eacute;giques de la mutuelle en identifiant les leviers de transformation et en conduisant des projets et actions &amp;agrave; fort impact.&lt;br&gt;En coconstruisant avec les diff&amp;eacute;rentes directions op&amp;eacute;rationnelles, elle coordonne programmes, projets et actions n&amp;eacute;cessaires pour adapter la Mutuelle aux &amp;eacute;volutions de mod…",2025-05-24T09:50:40Z,Onsite,https://www.adzuna.fr/details/5214000370?utm_medium=api&utm_source=25f3af84
FR,Development Scientist,Corning,France,,,,,0,Unknown,"Corning, an American company with over 170 years of history, is recognized as a leader in innovation in glass technologies, ceramics, and optical fibers and components. Active in most of the group's activities for more than 50 years, the European Technology Center of Corning brings its expertise in research, development, and engineering in the field of materials and processes. Within the Forming Research group of the Process Research, Development & Engineering division at our site located in Fo…",2025-05-24T09:07:17Z,Onsite,https://www.adzuna.fr/details/5213943039?utm_medium=api&utm_source=25f3af84
FR,Endpoint Security PPO,Trèfle Solution,"Haute-Garonne, Occitanie",,,,,0,Emplois Informatique,"Proxy-Service Owner accountability on Endpoint Security perimeter Accountable to ensure that all aspects are in place so that the application(s) can be run within society and meet ongoing business needs ; Manage all dependencies to make sure this happens. This includes (but not limited to) : - Resources to support, service contracts, documentation and software licenses needed for the RUN of the systems, SLA management… ; - Business interaction and take into account their needs, and ensure the c…",2025-05-24T08:13:42Z,Onsite,https://www.adzuna.fr/details/5213899272?utm_medium=api&utm_source=25f3af84
FR,ALTERNANT(E) DATA ANALYST / TECHNICIEN DE DONNEES (F/H),SOGEDO,France,,,,,0,Emplois Autres/Général,"Dans le cadre de son programme d'alternance, SOGEDO recrute un(e) ALTERNANT(E) DATA ANALYST / TECHNICIEN DE DONNEES afin de contribuer à l'exploitation et à la valorisation des données techniques de l'entreprise. La mission comporte les actions suivantes : - Exploiter des éléments consignés dans les bases de données de l'entreprise en les croisant avec des sources externes pertinentes ; - Vérifier la cohérence et la fiabilité des données ; - Valoriser les données existantes et créer de la valeu…",2025-05-24T08:13:41Z,Onsite,https://www.adzuna.fr/details/5213899153?utm_medium=api&utm_source=25f3af84
FR,Architecte Data & BI (F/H),Havana IT & Apps,"Isère, Auvergne-Rhône-Alpes",,,,,0,Emplois Informatique,"Havana IT (Grenoble), entité du Groupe Havana, recherche pour l'un de ses clients grenoblois, un(e) Architecte Data & BI. Vous jouerez un rôle central dans la conception, le déploiement et le maintien des solutions analytiques innovantes en exploitant les outils Microsoft, notamment Microsoft Fabric et Power BI. Dans le cadre de vos missions, vous serez amené(e) à : - Concevoir et mettre en place une architecture Data & BI robuste et évolutive pour répondre aux besoins stratégiques de l'entrepr…",2025-05-24T08:13:41Z,Onsite,https://www.adzuna.fr/details/5213899148?utm_medium=api&utm_source=25f3af84
FR,Ingénieur data,Seenovia,"Loire-Authion, Angers",36000.0,45000.0,,45000.0,0,Emplois Informatique,"Rattaché à la Responsable SI, vous serez amené à : - Développer les solutions techniques de collecte (via des API, bases de données) et de stockage de la donnée (infrastructures data dans un contexte Azure/Snowflake) - Mettre en place des traitements de données en mode batch et/ou flux continu - Être référent dans le choix et la mise en œuvre des architectures Data - Accompagner les équipes en leur fournissant les bons environnements et les bonnes pratiques pour utiliser les données - Administr…",2025-05-24T08:13:40Z,Onsite,https://www.adzuna.fr/details/5213898981?utm_medium=api&utm_source=25f3af84
FR,Data analyst F/H/X,Amaris Consulting,"Ile-de-France, France",,,,,0,Emplois Informatique,"Rejoignez notre équipe et commencez une nouvelle aventure dans un environnement international et dynamique où vous pourrez donner vie à vos aspirations professionnelles au sein d'une organisation en pleine croissance. Vos missions - Concevoir et mettre en œuvre des tableaux de bord interactifs sous Power BI - Collecter, nettoyer et structurer les données issues de différentes sources - Réaliser des analyses exploratoires et statistiques pour orienter la prise de décision - Participer à la mise …",2025-05-24T08:13:40Z,Onsite,https://www.adzuna.fr/details/5213899009?utm_medium=api&utm_source=25f3af84
FR,Ingénieur études mécanique H/F,PHAREA,"Isère, Auvergne-Rhône-Alpes",34000.0,42000.0,,42000.0,0,Emplois Scientifiques et AQ,"Le groupe PHAREA est constitué d'un ensemble de bureaux d'études spécialisés en conception et simulation numérique. Implantés sur toute la France, nos 15 agences interviennent dans les domaines de la mécanique, plasturgie, béton armé, charpente métallique et tuyauterie. Nous accompagnons nos clients dans leur cycle de développement de produit, depuis la phase R&D, jusqu'au stade de la validation. Nos équipes pluridisciplinaires de 250 ingénieurs et techniciens sont spécialisées par activité : -…",2025-05-24T08:13:39Z,Onsite,https://www.adzuna.fr/details/5213898874?utm_medium=api&utm_source=25f3af84
FR,Consultant Pharmacovigilance – Évaluation et Sécurité Clinique H/F,IVIDATA Life Sciences,France,,,,,0,Emplois Ingénierie,"Rattaché(e) à la Responsable du Département Pharmacovigilance, vous jouerez un rôle central dans l'évaluation et la validation des données de sécurité des essais cliniques. Vous serez le référent en expertise pharmacovigilance au sein des projets Vos responsabilités - Valider et évaluer les événements indésirables dans la base de données de pharmacovigilance. - Réaliser le codage des traitements (WHODrug) et valider le codage des données de sécurité (MedDRA). - Rédiger et valider les sections s…",2025-05-24T08:13:32Z,Onsite,https://www.adzuna.fr/details/5213898315?utm_medium=api&utm_source=25f3af84
FR,Développeur BI / ODI confirmé,Groupagora,"Loire-Atlantique, Pays de la Loire",40000.0,45000.0,,45000.0,0,Emplois Informatique,"Dans le cadre d'une mission stratégique pour un grand acteur du secteur industriel basé à Nantes, nous recherchons un(e) Data Engineer / Développeur BI confirmé(e), avec une solide expérience dans la gestion de flux de données et la conception de solutions BI évolutives. Vos missions principales : Maintenance évolutive d'une plateforme data unifiée Analyse et résolution des anomalies de flux de données Participation aux projets data stratégiques Développement de rapports et de dashboards sous B…",2025-05-24T08:13:29Z,Onsite,https://www.adzuna.fr/details/5213898072?utm_medium=api&utm_source=25f3af84
FR,Support Applicatif,ALFI,"Saint-Cloud, Boulogne-Billancourt",,,,,0,Emplois Informatique,"Depuis 25 ans, ALFI apporte son expertise aux institutions financières, à leurs DSI et Directions Métiers pour mener à bien leurs projets de transformation. Spécialistes des enjeux financiers et technologiques, nous aidons nos clients à repenser leurs modèles, optimiser leurs processus et intégrer des solutions innovantes adaptées aux évolutions du secteur. Nous nous distinguons par notre double compétence technique et fonctionnelle, qui nous permet d'intervenir auprès des Banques de Financemen…",2025-05-24T08:13:28Z,Onsite,https://www.adzuna.fr/details/5213898026?utm_medium=api&utm_source=25f3af84
FR,Dessinateur projeteur électricité H/F,PHAREA,"Savoie, Auvergne-Rhône-Alpes",27000.0,37000.0,,37000.0,0,Emplois Scientifiques et AQ,"Le groupe PHAREA est constitué d'un ensemble de bureaux d'études spécialisés en conception et simulation numérique. Implantés sur toute la France, nos 15 agences interviennent dans les domaines de la mécanique, plasturgie, béton armé, charpente métallique et tuyauterie. Nous accompagnons nos clients dans leur cycle de développement de produit, depuis la phase R&D, jusqu'au stade de la validation. Nos équipes pluridisciplinaires de 250 ingénieurs et techniciens sont spécialisées par activité : -…",2025-05-24T08:13:28Z,Onsite,https://www.adzuna.fr/details/5213897974?utm_medium=api&utm_source=25f3af84
FR,Ingénieur méthodes H/F,PHAREA,"Isère, Auvergne-Rhône-Alpes",33000.0,43000.0,,43000.0,0,Emplois Consultants,"Le groupe PHAREA est constitué d'un ensemble de bureaux d'études spécialisés en conception et simulation numérique. Implantés sur toute la France, nos 15 agences interviennent dans les domaines de la mécanique, plasturgie, béton armé, charpente métallique et tuyauterie. Nous accompagnons nos clients dans leur cycle de développement de produit, depuis la phase R&D, jusqu'au stade de la validation. Nos équipes pluridisciplinaires de 250 ingénieurs et techniciens sont spécialisées par activité : -…",2025-05-24T08:13:28Z,Onsite,https://www.adzuna.fr/details/5213898023?utm_medium=api&utm_source=25f3af84
FR,Développeur Back-End Java/Angular – Spark,Maestria,"Alpes-Maritimes, Provence-Alpes-Côte d'Azur",43000.0,47999.0,,47999.0,0,Emplois Informatique,"Contexte Dans le cadre d'un programme de migration vers le cloud Azure (Move to Cloud), nous recherchons un Développeur Back-End Java avec des compétences front Angular, capable de travailler sur des traitements de données distribués (Apache Spark) dans un environnement cloud-native conteneurisé sous Kubernetes. Vous rejoindrez une équipe agile chargée de refondre plusieurs composants data-driven en microservices cloud, tout en garantissant la performance, la sécurité et la scalabilité des appl…",2025-05-24T08:13:23Z,Onsite,https://www.adzuna.fr/details/5213897676?utm_medium=api&utm_source=25f3af84
FR,Développeur Big Data confirmé | Java – Spark – Hadoop,Lùkla,"Loire-Atlantique, Pays de la Loire",,,,,0,Emplois Informatique,Contexte Nous recherchons un profil Big Data expérimenté pour renforcer une équipe projet sur un environnement technique exigeant. L'objectif est d'intervenir sur des traitements de données à grande échelle et des pipelines distribués. Lùkla vous propose : - Intéressement et participation - Un accompagnement dédié et des formations - Politique de mobilité interne et à l'international - Forfait mobilité verte : participation forfaitaire à l'achat et à la maintenance d'un équipement vert (vélo él…,2025-05-24T08:13:22Z,Onsite,https://www.adzuna.fr/details/5213897489?utm_medium=api&utm_source=25f3af84
FR,Consultant Power BI Confirmé,Lùkla,"Loire-Atlantique, Pays de la Loire",,,,,0,Emplois Informatique,"Nous recherchons un profil orienté data visualisation avec une forte expertise Power BI pour intervenir sur des projets clients internes, au sein d'une équipe agile et transverse. Démarrage : dès que possible Durée estimée : ~6 mois Localisation : Nantes (2j TT possible) Mission Intégré à une équipe data pluridisciplinaire (4 data analysts, 1 cloud ops, 2 PO), vous prendrez en charge des projets Power BI de bout en bout : Recueil et cadrage du besoin en lien direct avec les équipes métiers Modé…",2025-05-24T08:13:22Z,Onsite,https://www.adzuna.fr/details/5213897543?utm_medium=api&utm_source=25f3af84
FR,Consultant(e) connaissant l'outil Jebbit,Mon Consultant Indépendant,"Paris, Ile-de-France",750.0,780.0,,780.0,0,Emplois Informatique,Notre cabinet recherche un(e) consultant(e) freelance qui connaît et maîtrise la solution Jebbit (low tech - plateforme en ligne qui permet de créer des quiz ou sondages interactifs pour recueillir directement des infos fournies par les utilisateurs / zero-party data). L'objectif serait de mettre en place un playbook avec des exemples d'intégration dans les médias.,2025-05-24T08:13:20Z,Onsite,https://www.adzuna.fr/details/5213897295?utm_medium=api&utm_source=25f3af84
FR,Expert Support Dataviz (Spotfire/Power BI),ACTIVUS GROUP,"Haute-Garonne, Occitanie",40000.0,50000.0,,50000.0,0,Emplois Informatique,"Expert Support Dataviz (Spotfire/Power BI) La mission consiste à renforcer l'équipe Dataviz dont les outils principaux sont Spotfire et Power BI. Le besoin concerne plus particulièrement Spotfire. En tant qu'expert côté support, vous devez avoir une excellente maîtrise de l'outil mais aussi un excellent relationnel et être pédagogue, car vous serez en contact avec les développeurs, les utilisateurs métiers, ainsi que différents services au niveau IT (Ops, Architectes…). Missions principales : -…",2025-05-24T08:13:13Z,Onsite,https://www.adzuna.fr/details/5213896893?utm_medium=api&utm_source=25f3af84
FR,Data Engineer H/,Pulse,"Lyon, Rhône",42000.0,46000.0,,46000.0,0,Emplois Informatique,"Vous voulez imPULSEr un nouvel élan à votre carrière ? Nous recherchons notre prochain·e Data Engineer (F/H) pour construire, fiabiliser et faire vivre les flux de données dans un environnement cloud moderne, chez l'un de nos clients à Lyon (format hybride). Le poste : Vous interviendrez au cœur des équipes projets data pour développer, optimiser et maintenir les flux dans un Datalake AWS. Votre terrain de jeu ? Des pipelines bien pensés, des données bien traitées, et un delivery automatisé dan…",2025-05-24T08:13:13Z,Hybrid,https://www.adzuna.fr/details/5213896842?utm_medium=api&utm_source=25f3af84
FR,Consultant Transformation Data F/H,THELIO,"Bordeaux, Gironde",40000.0,50000.0,,50000.0,0,Emplois Informatique,"Pour relever ce défi, vos missions seront les suivantes : Conseiller en autonomie vos clients dans le cadrage de leurs sujets data, de l identification des enjeux à la construction de leur feuille de route : Préparer et animer les ateliers, Produire les analyses et formuler les recommandations à valeur ajoutée, Structurer et rédiger les livrables associés. Accompagner vos clients dans la mise en œuvre de leurs chantiers data : Réaliser le diagnostic initial pertinent pour s approprier les enjeu…",2025-05-24T08:10:22Z,Onsite,https://www.adzuna.fr/details/5213895623?utm_medium=api&utm_source=25f3af84
FR,Consultant RH CDI F/H,UNION GESTION ETABL CAISSES ASS MALADIE,"Le Petit-Quevilly, Rouen",37000.0,37000.0,,37000.0,0,Emplois Autres/Général,"Dans ce cadre, vous serez chargé de : Elaborer les indicateurs sociaux réglementaires, conventionnels et régionaux Elaborer les données sociales de pilotage : suivi de la masse salariale, des effectifs, absentéisme… Piloter des projets RH en matière de santé au travail, lutte et prévention de l’absence, prévention des RPS, promotion de la QVCT Réaliser des études et des analyses à partir des données produites et d’autres recueils d’informations sociales selon les besoins de la direction général…",2025-05-24T08:10:21Z,Onsite,https://www.adzuna.fr/details/5213895587?utm_medium=api&utm_source=25f3af84
FR,Architecte solutions F/H,EDF,"Mérignac, Bordeaux",46000.0,56000.0,,56000.0,0,Emplois Ingénierie,"Rejoignez la Division Numérique et devenez actrice/acteur de la transformation numérique de la Direction du Parc Nucléaire et Thermique d'EDF ! Lancée en janvier 2025, la Division Numérique est responsable de l'ensemble du SI de la production d'électricité nucléaire et thermique. Elle mène un programme innovant visant à moderniser nos outils et processus pour améliorer l'efficacité de 45 000 collaborateurs. En intégrant des technologies de pointe comme le cloud, la data et l'IA, vous participer…",2025-05-24T08:10:21Z,Onsite,https://www.adzuna.fr/details/5213895575?utm_medium=api&utm_source=25f3af84
FR,Développeur Back-end C# - Énergies renouvelables F/H,Seyos,"La Chapelle-sur-Erdre, Nantes",45000.0,55000.0,,55000.0,0,Emplois Consultants,"Notre client est un éditeur de logiciels spécialisés dans les solutions cloud de data intelligence pour les énergies renouvelables. L'entreprise développe des produits innovants déployés à l'international qui contribue au pilotage de plus de 150 GW d'énergie verte. Dans le cadre d'un remplacement, ils cherchent à intégrer un nouveau développeur confirmé C#, qui va intégrer l'équipe back end afin de travailler sur des solutions dans le Big Data et l'IoT. Vos principales missions : - Développer d…",2025-05-24T08:10:21Z,Onsite,https://www.adzuna.fr/details/5213895564?utm_medium=api&utm_source=25f3af84
FR,Dessinateur-projeteur en mécanique F/H,PHAREA,"Grenoble, Isère",28000.0,38000.0,,38000.0,0,Emplois Ingénierie,"Dans le cadre de notre développement sur le site de Grenoble (38), nous sommes à la recherche de notre futur/re collaborateur/trice. En tant que dessinateur projeteur mécanique H/F, vos missions consisteront à : · Analyser les cahiers des charges · Définir les solutions techniques · Réaliserez les plans d'ensembles, sous-ensembles et de détails pour des dossiers complets, · Conception 2D / 3D d’ensemble et sous ensemble mécanique · Rédiger la documentation technique · Connaissance de la cotatio…",2025-05-24T08:10:21Z,Onsite,https://www.adzuna.fr/details/5213895596?utm_medium=api&utm_source=25f3af84
FR,Consultant Data BI Confirmé F/H,THELIO,"Lyon, Rhône",40000.0,55000.0,,55000.0,0,Emplois Informatique,"Selon vos expériences, vous êtes autonome à minima sur 3 typologies de missions décrites ci-dessous : Analyser et définir les architectures data de nos clients : challenger l'existant et proposer de nouvelles solutions. Effectuer des analyses fonctionnelles et rédiger les spécifications, retranscrire les besoins métiers en solutions techniques. Concevoir et développer des pipelines de données, alimenter les plateformes data de nos clients. Mettre en place les reporting et Dashboard. Être garant…",2025-05-24T08:10:20Z,Onsite,https://www.adzuna.fr/details/5213895498?utm_medium=api&utm_source=25f3af84
FR,Tech Lead Data F/H,THELIO,"Bègles, Bordeaux",40000.0,55000.0,,55000.0,0,Emplois Informatique,"Vous maîtrisez aujourd'hui l'entièreté du traitement de la donnée et donc êtes en mesure de : Analyser et définir les architectures data de nos clients : challenger l'existant et proposer de nouvelles solutions. Effectuer des analyses fonctionnelles et rédiger les spécifications, retranscrire les besoins métiers en solutions techniques. Concevoir et développer des pipelines de données, alimenter les plateformes data de nos clients. Mettre en place les reporting et Dashboard. Être garant des sol…",2025-05-24T08:10:20Z,Onsite,https://www.adzuna.fr/details/5213895463?utm_medium=api&utm_source=25f3af84
FR,Consultant Data BI Confirmé F/H,THELIO,"Bègles, Bordeaux",40000.0,55000.0,,55000.0,0,Emplois Informatique,"Selon vos expériences, vous êtes autonome à minima sur 3 typologies de missions décrites ci-dessous : Analyser et définir les architectures data de nos clients : challenger l'existant et proposer de nouvelles solutions. Effectuer des analyses fonctionnelles et rédiger les spécifications, retranscrire les besoins métiers en solutions techniques. Concevoir et développer des pipelines de données, alimenter les plateformes data de nos clients. Mettre en place les reporting et Dashboard. Être garant…",2025-05-24T08:10:20Z,Onsite,https://www.adzuna.fr/details/5213895362?utm_medium=api&utm_source=25f3af84
FR,Responsable Application et Projet F/H,CREDIT MUTUEL ARKEA,"Le-Relecq-Kerhuon, Brest",30000.0,30000.0,,30000.0,0,Emplois Autres/Général,"Au sein de la Direction des Études, le service informatique Salle des Marché est composé d'une équipe de 10 personnes. La raison d'être du service est de garantir le fonctionnement des applications informatiques, notamment les progiciels, liées aux métiers front, middle et back offices financiers. Nous travaillons principalement autour de progiciels utilisés par de nombreuses parties prenantes (Direction des Marchés Financier, la Direction des Risques, la Direction Finance & Performance Globale…",2025-05-24T08:10:20Z,Onsite,https://www.adzuna.fr/details/5213895369?utm_medium=api&utm_source=25f3af84
FR,Tech Lead Data F/H,THELIO,"Lyon, Rhône",40000.0,55000.0,,55000.0,0,Emplois Informatique,"Vous maîtrisez aujourd'hui l'entièreté du traitement de la donnée et donc êtes en mesure de : Analyser et définir les architectures data de nos clients : challenger l'existant et proposer de nouvelles solutions. Effectuer des analyses fonctionnelles et rédiger les spécifications, retranscrire les besoins métiers en solutions techniques. Concevoir et développer des pipelines de données, alimenter les plateformes data de nos clients. Mettre en place les reporting et Dashboard. Être garant des sol…",2025-05-24T08:10:20Z,Onsite,https://www.adzuna.fr/details/5213895479?utm_medium=api&utm_source=25f3af84
FR,Product Owner F/H,Coexya,France,45000.0,50000.0,,50000.0,0,Emplois Informatique,"CONTEXTE Pour accompagner la croissance de notre entité spécialisée en systèmes d'informations géographiques, nous recherchons notre futur Product Owner F/H. Fort de plus de vingt-cinq ans d'expérience, l'entité systèmes d'informations géographique de Coexya fait partie d'une des premières de France. Vous interviendrez au coeur d'un véritable acteur numérique qui agit au service du territoire et des citoyens dans divers domaines : urbanisme, eaux, énergie, mobilité, open data, écologie, sécurit…",2025-05-24T08:10:19Z,Onsite,https://www.adzuna.fr/details/5213895327?utm_medium=api&utm_source=25f3af84
FR,Expert SPLUNK Confirmé F/H,Orange Cyberdefense,"Nanterre, Hauts-de-Seine",40000.0,55000.0,,55000.0,0,Emplois Informatique,"Vos missions : Le département CyberSOC Engineering comprend les équipes en charge de la conception puis du support niveau 3 des solutions de sécurité managées vendues à nos clients. Intégré(e) au sein de l'ingénierie CyberSOC en tant qu'expert en solution(s) de détection, vos missions vont consister à : - Etre impliqué(e) lors des phases d'avant-vente (étude d'architecture, de faisabilité, benchmarking & sizing) et aider à la construction des solutions de sécurité sur-mesure pour les besoins de…",2025-05-24T08:10:19Z,Onsite,https://www.adzuna.fr/details/5213895259?utm_medium=api&utm_source=25f3af84
FR,Automaticien GTB - F/H,Seyos,"Clichy, Nanterre",35000.0,45000.0,,45000.0,0,Emplois Consultants,"Notre client est un groupe industriel international dédié au traitement de l'air en milieu industriel. Le groupe représente aujourd'hui un chiffre d'affaires de plus de 115 millions d'euros, grâce à plus de 650 collaborateurs dans le monde. Il développe des solutions d'automation pour l'industrie et le tertiaire en France et à l'export. Leurs activités sont principalement tournées vers le secteur Tertiaire et la gestion technique de bâtiment (GTB). Il travaille essentiellement pour les grands c…",2025-05-24T08:10:19Z,Onsite,https://www.adzuna.fr/details/5213895252?utm_medium=api&utm_source=25f3af84
FR,Consultant MicroStrategy F/H,ORANGE BUSINESS SERVICES,"Lyon, Rhône",32000.0,32000.0,,32000.0,0,Emplois Informatique,"Notre équipe lyonnaise continue de grandir, nous recherchons donc un(e) consultant(e) MicroStrategy passionné(e) par la data et la Business Intelligence. Que vous soyez un(e) explorateur(trice) de la donnée ou déjà un(e) stratège aguerri(e) de MicroStrategy, on a envie de vous rencontrer si : - Vous aimez comprendre les enjeux métiers avant de plonger dans les bases de données - Vous êtes à l’aise pour traduire un besoin flou en un dashboard clair - Vous aimez partager vos idées et vos bonnes p…",2025-05-24T08:10:19Z,Onsite,https://www.adzuna.fr/details/5213895328?utm_medium=api&utm_source=25f3af84
FR,Développeur Web Python - F/H,Seyos,"Schiltigheim, Strasbourg-Campagne",45000.0,55000.0,,55000.0,0,Emplois Consultants,"Notre client est une start-up spécialisée dans le développement d'intelligences artificielles génératives sur mesure. Elle se concentre sur le soutien des industries du luxe et de la mode dans leurs processus de création et de production en concevant des IA génératives personnalisées qui facilitent la création. Ses solutions uniques sont développées en tenant compte de l'ADN et du patrimoine artistique de ses clients, permettant ainsi à la start-up de créer des outils d'aide à la création puiss…",2025-05-24T08:10:19Z,Onsite,https://www.adzuna.fr/details/5213895273?utm_medium=api&utm_source=25f3af84
FR,Ingénieur Mécatronique F/H,ABYLSEN,"Strasbourg, Strasbourg-Ville",35000.0,45000.0,,45000.0,0,Emplois Administration,"Abylsen recherche activement son ou sa futur(e) consultant(e) Développeur Mobile pour renforcer ses équipes dans la région de l'Est. Missions principales : Concevoir des systèmes intégrant des composants électroniques, mécaniques et informatiques, répondant aux besoins spécifiques des clients. Evaluer la faisabilité des projets et proposer des solutions adaptées aux contraintes techniques et financières. Augmenter les performances des équipements par la conception de systèmes intelligents. Savo…",2025-05-24T08:10:18Z,Onsite,https://www.adzuna.fr/details/5213895188?utm_medium=api&utm_source=25f3af84
FR,COLLABORATEUR COMPTABLE F/H,Endrix,"Lyon, Rhône",20000.0,20000.0,,20000.0,0,Emplois Consultants,"Comment savoir si ce poste est fait pour vous ? - Vous disposez d'une première expérience de 4 ans ou plus en cabinet d'expertise comptable ; - Vous avez validé une formation supérieure en comptabilité ; Vos points forts pour réussir votre intégration chez Endrix ? Vos compétences sont importantes, mais c'est surtout votre personnalité qui fera la différence. Votre esprit d'équipe, votre sens du contact, notamment client, et votre maitrise des outils informatiques, sont vos meilleurs alliés. Pr…",2025-05-24T08:10:18Z,Onsite,https://www.adzuna.fr/details/5213895156?utm_medium=api&utm_source=25f3af84
FR,Product owner Power platform F/H,Hays France,"Allauch, Marseille",45000.0,55000.0,,55000.0,0,Emplois Comptabilité et Finance,"En tant que Product Owner, vous intervenez au sein du siège à proximité d'Aix-en-Provence (13), dans des locaux flambant neufs et vous bénéficiez d'un jour de télétravail par semaine. Vous intégrez une équipe pluridisciplinaire, composée de 8 personnes (Product Manager, Product Owners, Développeurs, Data). Votre rôle vous rend responsable du développement des applications réalisées avec la Power Platform de l'ERP Dynamics 365. Vous prenez également en charge le pilotage de l'assistance techniqu…",2025-05-24T08:10:18Z,Onsite,https://www.adzuna.fr/details/5213895179?utm_medium=api&utm_source=25f3af84
FR,Référent données techniques F/H,Cabinet Vizionère,France,30000.0,50000.0,,50000.0,0,Emplois Consultants,"Tu aimes la donnée qui a du sens ? Ce poste est pour toi. Une entreprise industrielle internationale , reconnue pour sa technicité , son agilité et son ancrage en Haute-Savoie , recherche un profil polyvalent pour renforcer ses équipes dans le cadre d’un projet d’interface ERP/MES . Basée à Bons-en-Chablais , cette entreprise fait bouger les lignes de son secteur avec des outils numériques ambitieux, des équipes motivées, et un fort esprit de collaboration. Et si tu devenais leur futur référent…",2025-05-24T08:10:17Z,Onsite,https://www.adzuna.fr/details/5213895108?utm_medium=api&utm_source=25f3af84
FR,Chef de projet Java full stack F/H,DGFiP / ESI80,"Amiens, Somme",32000.0,48000.0,,48000.0,0,Emplois Administration,"En tant que chef(fe) de projets informatique au sein de la division développement de l’ESI d’Amiens, vous serez rattaché(e)s à un domaine fonctionnel, au sein duquel vous participerez activement à chacune des étapes du développement des applications web. En nous rejoignant, vous vous verrez confier différentes missions : • Piloter les projets qui vous sont confiés, en relations avec les partenaires : MOA, bureaux métiers, bureaux SI,  • Effectuer le chiffrage et la planification opérationnelle …",2025-05-24T08:10:17Z,Onsite,https://www.adzuna.fr/details/5213895106?utm_medium=api&utm_source=25f3af84
FR,Alternance - Assistant Diversité et Inclusion - F/H,Atos,"Bezons, Argenteuil",,,,,0,Emplois Informatique,"Contexte : Vous avez envie de vous engager pour une entreprise inclusive, innovante et responsable ? Intégrez la Direction Diversité & Inclusion du groupe Atos France et contribuez à faire vivre nos engagements sur le terrain. Rattaché.e à la Responsable Diversité & Inclusion, vous participerez activement à la mise en œuvre des actions de la politique D&I au sein du Groupe. M issions : Création de contenus et gestion des communications sur les réseaux sociaux internes et externes Relation avec …",2025-05-24T08:10:16Z,Onsite,https://www.adzuna.fr/details/5213895064?utm_medium=api&utm_source=25f3af84
FR,INGENIEUR TRAITEMENT DE DONNEES F/H,ENVIRPROD,"Vernon, Evreux",32000.0,48000.0,,48000.0,0,Emplois Ingénierie,"Notre client est le leader européen de la propulsion pour satellites et sondes spatiales . Filiale d’un très grand groupe aéronautique français, notre client conçoit et produit une vaste gamme de moteurs électriques à base de propulsion plasmique. Nous recherchons pour une mission d’une durée minimale de 1 an un ingénieur spécialisé en / Analyses de données, statistique / Suivi de Production MISSIONS L’ingénieur est responsable de la compilation et de l’analyse des données (essais de recettes s…",2025-05-24T08:09:42Z,Onsite,https://www.adzuna.fr/details/5213894748?utm_medium=api&utm_source=25f3af84
FR,Développeur VueJS f/h F/H,Pulse,"Lyon, Rhône",40000.0,45000.0,,45000.0,0,Emplois Informatique,"Vous voulez imPULSEr un nouvel élan à votre carrière ? Ce projet pourrait bien vous intéresser ! Vous avez envie de vous investir sur un projet à fort impact, dans un environnement technique moderne et stimulant ? Nous recherchons un(e) développeur(se) orienté(e) VueJS , avec une appétence pour le back Java, pour intervenir sur un projet structuré et ambitieux. Le contexte Vous intégrerez une équipe expérimentée, dans un cadre agile, pour travailler sur un projet stratégique basé sur des micro-…",2025-05-24T08:09:41Z,Onsite,https://www.adzuna.fr/details/5213894737?utm_medium=api&utm_source=25f3af84
FR,Consultant fonctionnel et technique Odoo F/H,ELIPCE,"Valence, Drôme",30000.0,40000.0,,40000.0,0,Emplois Informatique,"DESCRIPTION DU POSTE : Le consultant fonctionnel et technique a pour mission principale d’analyser les processus métiers, paramétrer la solution Odoo et développer des modules lorsque cela est nécessaire. En version enterprise EE ou communautaire CE, Odoo est LA solution ERP/CRM/GMAO/WMS préconisée et mise en place par Elipce. Le consultant assure les ateliers fonctionnels avec les utilisateurs clés de nos clients, il consigne les prises de décisions et orientations, matérialise les processus à…",2025-05-24T08:09:41Z,Onsite,https://www.adzuna.fr/details/5213894706?utm_medium=api&utm_source=25f3af84
FR,Chef de projet Intelligence Artificielle F/H,Les Favoris,France,45000.0,45000.0,,45000.0,0,Emplois Industrie et Construction,"Notre client est un acteur majeur de l’industrie , dont le siège social est situé en Vendée, entre La Roche-sur-Yon et Les Sables d’Olonne. En forte croissance depuis plusieurs années, l’entreprise compte aujourd’hui 5 sites de production en France et se développe à l’international. Société familiale attachée aux valeurs d’authenticité et de qualité , la direction reste proche des équipes opérationnelles. Les décisions sont prises rapidement, avec une stratégie agile et adaptable aux évolutions…",2025-05-24T08:09:40Z,Onsite,https://www.adzuna.fr/details/5213894657?utm_medium=api&utm_source=25f3af84
FR,Chef de Projet Informatique F/H,avisto,"Grenoble, Isère",40000.0,50000.0,,50000.0,0,Emplois Informatique,"Nous recrutons un·e Chef de Projet Informatique pour piloter des projets techniques ambitieux, dans un environnement stimulant où la passion mène à l’excellence. Votre rôle En tant que Chef de Projet Informatique chez AViSTO, vous êtes le·la garant·e de la réussite de projets variés, de la phase de cadrage jusqu’à la livraison. Vous travaillez en étroite collaboration avec les équipes techniques, métiers et les parties prenantes externes. Vos missions : Définir les objectifs, les exigences fonc…",2025-05-24T08:09:40Z,Onsite,https://www.adzuna.fr/details/5213894682?utm_medium=api&utm_source=25f3af84
FR,Chef de projet Data F/H,THELIO,"Bordeaux, Gironde",40000.0,50000.0,,50000.0,0,Emplois Informatique,"Vous prenez en charge le pilotage d un ou plusieurs projets 100% data pour nos clients. Vous interviendrez sur toutes les phases projet, en cadrage, ateliers « d idéation » (identifier les besoins métiers, les formaliser), pilotage, accompagnement de votre équipe et des équipes clients. Votre rôle, au-delà de bien piloter vos projets, est aussi et surtout de prendre de la hauteur sur la trajectoire des projets, d être en mesure de proposer des solutions pertinentes aux risques projets et de les…",2025-05-24T08:09:40Z,Onsite,https://www.adzuna.fr/details/5213894655?utm_medium=api&utm_source=25f3af84
FR,Ingénieur Projet Datacenter 93 F/H,Qualis Recrutement,"La Courneuve, Saint-Denis",42000.0,43000.0,,43000.0,0,Emplois Informatique,"Activités principales : Organiser et planifier la réalisation des projets, depuis sa conception jusqu'à son achèvement : · Etablir le calendrier de mise en œuvre . Recenser l'ensemble des éléments liés au projet et les documenter dans la base de réalisation. Connaître les normes en vigueur. . S'assurer de la cohérence des techniques utilisées par rapport à l'objectif demandé · Organiser la circulation efficace de l'information entre la maîtrise d'œuvre et la maîtrise d'ouvrage . Réaliser ou sup…",2025-05-24T08:09:40Z,Onsite,https://www.adzuna.fr/details/5213894677?utm_medium=api&utm_source=25f3af84
FR,Gestionnaire Base de Données Achats F/H,BME FRANCE,"Boulogne-Billancourt, Hauts-de-Seine",32000.0,35000.0,,35000.0,0,Emplois Immobilier,"GESTIONNAIRE BASE DE DONNEES ACHATS (H/F) Poste en CDI basé sur notre siège de Boulogne Billancourt (92) – Déplacement à prévoir sur Bonneuil sur Marne (94). Rattaché(e) au manager de l’équipe DATA mais en relation constante avec les Category Managers, vous veillerez à la mise à jour de l’ERP. Vous participez aux comparatifs tarifaires des fournisseurs et simplifierez aussi les tâches des Category Managers BUSCA et RABONI dans leurs missions : Vos missions : • Mise à jour en temps et en heure d…",2025-05-24T08:09:25Z,Onsite,https://www.adzuna.fr/details/5213894440?utm_medium=api&utm_source=25f3af84
FR,Data analyst F/H,CARREVOLUTIS,"Toulouse, Haute-Garonne",,,,,0,Emplois Informatique,"Description de l'entreprise Manpower, au coeur des activités de ManpowerGroup, est l'un des leaders mondiaux du recrutement temporaire et permanent. Combinant présence internationale et expertise locale, Manpower apporte des réponses adaptées et rapides aux besoins spécifiques de chaque entreprise, en matière de travail intérimaire, de recrutement en CDI/CDD, d'évaluation et de formation. Missions Manpower TOULOUSE INFORMATIQUE recherche pour son client, un acteur du secteur des services inform…",2025-05-24T08:09:25Z,Onsite,https://www.adzuna.fr/details/5213894408?utm_medium=api&utm_source=25f3af84
FR,Avocat / juriste en IT / data F/H,FIDAL,"Cany-Barville, Dieppe",,,,,0,Emplois Droit,"Vous aspirez à relever les challenges liés à un secteur d'activité en constante évolution et à rejoindre un cabinet ambitieux offrant des opportunités d'évolution ? Fidal recrute en Normandie un avocat / juriste en en droit des activités numériques, tech et données. Poste basé au choix dans l'un des 7 bureaux normands. Vos missions : - Données personnelles / ePrivacy : audits de conformité RGPD, analyse juridique des projets technologiques impliquant la collecte et le traitement des données per…",2025-05-24T08:09:25Z,Onsite,https://www.adzuna.fr/details/5213894458?utm_medium=api&utm_source=25f3af84
FR,ALT - PROTECTION DES DONNEES PERSONNELLES F/H,CARREVOLUTIS,France,,,,,0,Emplois Informatique,"Description de l'entreprise GENERALI Un groupe mondial Fondé à Trieste et Venise en 1831, Generali est aujourd’hui un Groupe d’assurance indépendant implanté dans 50 pays. 71 millions de clients répartis dans plus de 50 pays ; près de 82 000 collaborateurs ; 95,2 milliards d’euros de chiffre d’affaires. Un acteur majeur en France Nous sommes implantés en France depuis 1832 et nous nous sommes développés dans toutes les branches de l’assurance(auto, habitation, assurance vie, épargne retraite, p…",2025-05-24T08:09:24Z,Onsite,https://www.adzuna.fr/details/5213894323?utm_medium=api&utm_source=25f3af84
FR,Chef de Projet AMOA F/H,KAPCO,"Lille-Nord, Lille",,,,,0,Emplois RH et Recrutement,"Vos missions : Gérer la planification, l'exécution et la clôture des projets IT, Data et Digitaux en collaboration avec les parties prenantes internes et externes. Travailler en étroite collaboration avec les utilisateurs pour les aider à définir clairement leurs besoins. Élaborer des rapports de suivi des projets, en assurant la transparence et leur communication efficace aux équipes projet. Identifier les obstacles et apporter une solution viable afin de garantir la réalisation des objectifs …",2025-05-24T08:09:24Z,Onsite,https://www.adzuna.fr/details/5213894372?utm_medium=api&utm_source=25f3af84
FR,Ingénieur PLM F/H,Havana IT & Apps,"Grenoble, Isère",,,,,0,Emplois Informatique,"En tant qu'ingénieur PLM (Teamcenter), vous interviendrez dans la gestion, l’évolution et l’optimisation du système d’information produit. Vos responsabilités incluront notamment : Assurer la maintenance opérationnelle du PLM (Teamcenter) et faire évoluer le modèle de données. Configurer les connecteurs nécessaires à l’intégration du PLM avec les autres briques du système d'information. Analyser les besoins métier et les formaliser sous forme d’analyses fonctionnelles claires et structurées. Pa…",2025-05-24T08:09:22Z,Onsite,https://www.adzuna.fr/details/5213894230?utm_medium=api&utm_source=25f3af84
FR,Expert DBA Oracle F/H,ALTER SOLUTIONS FRANCE,"Paris, Ile-de-France",,,,,0,Emplois Informatique,"Vous intégrerez, au sein de notre Pôle Transformation Numérique, une équipe d’experts en base de données. Vous serez détaché(e) chez un acteur majeur du secteur de l'Assurance dans une équipe d'administration des Bases de Données. Vos missions seront les suivantes Participer à l'administration des bases de données (oracle dataguard, 19,) (sqlserver AO) Analyser la performance et le tuning, troubleshooting Résoudre les incidents Participer aux migrations applicatives et/ou d'infrastructure Veill…",2025-05-24T08:09:22Z,Onsite,https://www.adzuna.fr/details/5213894213?utm_medium=api&utm_source=25f3af84
FR,Alternance - Benchmarks expérience client (NPS) - 24 mois F/H,CARREVOLUTIS,"Paris, Ile-de-France",,,,,0,Emplois Informatique,"Description de l'entreprise Acteur majeur de la scène financière européenne et mondiale, le Groupe BNP Paribas a pour mission de contribuer à une économie responsable et durable en finançant et en conseillant ses clients ! Nous sommes depuis plusieurs années particulièrement attentifs à ce que notre activité ait un impact positif sur le monde qui nous entoure, aussi bien dans notre fonctionnement qu’à travers les produits et solutions innovants en matière de finance durable que nous proposons à…",2025-05-24T08:09:22Z,Onsite,https://www.adzuna.fr/details/5213894250?utm_medium=api&utm_source=25f3af84
FR,Data scientist Lead Fonctionnel & Technique F/H,CARREVOLUTIS,"Poitiers, Vienne",,,,,0,Emplois Informatique,"Description de l'entreprise Manpower, au coeur des activités de ManpowerGroup, est l'un des leaders mondiaux du recrutement temporaire et permanent. Combinant présence internationale et expertise locale, Manpower apporte des réponses adaptées et rapides aux besoins spécifiques de chaque entreprise, en matière de travail intérimaire, de recrutement en CDI/CDD, d'évaluation et de formation. Missions Je recrute pour l'un de mes clients à Poitiers un Lead Data Scientist F/H. En tant que Lead Data S…",2025-05-24T08:09:22Z,Onsite,https://www.adzuna.fr/details/5213894221?utm_medium=api&utm_source=25f3af84
FR,Administrateur système de plateformes de calculs scientifiques et SO F/H,UNIVERSITE PARIS-SACLAY,"Orsay, Palaiseau",32000.0,32000.0,,32000.0,0,Emplois Enseignement,"Le mésocentre de l’Université Paris-Saclay est composé d’une plateforme HPC (RUCHE), d’un cloud (VirtualData), et d’une plateforme de stockage distribuée qui visent à mettre à la disposition des chercheurs·ses et des étudiants·es l’ensemble des ressources nécessaires au calcul scientifique, de la simulation au stockage et au traitement des données expérimentales. Une partie des ressources du mésocentre sont dédiées à l’IA. L’ensemble représente plusieurs milliers de processeurs avec une part de…",2025-05-24T08:09:22Z,Onsite,https://www.adzuna.fr/details/5213894227?utm_medium=api&utm_source=25f3af84
FR,ALT - ASSISTANT DATA ANALYST F/H,CARREVOLUTIS,France,,,,,0,Emplois Informatique,"Description de l'entreprise GENERALI Un groupe mondial Fondé à Trieste et Venise en 1831, Generali est aujourd’hui un Groupe d’assurance indépendant implanté dans 50 pays. 71 millions de clients répartis dans plus de 50 pays ; près de 82 000 collaborateurs ; 95,2 milliards d’euros de chiffre d’affaires. Un acteur majeur en France Nous sommes implantés en France depuis 1832 et nous nous sommes développés dans toutes les branches de l’assurance(auto, habitation, assurance vie, épargne retraite, p…",2025-05-24T08:09:21Z,Onsite,https://www.adzuna.fr/details/5213894172?utm_medium=api&utm_source=25f3af84
FR,Chargé d'affaires TCE F/H,Oteis Conseil Paris,"Bois-Colombes, Nanterre",,,,,0,Emplois Ingénierie,"Recueillir et compiler les besoins des différents demandeurs sur les projets (aménagement d'espaces, réfection d'étanchéité, audits de fin de décenalle, clos et couvert, etc.) Analyser les demandes et rédiger un APS pour s’assurer de la bonne compréhension des objectifs Proposer une enveloppe estimative de travaux Rédiger les DCE comprenant les cahiers des charges tous lots, y compris les études de dimensionnement et les plans Autocad Consulter les entreprises selon les procédures en vigueur ch…",2025-05-24T08:09:21Z,Onsite,https://www.adzuna.fr/details/5213894203?utm_medium=api&utm_source=25f3af84
FR,Chef cheffe de projet IT F/H,EDF,France,41000.0,59000.0,,59000.0,0,Emplois Ingénierie,"Rejoignez la Division Numérique et devenez acteur de la transformation numérique de la Direction du Parc Nucléaire et Thermique d'EDF ! Lancée en janvier 2025, la Division Numérique est responsable de l'ensemble du SI de la production d'électricité nucléaire et thermique. Elle mène un programme innovant visant à moderniser nos outils et processus pour améliorer l'efficacité de 45 000 collaborateurs. En intégrant des technologies de pointe comme le cloud, la data et l'IA, vous participerez à l'o…",2025-05-24T08:09:17Z,Onsite,https://www.adzuna.fr/details/5213894036?utm_medium=api&utm_source=25f3af84
FR,Chargé d'Information Medicale F/H,AMARYLYS,"Paris, Ile-de-France",45000.0,55000.0,,55000.0,0,Emplois Ingénierie,"Amarylys recherche pour l'un de ses clients un.e Chargé.e d'Information Médicale. Vous êtes à la recherche d'une nouvelle aventure professionnelle dans l'industrie pharmaceutique ? Alors, postuler dès maintenant ! Vos principales responsabilités incluront : • Fournir des réponses scientifiques précises, équilibrées et fondées sur les données probantes aux questions des professionnels de santé. • Élaborer et mettre à jour les documents de référence médicaux, formations internes et réponses types…",2025-05-24T08:09:17Z,Onsite,https://www.adzuna.fr/details/5213894043?utm_medium=api&utm_source=25f3af84
FR,Growth Marketing Manager F/H,mylight150,"Villeurbanne, Lyon",40000.0,45000.0,,45000.0,0,Emplois Administration,"Missions Rattaché.e à Anne-Charlotte, Head of Growth, la/le Growth Marketing manager sera un moteur clé de notre croissance. Vous concevrez et exécuterez des stratégies d’acquisition B2B et B2C multicanales pour générer des leads qualifiés, optimiser les conversions et automatiser les processus. En étroite collaboration avec les équipes marketing et sales, vous aurez un impact direct sur la performance et la croissance de l’entreprise. Growth marketing et génération de leads Participer à la déf…",2025-05-24T08:09:16Z,Onsite,https://www.adzuna.fr/details/5213893993?utm_medium=api&utm_source=25f3af84
FR,Architecte solutions F/H,EDF,France,46000.0,56000.0,,56000.0,0,Emplois Ingénierie,"Rejoignez la Division Numérique et devenez actrice/acteur de la transformation numérique de la Direction du Parc Nucléaire et Thermique d'EDF ! Lancée en janvier 2025, la Division Numérique est responsable de l'ensemble du SI de la production d'électricité nucléaire et thermique. Elle mène un programme innovant visant à moderniser nos outils et processus pour améliorer l'efficacité de 45 000 collaborateurs. En intégrant des technologies de pointe comme le cloud, la data et l'IA, vous participer…",2025-05-24T08:09:16Z,Onsite,https://www.adzuna.fr/details/5213893980?utm_medium=api&utm_source=25f3af84
FR,Chef de projet SIRH F/H,Altavia,France,45000.0,45000.0,,45000.0,0,Emplois Informatique,"Votre rôle, vos responsabilités Dans le contexte d’un programme global de transformation incluant de nombreux sujets liés aux systèmes d’information, vous intervenez comme Chef de projet SIRH pour piloter et déployer des outils au service de l’efficacité RH et de l'expérience collaborateur. Vous jouerez un rôle clé dans la coordination entre les équipes RH, IT et les partenaires métiers. Vous serez rattaché(e) à la Direction des Systèmes d’Information, avec un lien fonctionnel et une coordinati…",2025-05-24T08:09:15Z,Onsite,https://www.adzuna.fr/details/5213893929?utm_medium=api&utm_source=25f3af84
FR,Tech Lead QA Senior F/H,AGH Consulting,"Les Lilas, Bobigny",45000.0,65000.0,,65000.0,0,Emplois Ingénierie,"Nous recherchons pour l'un de nos clients un(e) Tech Lead QA afin de participer à la migration de ses systèmes vers un nouvel opérateur pour l'Infogéance de la Production Informatique et la fournitures de services d'infrastructures à la demande. A ce titre, vos principales missions seront les suivantes : •Travailler en étroite collaboration avec les équipes du DOC, Département Operations et Cloud en charge du pilotage du CDS Opérations •Participer à l’analyse des propositions de l’infogérant et…",2025-05-24T08:09:14Z,Onsite,https://www.adzuna.fr/details/5213893864?utm_medium=api&utm_source=25f3af84
FR,Customer success manager F/H,Quantaflow,"Issy-les-Moulineaux, Boulogne-Billancourt",33000.0,42000.0,,42000.0,0,Emplois Fabrication,"Leader de son marché, Quantaflow propose aux centres commerciaux – et autour – de compter et qualifier leurs flux de visiteurs. Ces données et cette expertise les aident à piloter et commercialiser plus efficacement leurs espaces commerciaux (Centre commercial, Centre-ville, Retail Park) en France et à l’international. Une solution permet également de connaître en complément la provenance des clients et de comparer la mixité de fréquentation entre les sites commerciaux et ceux des concurrents. …",2025-05-24T08:09:14Z,Onsite,https://www.adzuna.fr/details/5213893859?utm_medium=api&utm_source=25f3af84
FR,INGENIEUR D’AFFAIRES – CHEFFERIE DE PROJETS GRANDS COMPTES F/H,ISO SECURITE,"Orvault, Nantes",32000.0,32000.0,,32000.0,0,Emplois Informatique,"Nous sommes à la recherche d’un(e) INGENIEUR D’AFFAIRES – CHEFFERIE DE PROJETS GRANDS COMPTES H/F Le poste est basé à Orvault (44), au siège de l’entreprise. Rattaché à notre Direction Commercial, vous serez en charge du développement commercial sur des clients Grands Comptes existants, des études - chiffrages, et de la chefferie de projet sur le déploiement des affaires vendues. Vous interviendrez en lien étroit avec l’Ingénieur Commercial Développeur Grands Comptes, et les Chargés d’Affaires …",2025-05-24T08:09:14Z,Onsite,https://www.adzuna.fr/details/5213893818?utm_medium=api&utm_source=25f3af84
FR,Directeur de projet IA F/H,Caisse Nationale de l'Assurance Maladie,France,45000.0,45000.0,,45000.0,0,Emplois Autres/Général,"Concrètement, vos principales missions : En tant que Directeur de Projet IA, vous pilotez la partie technique de mise en oeuvre des projets IA générative. Vous les pilotez dans toute leur complexité (projets d'envergure, multiplicité des parties prenantes, patrimoine applicatif, êtes garant de la réussite des projets IA jusqu'à l'objectif final de la satisfaction utilisateurs). Pour cela, vous coordonnez les équipes, vous vous assurez du respect des délais et de l'alignement avec la stratégie g…",2025-05-24T08:09:13Z,Onsite,https://www.adzuna.fr/details/5213893805?utm_medium=api&utm_source=25f3af84
FR,Data Analyst F/H,Talents IT,"Paris, Ile-de-France",,,,,0,Emplois Consultants,"ZOOM sur vos missions ! Positionné au coeur de l'organisation, vous jouez un rôle clé dans la structuration des processus métiers à travers la gestion, l'analyse et la valorisation de la donnée opérationnelle. Missions principales : 1. Reporting & Analyse de données : Élaboration et automatisation de tableaux de bord dynamiques pour le pilotage stratégique (ventes, marges, coûts logistiques, transport, etc.). Création d'outils de visualisation adaptés aux pôles commerciaux, financiers, marketin…",2025-05-24T08:08:59Z,Onsite,https://www.adzuna.fr/details/5213893690?utm_medium=api&utm_source=25f3af84
FR,Product Owner - - Strasbourg F/H,Atos,"Strasbourg, Strasbourg-Ville",,,,,0,Emplois Administration,"Le poste en quelques mots : Nous recherchons un(e) Product Owner IT capable de cadrer des besoins métier, prioriser les évolutions et piloter la livraison de solutions digitales à forte valeur ajoutée. Ce que vous allez faire si vous nous rejoignez : Recueillir et formaliser les besoins métiers Rédiger les user stories et maintenir le backlog produit Prioriser les fonctionnalités en lien avec les parties prenantes Collaborer étroitement avec l’équipe de développement pour garantir une bonne com…",2025-05-24T08:08:59Z,Onsite,https://www.adzuna.fr/details/5213893647?utm_medium=api&utm_source=25f3af84
FR,AMOA / Testeur F/H,KSCONSULTING,"Paris, Ile-de-France",,,,,0,Emplois Informatique,"Dans le cadre du développement de notre entreprise, nous recherchons des Test Analyst/QA F/H. Vous serez en charge de: Participer à la stratégie de tests et à l’analyse des processus fonctionnels et techniques. Conception et documentation des plans de tests. Exécution manuelle ou lancement des campagnes de tests automatisés, suivi et traçabilité des procédures de tests fonctionnels et techniques. Coordonner la réalisation des tests et le reporting des anomalies. Réalisations des tests d’API. Pa…",2025-05-24T08:08:58Z,Onsite,https://www.adzuna.fr/details/5213893631?utm_medium=api&utm_source=25f3af84
FR,Intégrateur d'Applications/Solutions (Nancy) F/H,Twenty One Talents,"Nancy, Meurthe-et-Moselle",,,,,0,Emplois Informatique,"Dans le cadre d'une équipe animée par un responsable de domaine, vous effectuerez l'accrochage technique avec de nouveaux établissements et vous mettrez en place les transferts de fichiers (environnements de recette et production, suivi des traitements, gestion des incidents, etc ….), et assurer la suivi en mode projet, en collaboration avec de chef de projet dédié. Les missions seront les suivantes : -Prendre contact avec les établissements -Réaliser les accrochages entre le data Center et ces…",2025-05-24T08:08:57Z,Onsite,https://www.adzuna.fr/details/5213893545?utm_medium=api&utm_source=25f3af84
FR,Apprenti(e) - Ordonnancement production Documentation et Formation F/H,Dassault Aviation,"Mérignac, Bordeaux",,,,,0,Emplois Consultants,"Au sein de la Direction de l’Ingénierie du Soutien (DIS), le département de la Documentation et de l'Instruction de Maintenance (DIM) a pour mission l’élaboration de la documentation technique de maintenance et des contenus pédagogiques. La documentation technique et la formation sont des enjeux cruciaux afin de maintenir les avions et les compétences. Dassault-Aviation s'attache à développer, en permanence, de nouvelles solutions et technologies dans ces domaines. Vous rejoignez une équipe dyn…",2025-05-24T08:08:57Z,Onsite,https://www.adzuna.fr/details/5213893534?utm_medium=api&utm_source=25f3af84
FR,Architecte Big Data F/H,CARREVOLUTIS,"Le Mans, Sarthe",,,,,0,Emplois Informatique,"Description de l'entreprise Le groupe SII est une société d’ingénierie et de conseil en technologies (ICT) et une entreprise de services numériques (ESN) créée en 1979 par Bernard HUVÉ, ingénieur de formation. Le groupe SII fait travailler plus de 16 000 personnes dans 20 pays au travers de 100 implantations de proximité et recrute chaque année en moyenne plus de 4 000 consultants et ingénieurs qui agissent au quotidien pour intégrer et développer de nouvelles technologies et faire évoluer les …",2025-05-24T08:08:56Z,Onsite,https://www.adzuna.fr/details/5213893448?utm_medium=api&utm_source=25f3af84
FR,Consultant OPENSHIFT F/H,AS International Group,"Paris, Ile-de-France",,,,,0,Emplois Administration,"Dans le cadre de l’évolution de nos plateformes d’hébergement, nous recherchons un Consultant OpenShift pour intégrer une équipe technique en charge de l’administration et de l’optimisation d’une infrastructure OpenShift en pleine expansion. Vos missions principales seront : L’ administration quotidienne des plateformes OpenShift . Le Maintien en Conditions Opérationnelles (MCO) des environnements. La gestion des incidents de niveau 2 et 3. L’apport de conseil et d’expertise technique sur les s…",2025-05-24T08:08:56Z,Onsite,https://www.adzuna.fr/details/5213893426?utm_medium=api&utm_source=25f3af84
FR,Ingénieur Transformation Digitale Industrielle F/H,CTS Corporate,"Bergerac, Dordogne",,,,,0,Emplois Ingénierie,"Nous recrutons pour l'un de nos grands comptes dans le domaine de la défense sur la région de la Dordogne (24), un Ingénieur Transformation Digitale Industrielle (H/F). Vous intégrerez une équipe projet pour accompagner notre partenaire sur la transition numérique des processus industriels de l'entreprise. Ce poste nécessite une habilitation de sécurité ou nécessite d'être éligible à une habilitation par les autorités reconnues. Missions : - Analyse des processus : Évaluer la maturité digitale …",2025-05-24T08:08:56Z,Onsite,https://www.adzuna.fr/details/5213893441?utm_medium=api&utm_source=25f3af84
FR,Architecte Big Data F/H,CARREVOLUTIS,"Le Mans, Sarthe",,,,,0,Emplois Informatique,"Description de l'entreprise Le groupe SII est une société d’ingénierie et de conseil en technologies (ICT) et une entreprise de services numériques (ESN) créée en 1979 par Bernard HUVÉ, ingénieur de formation. Le groupe SII fait travailler plus de 16 000 personnes dans 20 pays au travers de 100 implantations de proximité et recrute chaque année en moyenne plus de 4 000 consultants et ingénieurs qui agissent au quotidien pour intégrer et développer de nouvelles technologies et faire évoluer les …",2025-05-24T08:08:56Z,Onsite,https://www.adzuna.fr/details/5213893437?utm_medium=api&utm_source=25f3af84
FR,Juriste Contrats et droit du numérique F/H,TESSI SERVICES,"Grenoble, Isère",,,,,0,Emplois Administration,"Rattaché(e) à la Direction juridique du Groupe Tessi composée d'une vingtaine de juristes et au sein du pôle Droit Commercial France, vous accompagnez les équipes opérationnelles de nos filiales françaises dans la contractualisation de leurs opportunités en leur proposant des solutions permettant de structurer les transactions de la manière la plus avantageuse du point de vue juridique et commercial. Vous travaillez dans un environnement d'innovation technologique et de digitalisation des proce…",2025-05-24T08:08:56Z,Onsite,https://www.adzuna.fr/details/5213893498?utm_medium=api&utm_source=25f3af84
FR,Expert Data Management & Modélisation F/H,Twenty One Talents,"Paris, Ile-de-France",,,,,0,Emplois Informatique,"En tant que Expert Data Management & Modélisation , vous jouerez un rôle clé dans la gestion et la modélisation des données pour soutenir la transformation digitale de notre entreprise. Vous serez directement intégré(e) au sein du département Data et Analytics. Vos principales responsabilités seront : • Concevoir et implémenter des modèles de données robustes et performants. • Assurer la qualité, la gouvernance et la conformité des données. • Collaborer avec les équipes techniques et métiers po…",2025-05-24T08:08:54Z,Onsite,https://www.adzuna.fr/details/5213893355?utm_medium=api&utm_source=25f3af84
FR,Architecte Dynamics 365 F/H,Twenty One Talents,"Paris, Ile-de-France",,,,,0,Emplois Informatique,"Rejoindre un dispositif projet de migration de Salesforce vers Microsoft Dynamics 365, initié en août 2024, avec un build prévu jusqu’en novembre 2025 et un go-live en janvier 2026. La phase d’intégration, entamée en janvier 2025. Un renfort est attendu sur les sujets d’architecture technique afin de sécuriser le projet et garantir la cohérence globale sur les 11 projets et le core model. Description du projet - Migration CRM de Salesforce vers Microsoft Dynamics 365 Sales & Service - Utilisati…",2025-05-24T08:08:54Z,Onsite,https://www.adzuna.fr/details/5213893361?utm_medium=api&utm_source=25f3af84
FR,INGENIEUR D'AFFAIRES CHEZ INTEGRATEUR F/H,STUDIO RH,"Lille-Nord, Lille",,,,,0,Emplois Industrie et Construction,"Pour le compte de notre client, Intégrateur et distributeur de solutions Data (ETL, outils de dataviz), parmi les leaders de son marché et reconnu pour ses valeurs de sérieux et convivialité, situé sur la Métropole Lilloise, nous recherchons : Un Ingénieur Commercial H/F Chargé de la commercialisation de l'offre logicielle Data à destination des PME, ETI et grands comptes (retail, industrie, automobile etc.) sur un territoire allant de Lille à Paris, et en binôme avec un Ingénieur Commercial Se…",2025-05-24T08:08:54Z,Onsite,https://www.adzuna.fr/details/5213893330?utm_medium=api&utm_source=25f3af84
FR,Business Analyst / AMOA F/H,KAPA IT,"Marseille, Bouches-du-Rhône",,,,,0,Emplois Informatique,"En tant que Business Analyst , vous serez l’interface entre les équipes métiers et les équipes techniques. Votre mission principale sera de comprendre les enjeux opérationnels, d’analyser les besoins fonctionnels et de participer à la mise en œuvre de solutions performantes et adaptées. ✅ Vos responsabilités : Recueillir, analyser et formaliser les besoins métiers. Rédiger les cahiers des charges, user stories ou spécifications fonctionnelles. Contribuer à la définition des processus cibles et …",2025-05-24T08:08:53Z,Onsite,https://www.adzuna.fr/details/5213893291?utm_medium=api&utm_source=25f3af84
FR,Angular Front-End Engineer F/H,CARREVOLUTIS,"Montpellier, Hérault",,,,,0,Emplois Informatique,"Description de l'entreprise Le groupe SII est une société d’ingénierie et de conseil en technologies (ICT) et une entreprise de services numériques (ESN) créée en 1979 par Bernard HUVÉ, ingénieur de formation. Le groupe SII fait travailler plus de 16 000 personnes dans 20 pays au travers de 100 implantations de proximité et recrute chaque année en moyenne plus de 4 000 consultants et ingénieurs qui agissent au quotidien pour intégrer et développer de nouvelles technologies et faire évoluer les …",2025-05-24T08:08:53Z,Onsite,https://www.adzuna.fr/details/5213893319?utm_medium=api&utm_source=25f3af84
FR,Test Engineer - Confirmé F/H,ALTER SOLUTIONS FRANCE,"Paris, Ile-de-France",,,,,0,Emplois Informatique,"Vous intégrerez, au sein de notre Pôle Transformation Numérique, une équipe d’experts en Tests en charge d’accompagner nos clients. Vous serez détaché(e) chez un acteur majeur du secteur de l'Assurance dans une équipe Test sur des sujets de signature électronique. Vous participerez à la conception, la mise en place, l'exécution et la maintenance des tests batch, IHM et WS. Les tests s'effectuent sur PC et tablette. Vos missions seront les suivantes : Revue des user Story (US) avec le PO et les …",2025-05-24T08:08:53Z,Onsite,https://www.adzuna.fr/details/5213893288?utm_medium=api&utm_source=25f3af84
FR,Alternance - Ingénieur Systèmes et Réseaux - Lille F/H,CAPGEMINI TECHNOLOGY SERVICES,"Lille-Nord, Lille",,,,,0,Emplois Ingénierie,"Vos missions En tant que consultant(e) systèmes et réseaux, vos responsabilités principales seront les suivantes : Participer aux projets de refresh des infrastructures, Participer au déploiement de nouvelles solutions technologiques (SD-LAN, SD-WAN, Automation, Move to Cloud…), Participer à la conception d’architecture d’un réseau d’entreprise, de solution technique et en assurer le déploiement avec les équipes puis la transition en Run, Assurer le MCO des infrastructure réseau (Wireless, Imme…",2025-05-24T08:08:53Z,Onsite,https://www.adzuna.fr/details/5213893287?utm_medium=api&utm_source=25f3af84
FR,GESTIONNAIRE DE PAIE F/H,Endrix,"Gleizé, Villefranche-sur-Saône",20000.0,20000.0,,20000.0,0,Emplois Consultants,"Comment savoir si ce poste est fait pour vous ? Vous possédez une expérience d'environ 2 ans ou plus en cabinet comptable, stage et alternance incluse Vous aimez travailler en équipe Vos points forts pour réussir votre intégration chez Endrix ? Votre capacité à soigner la relation clients, votre gestion des deadlines et votre maitrise des outils informatiques Rejoindre Endrix c'est bénéficier d'un environnement de travail stimulant et de nombreux avantages ! Gardez un équilibre vie pro / vie pe…",2025-05-24T08:08:41Z,Onsite,https://www.adzuna.fr/details/5213893155?utm_medium=api&utm_source=25f3af84
FR,Administrateur Système - Bilingue Anglais F/H,Talents IT,"Roissy-en-Brie, Torcy",,,,,0,Emplois Consultants,"Talents IT est un cabinet de recrutement national spécialisé dans les MÉTIERS DE L'IT ET DU DIGITAL, NOUS VOUS PROPOSONS RÉGULIÈREMENT DES OFFRES D'EMPLOI DANS CES DOMAINES : DÉVELOPPEMENT, SÉCURITÉ, INFRASTRUCTURE, R&D, DATA, PROJET, PRODUIT Nos consultants expérimentés vous offrent un ACCOMPAGNEMENT PERSONNALISÉ et des conseils avisés pour vous aider à évoluer dans votre carrière. ZOOM SUR VOS MISSIONS ! Vous serez un interlocuteur privilégié dans un contexte anglophone. Vous aurez notamment …",2025-05-24T08:08:33Z,Onsite,https://www.adzuna.fr/details/5213893098?utm_medium=api&utm_source=25f3af84
FR,Business Intelligence MicroStrategy F/H,KSCONSULTING,"Paris, Ile-de-France",,,,,0,Emplois Informatique,"Dans le cadre du développement de notre entreprise, nous recherchons des consultants BI. En tant que Consultant(e) BI, vous participerez activement à la mise en place de solutions de Business Intelligence adaptées aux besoins de nos clients. Vos responsabilités incluront : - Recueillir et analyser les besoins métier en étroite collaboration avec les clients. - Concevoir et modéliser des entrepôts de données (data warehouses) performants. - Développer et optimiser les rapports et tableaux de bor…",2025-05-24T08:08:32Z,Onsite,https://www.adzuna.fr/details/5213892980?utm_medium=api&utm_source=25f3af84
FR,Développeuse / Développeur fullstack Java/Angular - Paris F/H,CAPGEMINI TECHNOLOGY SERVICES,"Issy-les-Moulineaux, Boulogne-Billancourt",,,,,0,Emplois Informatique,"Vos missions : En tant que développeuse / développeur sénior fullstack pour nos clients du secteur financier (banques/assurances/mutuelles), vos responsabilités principales seront les suivantes : Analyser l’existant avec les équipes métiers Définir des spécifications fonctionnelles/techniques et designer les nouveaux écrans Développer de nouvelles fonctionnalités Full Stack (Java, Spring, Angular…) Proposer des améliorations sur la performance, l’ergonomie et les évolutions possibles Concevoir …",2025-05-24T08:08:32Z,Onsite,https://www.adzuna.fr/details/5213892989?utm_medium=api&utm_source=25f3af84
FR,Analyste SOC Windows/Linux – Splunk & HarfangLab F/H,AGH Consulting,"Massy, Palaiseau",,,,,0,Emplois Ingénierie,"Responsabilités principales Surveiller, détecter et analyser les alertes de sécurité via Splunk, HarfangLab et XSOAR Gérer les incidents (investigation, escalade, post-mortem) Administrer et maintenir les serveurs Windows et Linux (patching, hardening) Configurer et maintenir les règles de firewall via Algosec Automatiser les workflows de détection et réponse (scripts, playbooks) Documenter les procédures et former les équipes Contribuer à l’amélioration continue des processus SOC Profil recher…",2025-05-24T08:08:32Z,Onsite,https://www.adzuna.fr/details/5213893057?utm_medium=api&utm_source=25f3af84
FR,Ingénieur data F/H,LEGALLAIS,"Caen, Calvados",,,,,0,Emplois Vente,Rejoins-nous chez Legallais en tant qu'Ingénieur(e) Data ! Tu veux participer à une stratégie data ambitieuse et être au coeur des projets de demain ? Legallais recrute son/sa prochain(e) Ingénieur(e) Data pour rejoindre notre équipe de 4 experts (1 Responsable Data et 3 Ingénieurs Data). La Data est omniprésente chez nous. Elle guide nos prises de décisions et façonne notre stratégie. Ton rôle? Aider Legallais à mieux comprendre les besoins et attentes de nos clients grâce à des solutions tech…,2025-05-24T08:08:32Z,Onsite,https://www.adzuna.fr/details/5213892982?utm_medium=api&utm_source=25f3af84
FR,Développeur Java full stack / Tech lead - F/H,Atos,"Strasbourg, Strasbourg-Ville",,,,,0,Emplois Administration,"Le poste en quelques mots Rejoignez notre équipe dynamique en tant qu'Expert.e Développement Java et participez à des projets innovants pour des clients prestigieux dans des secteurs variés : énergie, finance, institutions européennes et secteur public . Vous serez au cœur de la transformation numérique, en concevant et en déployant des solutions logicielles de pointe avec des technologies modernes comme Spring, JEE, J2EE, Quarkus et Angular . Ce que vous allez faire si vous nous rejoignez En t…",2025-05-24T08:08:32Z,Onsite,https://www.adzuna.fr/details/5213893008?utm_medium=api&utm_source=25f3af84
FR,Security SOC Engineer F/H,AGH Consulting,"Paris, Ile-de-France",,,,,0,Emplois Ingénierie,"Intégré au sein de l’équipe sécurité, vous serez responsable de l’administration des outils Splunk SIEM et Rapid7 InsightVM. Vous participerez aux activités courantes du SOC et contribuerez à l’amélioration continue de la sécurité opérationnelle via l’automatisation et l’optimisation des processus. Responsabilités : • Configurer, maintenir et faire évoluer les infrastructures Splunk et Rapid7 • Gérer les périmètres de collecte et de scan, les alertes et les rapports • Coordonner les campagnes d…",2025-05-24T08:08:32Z,Onsite,https://www.adzuna.fr/details/5213892991?utm_medium=api&utm_source=25f3af84
FR,INGENIEUR COMMERCIAL GRANDS COMPTES RENNES F/H,ISO SECURITE,"Rennes, Ille-et-Vilaine",32000.0,32000.0,,32000.0,0,Emplois Informatique,"Nous sommes à la recherche d’un(e) INGENIEUR COMMERCIAL GRANDS COMPTES RENNES Le poste est basé à Rennes, où nous ouvrons de nouveaux bureaux pour apporter encore plus de proximité à nos clients déjà existants et à nos prospects, et il est rattaché au siège de l’entreprise à Orvault (44). Rattaché à notre Directeur Commercial basé au siège, vous réaliserez vos missions en lien étroit avec un ingénieur études avant-vente, qui vous assistera dans les missions de chiffrage et de réalisation de doc…",2025-05-24T08:08:31Z,Onsite,https://www.adzuna.fr/details/5213892908?utm_medium=api&utm_source=25f3af84
FR,Chargé(e) des services généraux F/H,VUSIONGROUP,"Nanterre, Hauts-de-Seine",,,,,0,Emplois Fabrication,"We build. We create impact. 1. Gestion des services généraux Suivi et gestion des fournitures de bureau (commandes, stocks, distribution). Organisation et gestion des événements internes (One Boarding, CEO Update, We Dessert, We Lunch, Kids Days, etc.). Gestion et suivi des équipements et infrastructures (photocopieurs, distributeurs, mobilier, etc.). Coordination avec les prestataires pour la maintenance (électricité, plomberie, climatisation, sécurité). Installation et préparation des salles …",2025-05-24T08:08:31Z,Onsite,https://www.adzuna.fr/details/5213892891?utm_medium=api&utm_source=25f3af84
FR,Consultant Expérimenté Hybride Power BI / Audit de Code CAST F/H,Twenty One Talents,"Paris, Ile-de-France",,,,,0,Emplois Informatique,"La Direction Architecture renforce son équipe Data. Cette entité est en charge des sujets structurants autour de l’architecture data, de la gouvernance et de la qualité des référentiels. Un dispositif transverse de pilotage (""Tour de contrôle"") est en cours de structuration pour centraliser les indicateurs clés liés à la gouvernance du SI. Les axes de travail actuels incluent : • Gouvernance API (gestion des versions, déploiement, documentation, bonnes pratiques) • Gouvernance Data IT (cartogra…",2025-05-24T08:08:31Z,Onsite,https://www.adzuna.fr/details/5213892883?utm_medium=api&utm_source=25f3af84
FR,Chargé data et études F/H,AXEREAL SCA,"Olivet, Orléans",,,,,0,Emplois Fabrication,"Nous recherchons un Chargé data & études h/f, poste à pourvoir en CDI au siège à Olivet. Rattaché au Responsable offre commercial, vous êtes garant de l'accompagnement du pilotage commercial à l'aide de nos outils, d'assurer la veille concurrentielle digitale et terrain et de contribuer à la satisfaction agriculteur à travers une mesure de la satisfaction et un suivi globale auprès des parties prenantes. Vos missions principales : Construire et maintenir les outils de pilotage commerciaux pour …",2025-05-24T08:08:31Z,Onsite,https://www.adzuna.fr/details/5213892922?utm_medium=api&utm_source=25f3af84
FR,Data analyste F/H,AGENCE D'URBANISME ATLANTIQUE & PYRENEES,"Pau, Pyrénées-Atlantiques",,,,,0,Emplois Création et Design,"Acteur de l’analyse territoriale : Vous serez en charge de l’analyse et de la qualification des données : vous savez résoudre au quotidien les questionnements des chargés d’études thématiques (urbanistes, économistes, …) de l’AUDAP et vous apportez les réponses techniques liées à votre métier : Analyse et qualification des données territoriales « classiques » et nouvelles (BigData, flux, données non structurées…), Elaboration de méthodes et production d’analyses statistiques, Mise à disposition…",2025-05-24T08:08:30Z,Onsite,https://www.adzuna.fr/details/5213892803?utm_medium=api&utm_source=25f3af84
FR,Data Analyst Aéronautique F/H,CRIT VITROLLES AERO,"Marignane, Istres",,,,,0,Emplois Comptabilité et Finance,"Clara, Alexandra et Françoise, votre équipe en vol vous embarque pour ce recrutement pour notre client Airbus Helicopters. Nous nous engageons pour un long voyage, Crit Aéro recrute en CDII et en mission de Travail Temporaire. On vous dit tout  Faisons escale sur votre plan de vol et les attentes du poste : - Assurer que la configuration production est conforme à la configuration du bureau d'études : -Effectuer le suivi e des modifications : - Construction et maintien des grilles (configuration…",2025-05-24T08:08:30Z,Onsite,https://www.adzuna.fr/details/5213892752?utm_medium=api&utm_source=25f3af84
FR,Methodiste Maintenance F/H,DIAM FRANCE,"Céret, Pyrénées-Orientales",26000.0,30000.0,,30000.0,0,Unknown,"Missions : En tant que Méthodiste Maintenance, rattaché au Responsable Maintenance, vous serez responsable de : · Définir et d’optimiser les actions de maintenance préventive nécessaires et de leur fréquence. · Définir et d’optimisation les pièces de rechange nécessaires et de leur gestion en lien avec le magasin. · Procéder à une analyse technique des demandes d’intervention de la part de l'atelier. ·Responsabilité du fonctionnement (système) et de l’exploitation de la GMAO – Data / procédures…",2025-05-24T08:08:30Z,Onsite,https://www.adzuna.fr/details/5213892834?utm_medium=api&utm_source=25f3af84
FR,Chef de projet digital F/H,VML,"Levallois-Perret, Nanterre",,,,,0,Emplois Comptabilité et Finance,"VML FRANCE développe une Digital factory afin de structurer un département en capacité d’accompagner les marques de technologie dans la création d’expériences digitales uniques et industrialisées. Nous concevons la totalité des campagnes digitales 360° de notre client leader dans le secteur de l’énergie. VOTRE PROFIL Issu(e) d’une formation Bac 4/5 minimum en école supérieure de communication ou de marketing, avec une première expérience réussie dans un poste en marketing, en gestion de projet …",2025-05-24T08:08:30Z,Onsite,https://www.adzuna.fr/details/5213892812?utm_medium=api&utm_source=25f3af84
FR,Chargé de marketing et communication (réf. 35781) F/H,SORBONNE UNIVERSITE,"Paris, Ile-de-France",28000.0,28000.0,,28000.0,0,Emplois Enseignement,"Fonctions : Chargé(e) de mission Marketing et communication Emploi-type : Chargé(e) de mission Marketing et communication Catégorie : A Corps : Ingénieur d’études BAP : F CDD de 3 ans. Mission principale : Le/la chargé(e) de mission Marketing et communication élabore et déploie la stratégie marketing, communication et événementielle visant à développer et consolider le réseau alumni de SU, renforcer le sentiment d’appartenance et l’engagement des diplômés, sensibiliser les étudiant-es, valorise…",2025-05-24T08:08:30Z,Onsite,https://www.adzuna.fr/details/5213892780?utm_medium=api&utm_source=25f3af84
FR,Business Analyst / AMOA F/H,KAPA IT,"Bordeaux, Gironde",,,,,0,Emplois Informatique,"En tant que Business Analyst , vous serez l’interface entre les équipes métiers et les équipes techniques. Votre mission principale sera de comprendre les enjeux opérationnels, d’analyser les besoins fonctionnels et de participer à la mise en œuvre de solutions performantes et adaptées. ✅ Vos responsabilités : Recueillir, analyser et formaliser les besoins métiers. Rédiger les cahiers des charges, user stories ou spécifications fonctionnelles. Contribuer à la définition des processus cibles et …",2025-05-24T08:08:29Z,Onsite,https://www.adzuna.fr/details/5213892743?utm_medium=api&utm_source=25f3af84
FR,Chargé d'affaires CVC F/H,Oteis Conseil Paris,"Bois-Colombes, Nanterre",,,,,0,Emplois Ingénierie,"Assurer l’assistance à la maîtrise d’ouvrage pour la réalisation d’ audits techniques d’installations découlant sur des propositions de solutions d’amélioration Réaliser les études, dimensionnements, plans Autocad, rédaction des CCTP, DPGF, études de faisabilité Assurer des missions de maîtrise d’œuvre de travaux (de la réalisation de l’APS à la réception des travaux) dans les domaines du chauffage, ventilation, climatisation et performance énergétique principalement mais également en TCE Coord…",2025-05-24T08:08:29Z,Onsite,https://www.adzuna.fr/details/5213892742?utm_medium=api&utm_source=25f3af84
FR,INGENIEUR COMMERCIAL GRANDS COMPTES F/H,ISO SECURITE,"Orvault, Nantes",32000.0,32000.0,,32000.0,0,Emplois Informatique,"Nous sommes à la recherche d’un(e) INGENIEUR COMMERCIAL GRANDS COMPTES Le poste est basé à Orvault (44), au siège de l’entreprise. Rattaché à notre Directeur Commercial, vous réaliserez vos missions en lien étroit avec un ingénieur études avant-vente, qui vous assistera dans les missions de chiffrage et de réalisation de documents supports à la vente (plans d’implantations des équipements, annexes avec les spécificités fonctionnelles de la solution ) . Développement commercial sur le parc clien…",2025-05-24T08:08:29Z,Onsite,https://www.adzuna.fr/details/5213892699?utm_medium=api&utm_source=25f3af84
FR,Directeur du Back-office F/H,Twenty One Talents,"Paris, Ile-de-France",,,,,0,Emplois Informatique,"Contexte / Problématique : Au sein de la Direction Organisation et Systèmes d’Information (DOSI), la Direction des SI Assurance de personne, a charge la responsabilité des applications et des projets Métier. Elle est constituée de 5 directions fonctionnelles : Relation Client Digitale, Fonctions Corporate, Data, Back-office Collectif, Individuel & Mutuelle. La Direction Relation Client Digitale est constituée de 32 personnes internet et 14 externes, réparties selon les pôles suivants : > Entrep…",2025-05-24T08:08:28Z,Onsite,https://www.adzuna.fr/details/5213892677?utm_medium=api&utm_source=25f3af84
FR,Chef de projet Technique - Impléentation Azure Data Factory F/H,Twenty One Talents,"Paris, Ile-de-France",,,,,0,Emplois Informatique,"Contexte du poste Dans le cadre d'un grand projet de remplacement de l’outil cœur de métier, notre client souhaite fiabiliser/monitorer ses différentes interfaces et améliorer sa gouvernance des données. Ainsi notre client lance un projet d'implémentation d'une solution Azure Data Factory dont l'objectif principal est de permettre l'interconnexion des systèmes existants (Salesforce, outils internes, CEGID, etc…) et des nouvelles solutions à venir (outil de Billing, IA, etc.), en assurant l’auto…",2025-05-24T08:08:28Z,Onsite,https://www.adzuna.fr/details/5213892673?utm_medium=api&utm_source=25f3af84
FR,ALT - DATA SCIENTIST - F/H,CARREVOLUTIS,France,,,,,0,Emplois Informatique,"Description de l'entreprise GENERALI Un groupe mondial Fondé à Trieste et Venise en 1831, Generali est aujourd’hui un Groupe d’assurance indépendant implanté dans 50 pays. 71 millions de clients répartis dans plus de 50 pays ; près de 82 000 collaborateurs ; 95,2 milliards d’euros de chiffre d’affaires. Un acteur majeur en France Nous sommes implantés en France depuis 1832 et nous nous sommes développés dans toutes les branches de l’assurance(auto, habitation, assurance vie, épargne retraite, p…",2025-05-24T08:07:54Z,Onsite,https://www.adzuna.fr/details/5213891873?utm_medium=api&utm_source=25f3af84
FR,Projeteur électricité Aix F/H,Fed Construction,"Allauch, Marseille",35000.0,40000.0,,40000.0,0,Emplois Industrie et Construction,"Je suis Marc-Antoine Delobel, Manager au sein du cabinet de recrutement Fed Construction et je recherche pour mon client, un Projeteur Electricité H/F. Mon client est une société intervenant sur des projets en bâtiment essentiellement tertiaires mais aussi salles blanches, data centers, agroalimentaire… Vous intégrerez une équipe animée par la technicité, la passion pour les projets complexes et qui a su instaurer un bon état d'esprit au sein de l'équipe. Vos missions principales seront les sui…",2025-05-24T08:07:51Z,Onsite,https://www.adzuna.fr/details/5213891684?utm_medium=api&utm_source=25f3af84
FR,Ingénieur études et développement .NET F/H,Coexya,France,35000.0,40000.0,,40000.0,0,Emplois Informatique,"CONTEXTE Pour accompagner la croissance de notre Business Unit Data Intelligence et Analytics nous recherchons un ingénieur études et développement .NET F/H. Ce centre d'excellence, basé à Lyon, compte une cinquantaine de personnes et est spécialisé dans les quatre domaines suivants : - Web et Mobile - Intégration - Data et Analytics - IoT et industrie 4.0 Par exemple, nos équipes travaillent sur une solution globale et autonome dédiée à la gestion des activités de centres de loisirs familiaux …",2025-05-24T08:07:45Z,Onsite,https://www.adzuna.fr/details/5213891366?utm_medium=api&utm_source=25f3af84
FR,Data Engineer - F/H,RATP,"Paris, Ile-de-France",35000.0,35000.0,,35000.0,0,Emplois RH et Recrutement,"Votre principal rôle sera de : Concevoir, réaliser, superviser, optimiser et maintenir les pipelines d'ingestions des données nécessaires aux applications data et IA métier dans la Plateforme Data Groupe. L'ensemble des pipelines de données sont exécutées dans Databricks. Assurer la performance des fonctionnalités et outillages développés dans la plateforme, aux côtés des DevOps du socle : mettre en place ou améliorer la supervision, contrôler leur qualité, réaliser des correctifs et des évolut…",2025-05-24T08:07:43Z,Onsite,https://www.adzuna.fr/details/5213891259?utm_medium=api&utm_source=25f3af84
FR,Développeur X Objet F/H,Hays France,"Allauch, Marseille",40000.0,45000.0,,45000.0,0,Emplois Comptabilité et Finance,"En tant que Développeur, vous intervenez au sein du siège à proximité d'Aix-en-Provence (13), dans des locaux flambant neufs et vous bénéficiez d'un jour de télétravail par semaine. Vous intégrez une équipe de 3 développeurs et êtes amené à collaborer avec des PO / DATA. L'essentiel : Vous réalisez des développements de la Power Platform en lien avec les évolutions de l'ERP Microsoft Dynamics 365. Vous veillez au respect des exigences et des règles de sécurité / d'accès à l'ERP. Vos missions so…",2025-05-24T08:04:42Z,Onsite,https://www.adzuna.fr/details/5213888244?utm_medium=api&utm_source=25f3af84
FR,Business Analyst F/H,Visian,"Courbevoie, Nanterre",35000.0,48000.0,,48000.0,0,Emplois Informatique,"Visian , cabinet de conseil spécialisé en data et innovation, accompagne depuis plus de 7 ans de grands comptes dans leur transformation numérique. Passionnés de data, nous intervenons sur des projets à fort impact mêlant expertise technique et vision stratégique. Dans le cadre de notre développement, nous recherchons un·e Business Analyst IT confirmé pour intervenir chez l’un de nos clients grands comptes. Vous interviendrez en lien direct avec les équipes métiers et IT, en jouant un rôle cent…",2025-05-24T08:04:42Z,Onsite,https://www.adzuna.fr/details/5213888285?utm_medium=api&utm_source=25f3af84
FR,Ingénieur QA Robot Framework CDI F/H,avisto,"Vallauris-Antibes-Ouest, Grasse",40000.0,50000.0,,50000.0,0,Emplois Informatique,"Dans le cadre du renforcement de nos équipes, nous recherchons un(e) QA Engineer spécialisé(e) en Robot Framework. Vous intégrerez une équipe dynamique et anglophone où vous participerez activement à la garantie de la qualité et de la robustesse des solutions logicielles. Votre expertise en tests automatisés et votre capacité à collaborer avec les développeurs seront essentielles pour assurer la performance et la fiabilité des produits. Vos missions : Concevoir, développer et maintenir des scri…",2025-05-24T08:04:41Z,Onsite,https://www.adzuna.fr/details/5213888191?utm_medium=api&utm_source=25f3af84
FR,Business Analyst Data – MSBI / Power BI F/H,Hexateam,"Paris, Ile-de-France",42000.0,54000.0,,54000.0,0,Emplois Informatique,"Contexte du poste Dans le cadre de nos projets Data & BI pour de grands comptes, nous recherchons un(e) Business Analyst Data confirmé(e) pour intervenir sur un projet stratégique basé sur les technologies Microsoft BI (SSIS, SSAS, SSRS) et Power BI (on-premise) . Vos missions En collaboration avec les équipes Data et les métiers, vous serez en charge de : Recueillir et analyser les besoins fonctionnels auprès des utilisateurs Rédiger les spécifications fonctionnelles détaillées Participer à la…",2025-05-24T08:04:41Z,Onsite,https://www.adzuna.fr/details/5213888205?utm_medium=api&utm_source=25f3af84
FR,CONSULTANT METHODE F/H,ICE-TECH,"Montigny-le-Bretonneux, Versailles",30000.0,40000.0,,40000.0,0,Emplois Ingénierie,Vous êtes passionné par la rédaction technique et les processus de fabrication aéronautique ? Nous recherchons un Technicien / Ingénieur Méthodes pour renforcer notre équipe et participer à la création et à la traduction de documents de production. Missions : Rédaction et traduction de documents de production (STL) Création de Data Packs Consultation et modélisation de pièces sur Catia Participation aux process de fabrication aéronautique Collaboration avec les équipes de production pour optimi…,2025-05-24T08:04:38Z,Onsite,https://www.adzuna.fr/details/5213888070?utm_medium=api&utm_source=25f3af84
FR,Business analyst IA RAG,Proxiad,"Ille-et-Vilaine, Bretagne",,,,,0,Emplois Comptabilité et Finance,"Depuis plus de 25 ans, Proxiad a forgé son expertise en innovation au service de la transformation digitale de ses clients. La solidité de notre méthodologie, accumulée au fil des années, nous a permis d'accompagner nos clients à travers l'ensemble du cycle de vie de leurs projets. Descriptif de l'opportunité : Nous sommes actuellement en quête d'un(e) Business Analyst IA & RAG (H/F) pour contribuer au développement et au déploiement d'une plateforme de recherche documentaire augmentée par l'IA…",2025-05-24T07:55:50Z,Onsite,https://www.adzuna.fr/details/5213879031?utm_medium=api&utm_source=25f3af84
FR,Gestionnaire Administratif H/F,APHP,"Paris, Ile-de-France",,,,,0,Unknown,"MétierEmployé - Agent administratif Intitulé du postegestionnaire administratif F/H Type de contratTitulaire ou CDD Rémunérationselon profil TélétravailOui Présentation du service La structure de recherche clinique APHP Centre Université Paris Cité est une structure mutualisée dédiée à la recherche clinique et à l'innovation dans les soins : - Unité de Recherche Clinique pour l'aide à la promotion, l'aide méthodologique et l'accès aux big data - Centre d'Investigation Clinique pour l'aide à l'i…",2025-05-24T07:25:55Z,Onsite,https://www.adzuna.fr/land/ad/5213794194?se=XHP7H4E48BGKPBF8ALaCew&utm_medium=api&utm_source=25f3af84&v=06AE9630867CA424AB320BF75EA2913CE1CE8849
FR,Ingénieur en Automatisation IT H/F,AK Recrutement,"Massieux, Trévoux",35000.0,60000.0,,60000.0,0,Emplois Informatique,"Notre client est un Data Center d'un Grand Groupe spécialisé en IT (Logiciels, cloud et Bureautique). En tant qu'Expert en automatisation de Datacenter, votre objectif principal est de concevoir, implémenter et maintenir des solutions permettant d'améliorer l'efficacité opérationnelle et la gestion des ressources dans un environnement complexe. Au sein d'une équipe d'experts techniques, vous interviendrez sur les missions suivantes : - Automatisation des processus : - Développer des scripts et …",2025-05-24T07:24:51Z,Onsite,https://www.adzuna.fr/land/ad/5213793815?se=XHP7H4E48BGKPBF8ALaCew&utm_medium=api&utm_source=25f3af84&v=66990CDD52E8317351A430BA7612594791CC8F32
FR,Ingénieur CVC Data Center Ingénieur d'Études en CVC H/F,AGH Consulting,"Corbas, Lyon",50000.0,70000.0,,70000.0,0,Unknown,"Nous recrutons un Ingénieur Etudes CVC F/H pour le compte d'un de nos clients spécialisé dans la conception de réalisation de Datacenter. Rattaché au service conception, vous interviendrez sur les projets pour réaliser les études CVC : - Étudier les besoins du client, les données économiques, techniques et déterminer le projet. - Réaliser des diagnostics via des études techniques en CVC. - Concevoir un projet de lots CVC : plomberie, chauffage, ventilation, climatisation et électricité en colla…",2025-05-24T07:24:41Z,Onsite,https://www.adzuna.fr/land/ad/5213793489?se=XHP7H4E48BGKPBF8ALaCew&utm_medium=api&utm_source=25f3af84&v=2489B71EB58C9A99E6BF68E3F3D8C68E1352218E
FR,Assistant Achat Référencement H/F,Groupe Samse,"Saint-Etienne-de-Saint-Geoirs, Grenoble",25000.0,26000.0,,26000.0,0,Unknown,"Le Groupe SAMSE est un groupe Audacieux qui cultive la Proximité avec ses collaborateurs(trices), ses clients et ses fournisseurs. Viens bâtir l'avenir avec nous ! Et rejoins les 75% de nos salariés(es) qui sont actionnaires du Groupe. Nous recherchons un(e) Assistant(e) achat référencement en CDI à Brézins (38) qui sera intégré(e) au sein de notre Direction Data et Référencement. Tu possèdes une faculté d'adaptation digne du caméléon, un sens aigu du détail, de la rigueur et une efficacité san…",2025-05-24T07:24:02Z,Onsite,https://www.adzuna.fr/land/ad/5213793174?se=XHP7H4E48BGKPBF8ALaCew&utm_medium=api&utm_source=25f3af84&v=D290FE51A1775ABFFDB7758C0FC93FE7A89F05DF
FR,Business Analyst Fonctionnel H/F,Alfi,"Saint-Cloud, Boulogne-Billancourt",,,,,0,Emplois Informatique,"Nous recherchons un business analyst fonctionnel pour accompagner nos clients grands comptes dans la mise en oeuvre de solutions adaptées à leurs besoins spécifiques. Grâce à votre expertise en tant que business analyst, vous aiderez à la bonne mise en place de projets liés à des sujets financiers divers. Missions principales : ·Analyser les besoins des utilisateurs métiers (traders, risk managers, middle/back office). ·Rédiger les spécifications fonctionnelles détaillées pour les concepteurs /…",2025-05-24T07:22:52Z,Onsite,https://www.adzuna.fr/land/ad/5213792692?se=XHP7H4E48BGKPBF8ALaCew&utm_medium=api&utm_source=25f3af84&v=759E880020933CD01C3B3CEAF3169CF22C98DD4F
FR,Chef de Projet Senior Développement et Innovation - IA H/F,Groupe Adenes,"17ème Arrondissement, Paris",65000.0,75000.0,,75000.0,0,Unknown,"ADENES, groupe international d'expertise après sinistre, est à la recherche d'un Chef de Projet Senior Développement et Innovation / IA F/H pour rejoindre notre Direction de la stratégie et de la transformation. Rattaché à la directrice de la transformation et de l'innovation, vous avez pour rôle d'accompagner l'émergence, l'analyse, le déploiement et la structuration de nouvelles offres stratégiques à fort potentiel d'impact pour le groupe, qu'il s'agisse de services innovants, de modèles écon…",2025-05-24T07:22:39Z,Onsite,https://www.adzuna.fr/details/5213792604?utm_medium=api&utm_source=25f3af84
FR,Technicien d'Études Data Center à Saint Genis Pouilly H/F,Manpower,"Collonges, Gex",,,,,0,Emplois Informatique,"RésuméTechnicien d'études Data Center à Saint Genis Pouilly, 01630 Saint Genis Pouilly, CDI, Temps plein.Secteur : Industries manufacturières et productionFonction : Production industrielle - MécaniqueEntreprise : MANPOWER BELLEGARDEDescription du posteManpower Cabinet de recrutement recherche pour son client, un sous traitant du CERN :Technicien Data Center H/FLieu : 01630 Saint-Genis-PouillyType de poste : CDI, Temps plein - Expérience démontrée avec Linux et les scripts shell (bash) - Connai…",2025-05-24T07:22:35Z,Onsite,https://www.adzuna.fr/details/5213792485?utm_medium=api&utm_source=25f3af84
FR,Consultant Mission Paie H/F,3XPAIE,"Pont-Rousseau, Rezé",40000.0,45000.0,,45000.0,0,Emplois Autres/Général,"Dans le cadre de sa croissance, Fortify cherche son futur consultant H/F spécialisé sur la production et le renfort des services paie. Présente dans toute la France métropolitaine, notre équipe d'expert(e)s a besoin de nouvelles recrues ! Vous êtes mobile sur la France entière ? Vous êtes flexible et adaptable ? Alors continuez à lire ! Vous êtes peut-être la personne qu'il nous faut ! Vos missions, si vous les acceptez, serons : 1/ Consulting : - Vous intervenez directement auprès des services…",2025-05-24T07:16:33Z,Onsite,https://www.adzuna.fr/details/5213786415?utm_medium=api&utm_source=25f3af84
FR,Responsable Influence et Partenariats H/F,AXA en France,"Hauts-de-Seine, Ile-de-France",,,,,0,Unknown,"La Direction de la Communication et de l'Engagement AXA France a pour mission de protéger et promouvoir l'image d'AXA France auprès de l'ensemble des publics, collaborateurs, prospects, journalistes ou leaders d'opinion. Sous la responsabilité du Manager Réputation et Influence, vous aurez pour mission de piloter la stratégie d'influence et de gérer l'ensemble des partenariats de communication d'AXA France. Vous serez amené(e) à interagir régulièrement avec le top management et à travailler de …",2025-05-24T07:16:28Z,Onsite,https://www.adzuna.fr/details/5213786272?utm_medium=api&utm_source=25f3af84
FR,Chargé·e de Projet RH H/F,Bloomays,"Paris, Ile-de-France",40000.0,50000.0,,50000.0,0,Unknown,"Pilotage de projets RH stratégiques (PMO RH) - Cadrer, planifier et suivre l'exécution des projets RH (roadmap, jalons, reporting, coordination avec les parties prenantes)-Prioriser et organiser les initiatives RH telles que la déclinaison du plan de formation et les campagnes d'entretien -Être le point d'appui opérationnel de la DRH pour faire avancer les sujets efficacement Data RH & Reporting - Consolider, fiabiliser et analyser les données RH (dashboards, KPIs, benchmarks)-Produire les repo…",2025-05-24T07:16:24Z,Onsite,https://www.adzuna.fr/details/5213786202?utm_medium=api&utm_source=25f3af84
FR,Assistant Commercial - Marketplace CDD H/F,Veepee,"18ème Arrondissement, Paris",,,,,0,Emplois Vente,"The vente-privee group has consolidated its various European brands, together made up of 6000 employees, under one unified conglomerate : Veepee. This coalescence marks a new chapter in its European history.With Privalia, vente-exclusive, Designer & Friends, Eboutic and vente-privee, Veepee achieved a 3.7 billion Euro turnover as of 2018. Present in 14 countries now, Veepee is taking a leading role in the European digital commerce landscape. DESCRIPTION DU POSTE - Vous serez intégré(e) au sein …",2025-05-24T07:15:42Z,Onsite,https://www.adzuna.fr/land/ad/5213786009?se=Tn79IIE48BGKPBF8ALaCew&utm_medium=api&utm_source=25f3af84&v=40B519C7787C2DE19D588C6D33E688D7B4EBFC19
FR,District Sales Executive·s le Havre H/F,Expeditors,"Le Havre 6e Canton, Le Havre",,,,,0,Emplois Autres/Général,"Created on May 22th, 2025 Desired Skill-Sets and Characteristics - The ability to meet with customers off-site on a regular basis - Oral and written proficiency in the English language - Strong problem solving, organizational, and interpersonal skills - Ability to work productively both individually and in a team environment - Sense of urgency for goal achievement - Self-motivated with ability to work in a fast-paced and constantly changing environment - Comfortable with regular data entry on a…",2025-05-24T07:15:42Z,Onsite,https://www.adzuna.fr/land/ad/5213786018?se=Tn79IIE48BGKPBF8ALaCew&utm_medium=api&utm_source=25f3af84&v=B07C1BF42111DDDEC1EE6975B9642623AADA83A8
FR,International Business Developer Native Or Bilingual English Only H/F,Bizon,"Clichy, Nanterre",,,,,0,Emplois Informatique,"Amazon globally averages over 2.4 billion visits per month. Today, everything is sold there. From your Christmas gifts to your cleaning products, chances are you'll find anything you need ! But the line between everything and anything is thin. Many brands, despite offering quality products, struggle to position themselves effectively. This is where Bizon comes in, the European leader in Amazon performance. Our goal is to help brands establish themselves on a large scale, thanks to our methodolo…",2025-05-24T07:15:42Z,Onsite,https://www.adzuna.fr/land/ad/5213785995?se=Tn79IIE48BGKPBF8ALaCew&utm_medium=api&utm_source=25f3af84&v=3D07544AB4E28E9ADD0DE17E0BE59A7E87D1BFC4
FR,Account Manager Assistant - German Market M - W - Manomano H/F,Manomano,"Paris, Ile-de-France",,,,,0,Unknown,"Motivated by the prospect of improving the living environment of their customers and convinced of the importance of the home market for sustainable consumption habits, the ManoMano teams want to help write a new page in their industry, which is struggling to reform itself. ManoMano brings to a highly technical world the power of its sector expertise, combined with that of data and digital in all its dimensions, to offer our customers easy access to innovative advice, products and services 100% …",2025-05-24T07:15:39Z,Onsite,https://www.adzuna.fr/land/ad/5213785976?se=Tn79IIE48BGKPBF8ALaCew&utm_medium=api&utm_source=25f3af84&v=DE874CDEDF380993462794CB63B9AE1F2AC0C0C6
FR,Responsable du Département Information Médicale et Controle Data H/F,Ars Nouvelle Aquitaine,"Talence, Bordeaux",,,,,0,Emplois Autres/Général,"ARS NOUVELLE AQUITAINE Agence Régionale de Santé de la Nouvelle Aquitaine Espace Rodesse 103 bis rue Belleville CS91704 BORDEAUX CEDEX Direction : Direction de l'Offre de Soins Direction déléguée aux professionnels de santé et à la prospective Pôle : Etudes et statistiques Département : Information médicale Localisation géographique du poste : Bordeaux Si vous êtes en CDI sous convention collective de la sécurité sociale, recrutement possible selon les conditions suivantes des conventions colle…",2025-05-24T07:15:32Z,Onsite,https://www.adzuna.fr/land/ad/5213785833?se=Tn79IIE48BGKPBF8ALaCew&utm_medium=api&utm_source=25f3af84&v=6527D3E497AF067536FADCB773A58B2779D58053
FR,Responsable du Département des Données en Santé H/F,Ars Nouvelle Aquitaine,"Talence, Bordeaux",,,,,0,Emplois Autres/Général,"ARS NOUVELLE AQUITAINE Agence Régionale de Santé de la Nouvelle Aquitaine Espace Rodesse 103 bis rue Belleville CS91704 BORDEAUX CEDEX Direction : Direction de l'Offre de Soins Direction déléguée aux professionnels de santé et à la prospective Pôle : Etudes et statistiques Département : Données en santé Localisation géographique du poste : Bordeaux Si vous êtes en CDI sous convention collective de la sécurité sociale, recrutement possible selon les conditions suivantes des conventions collectiv…",2025-05-24T07:15:31Z,Onsite,https://www.adzuna.fr/land/ad/5213785824?se=Tn79IIE48BGKPBF8ALaCew&utm_medium=api&utm_source=25f3af84&v=A398D1AA986193F5F9AA3E3C4A9F1B4D9684A8B8
FR,Apprenticeship - Talent & Performance Coordinator - September 2025 H/F,GIE Axa,"Paris, Ile-de-France",842.0,2158.0,,2158.0,0,Emplois Comptabilité et Finance,"The headquarters of the AXA Group (GIE AXA) brings together our corporate activities. IT provides guidance and support to subsidiaries around the world, to ensure the coordination and monitoring of the Group's global strategy, the application of its standards, the consistency of commercial approaches and the sharing of best practices. The headquarters gathers approximately 1000 employees and is distinguished by its strong international culture (45 nationalities), which makes IT a rich and stimu…",2025-05-24T07:14:43Z,Onsite,https://www.adzuna.fr/details/5213785453?utm_medium=api&utm_source=25f3af84
FR,Gestionnaire Référentiels H/F,Avril,"Chartres-de-Bretagne, Bruz",,,,,0,Unknown,"Avril recrute un (une) Gestionnaire Référentiels à 2 A 4 AVENUE DE KERLANN, CS 17228 BRUZ, 35170 France CDD Avril est le leader industriel et financier de la filière française des huiles et protéines végétales. Créé par le monde agricole, le Groupe fonde sa croissance sur un modèle unique de création de valeur : tous les bénéfices sont réinvestis en faveur de la dynamique de filières et de son développement en France comme à l'international. Sa raison d'être, Servir la Terre, guide son action, …",2025-05-24T07:13:47Z,Onsite,https://www.adzuna.fr/land/ad/5213785016?se=Tn79IIE48BGKPBF8ALaCew&utm_medium=api&utm_source=25f3af84&v=8DD2F73DD4E591AD8EE5EAF68400A42B0414802D
FR,Responsable Relations Sociales Employee Relations H/F,Amazon France Logistique SAS,"Clichy, Nanterre",,,,,0,Unknown,"DESCRIPTION : L'équipe Relations Sociales d'Amazon Opérations s'agrandit et recherche un/une Responsable des Relations Sociales pour la partie Opérations, en charge des projets transverses. Actuellement composée de plusieurs responsables et chargés des relations sociales, l'équipe est au coeur du développement de l'entreprise, dans un environnement en constante innovation. Nous recherchons une personne dynamique, positive, organisée, ayant un esprit d'initiative et dotée de fortes qualités rela…",2025-05-24T07:13:17Z,Onsite,https://www.adzuna.fr/land/ad/5213784783?se=Tn79IIE48BGKPBF8ALaCew&utm_medium=api&utm_source=25f3af84&v=003917678BB4182141F6606E58033E38BCF6B5B9
FR,Assistant Comptable Data Controller H/F,Samsic Emploi,"Morbihan, Bretagne",2000.0,2500.0,,2500.0,0,Unknown,Vous souhaitez mettre à profit vos compétences en comptabilité et gestion de données dans un environnement stimulant ? Notre client recrute un Assistant Comptable Data Controller (H/F/D) en CDI à Vannes pour la reprise d'un portefeuille clients. Le poste Vous intervenez auprès d'une clientèle de TPE pour la gestion complète de leur comptabilité et la fiabilité de leurs données informatiques. Vous serez un acteur clé dans l'optimisation du traitement comptable et la sécurisation des flux de donn…,2025-05-24T07:11:26Z,Onsite,https://www.adzuna.fr/details/5213782856?utm_medium=api&utm_source=25f3af84
FR,Collaborateur Comptable H/F,Harry Hope,"Saint-Macaire, Langon",30000.0,40000.0,,40000.0,0,Unknown,"Le Cabinet : · 3 experts-comptables associés · Siège à Cenon (40 personnes, 3 experts comptables) 1 site à Mérignac et Langon, 10 personnes 1 responsable de bureau experte comptable non associés · 2 outils afin de s'adapter à la demande de leurs clients : · Full (mis en place l'année dernière, une période fiscale de recul) · Time : logiciel très intuitif mis à jour récemment, s'adaptant aux nouveaux cabinets en création · Pôles Expertise comptable - Audit - data - social Le poste : · Poste de g…",2025-05-24T07:11:25Z,Onsite,https://www.adzuna.fr/details/5213782749?utm_medium=api&utm_source=25f3af84
FR,Alternance - DevOps H/F,Sup De Vinci Nantes,"Pont-Rousseau, Rezé",,,,,0,Emplois Informatique,"Entreprise spécialisée dans le traitement et la distribution de données issues de satellites d'observation de la Terre. Nos solutions cloud permettent de gérer des flux massifs d'images satellitaires à des fins scientifiques, environnementales et agricoles. Intégré(e) à l'équipe Plateforme, tu contribueras à rendre nos systèmes plus robustes, performants et automatisés : - Développer des pipelines CI/CD pour automatiser la mise en production de services de traitement d'images (Python, Rust). - …",2025-05-24T07:06:54Z,Onsite,https://www.adzuna.fr/details/5213777798?utm_medium=api&utm_source=25f3af84
FR,Alternance - Chef de Projet IT H/F,Sup De Vinci Nantes,"Pont-Rousseau, Rezé",,,,,0,Emplois Informatique,"Nous développons des outils numériques pour aider les agriculteurs à piloter leurs exploitations grâce à la donnée, aux objets connectés et à l'IA. Nos solutions permettent de mieux gérer les intrants, améliorer les rendements et réduire l'impact environnemental. Rattaché(e) à la direction produit, tu seras au coeur du développement de notre nouvelle plateforme multi-capteurs. Tu participeras à : - L'organisation des phases projet (planning, ressources, jalons) en mode agile. - La coordination …",2025-05-24T07:06:52Z,Onsite,https://www.adzuna.fr/details/5213777543?utm_medium=api&utm_source=25f3af84
FR,Alternance -Data Analyst - Mba Expert Big Data H/F,MyDigitalSchool Angers,"Mayenne, Pays de la Loire",1802.0,1802.0,,1802.0,0,Unknown,"Venez vivre une expérience au sein de la Direction Energies et Environnement d'un Groupe international. Dans le cadre de la mise en oeuvre de ses politiques RSE et Environnement / Energies, le groupe s'est doté d'outils de reporting et de management des risques environnementaux qu'il convient de déployer et développer. C'est dans ce contexte qu'un poste de Data Analyst est créé. Vous participez activement à la structuration et la mise en place des process de ces nouveaux outils afin de fiabilis…",2025-05-24T07:06:52Z,Onsite,https://www.adzuna.fr/details/5213777621?utm_medium=api&utm_source=25f3af84
FR,Alternance Ressources Humaines H/F,Icademie,"Paris, Ile-de-France",486.0,1802.0,,1802.0,0,Unknown,"ICADEMIE, ACTEUR MAJEUR DE LA FORMATION PROFESSIONNELLE À DISTANCE, RECRUTE EN ALTERNANCE POUR SON ENTREPRISE PARTENAIRE. Notre partenaire, un centre de loisirs et d'hébergements, recherche un(e) Chargé des Relations Sociales pour un démarrage dès Septembre. Poste basé à Paris Rejoins dès maintenant notre école pour préparer l'une de nos formations diplômantes du Bac 2 au Bac 5. Tes futures missions : Formation En collaboration avec la Responsable Formation, vous intervenez sur les différents s…",2025-05-24T07:06:52Z,Onsite,https://www.adzuna.fr/details/5213777644?utm_medium=api&utm_source=25f3af84
FR,Alternance - Data Scientist H/F,Sup De Vinci Nantes,"Saint-Herblain, Nantes",,,,,0,Emplois Enseignement,"Éditeur de jeux vidéo indépendant spécialisé dans les jeux compétitifs et les plateformes e-sport. Nous exploitons la puissance de la donnée pour améliorer le gameplay, personnaliser l'expérience joueur et prévenir les comportements toxiques en ligne. Notre ambition : offrir des jeux plus engageants et plus sains grâce à l'IA. En lien direct avec les game designers et les ingénieurs IA, tu participeras à : - L'analyse des données comportementales in-game (taux d'abandon, heatmaps, interactions)…",2025-05-24T07:06:50Z,Onsite,https://www.adzuna.fr/details/5213777487?utm_medium=api&utm_source=25f3af84
FR,Alternance - Data Engineer H/F,Sup De Vinci Nantes,"Saint-Herblain, Nantes",,,,,0,Emplois Enseignement,"Entreprise technologique au service de la transition énergétique. Nous développons des solutions de data engineering et d'intelligence artificielle pour optimiser la production, le stockage et la distribution d'énergie renouvelable (solaire, éolien, hydraulique). Notre mission : utiliser la donnée pour rendre les réseaux électriques intelligents, résilients et durables. Au sein de notre pôle Data, tu travailleras sur des projets concrets à fort impact : - Collecte et ingestion de données en tem…",2025-05-24T07:06:50Z,Onsite,https://www.adzuna.fr/details/5213777481?utm_medium=api&utm_source=25f3af84
FR,Alternance Data Scientist - Châtenay-Malabry H/F,ISCOD,"Châtenay-Malabry, Antony",486.0,1802.0,,1802.0,0,Emplois Enseignement,"Description : L'ISCOD, un des leaders dans la formation en Digital Learning, recherche pour une entreprise spécialisée dans les jeux vidéos éducatifs, un Data Scientist F/H sur Chatenay Malabry en contrat d'apprentissage. Ce poste vous permettra de développer des compétences clés tout en préparant l'une de nos formations diplômantes, reconnues par l'État, de niveau 5 à niveau 7 (Bac 2, Bachelor/Bac 3, ou Mastère/Bac 5). Missions : - Concevoir, tester et affiner des prompts avancés adaptés à dif…",2025-05-24T07:06:44Z,Onsite,https://www.adzuna.fr/details/5213777017?utm_medium=api&utm_source=25f3af84
FR,Alternance - Data Analyst H/F,LIVEMENTOR,"Paris, Ile-de-France",500.0,1800.0,,1800.0,0,Emplois Autres/Général,"OFFRE POSTEE PAR UNE ECOLE POUR SON PARTENAIRE Pour pouvoir postuler à l'offre, un entretien téléphonique avec notre école est obligatoire. L'alternant.e sera formé.e au sein de notre structure. Notre partenaire : Une entreprise innovante dans le domaine de l'investissement alternatif recherche un(e) alternant(e) Data Analyst pour renforcer son équipe. Vous intégrerez une structure agile et ambitieuse, en pleine croissance, qui digitalise l'accès au non coté pour les professionnels du patrimoin…",2025-05-24T07:06:27Z,Onsite,https://www.adzuna.fr/details/5213776039?utm_medium=api&utm_source=25f3af84
FR,Growth Hacker Senior H/F,Bizon,"Clichy, Nanterre",,,,,0,Emplois Informatique,"Mission Stratégie de Growth et Acquisition; Élaborer et piloter des stratégies innovantes de lead generation (outbound & inbound) pour maximiser les rendez-vous commerciaux qualifiés; Identifier les segments de marché et les opportunités à fort potentiel de conversion, en priorisant les clients et marques à forte valeur ajoutée sur Amazon; Gérer et optimiser le CRM, dont vous êtes le responsable (enrichissement et qualité des bases, paramétrage des workflows, nettoyage et mise à jour en continu…",2025-05-24T07:03:32Z,Onsite,https://www.adzuna.fr/land/ad/5213771757?se=Tn79IIE48BGKPBF8ALaCew&utm_medium=api&utm_source=25f3af84&v=53D09F90338B02CD1DE25439DB55DEE6614A4FFA
FR,GO To Market Manager - Product Marketing H/F,Agicap,"Rhône, Auvergne-Rhône-Alpes",,,,,0,Emplois Informatique,"Created in Lyon in 2016 by three French entrepreneurs, Agicap is one of the fastest scale-ups in Europe, with over 8000 customers, 550 employees and fast revenue growth (7x between 2021 and 2024). Agicap is part of the FT120, rewarding the most promising startups in France. Agicap allows CEOs and Finance teams of SMBs and Mid-Market companies to efficiently manage and forecast their cash flow, pay their suppliers and get paid.Cash is King, and Agicap fundamentally reshapes the way companies man…",2025-05-24T07:03:32Z,Onsite,https://www.adzuna.fr/land/ad/5213771767?se=Tn79IIE48BGKPBF8ALaCew&utm_medium=api&utm_source=25f3af84&v=70D881D711CC9E275DC5877B521101EB99F80B09
FR,Chargé·e d'Études - N H/F,Leboncoin,"Paris, Ile-de-France",,,,,0,Emplois Autres/Général,"""Leboncoin immobilier"" recrute un(e) chargé(e) d'études / market researcher au sein de ses équipes Marketing. Rattaché·e au Responsable du pôle Market Research, vous intégrerez une équipe de 3 personnes et vous exercerez les missions suivantes : Production d'études et création de contenu - Réaliser des études de marché (ad hoc, récurrentes, dossiers thématiques) pour soutenir les équipes commerciales et communication. - Construire des argumentaires, des benchmarks concurrentiels et des tableaux…",2025-05-24T07:03:32Z,Onsite,https://www.adzuna.fr/land/ad/5213771770?se=Tn79IIE48BGKPBF8ALaCew&utm_medium=api&utm_source=25f3af84&v=90C4F2177FA49A89FDDF4ACA7FBEE521A0C47D1A
FR,Responsable CRM H/F,Histoire d'Or,"Paris, Ile-de-France",,,,,0,Emplois Vente,"Missions Rattaché(e)àlaChefdegroupeCRMetData,vousaurezcommemissionsprincipalesdedéfinirlastratégieclientsomnicanaledenosmarquesetdepoursuivreledéveloppementdelacontributionduCRMauchiffred'affairesdesmarquesHistoired'Or, MarcOrianetTrésor. Missionsdétaillées : - Stratégie : Piloterlastratégiederecrutement, d'engagementetfidélisationdenosclientsàlafoisenmagasinsetsurnossitesafind'optimiserl'expérienceetlasatisfactionclientetd'accroîtrelafidélitéànosmarques. - Opérations : Piloterl'animationomnica…",2025-05-24T07:03:29Z,Onsite,https://www.adzuna.fr/land/ad/5213771614?se=Tn79IIE48BGKPBF8ALaCew&utm_medium=api&utm_source=25f3af84&v=0567A505B715CA88421FF2F07DF729B1D9BFA899
FR,Product Management Genai Apprentice H/F,Pernod Ricard SA,"Paris, Ile-de-France",486.0,1802.0,,1802.0,0,Emplois Autres/Général,"Want to join a dynamic company, a leader in premium wines and spirits, and work in friendly teams? Join Pernod Ricard as Product Management Apprentice for 1 year from September 2025. As a Product Management Apprentice (GenAI), you'll play a pivotal role in our Generative AI transformation program, contributing to various GenAI projects spanning across departments. You will BE based at The Island, Pernod Ricard's headquarters in central Paris. Your key missions? - You will support the developmen…",2025-05-24T07:03:29Z,Onsite,https://www.adzuna.fr/land/ad/5213771615?se=Tn79IIE48BGKPBF8ALaCew&utm_medium=api&utm_source=25f3af84&v=7A255D1F20566D57798913C6712D9F974F6C5C3E
FR,Senior ai Product Designer H/F,Content Square,France,,,,,0,Emplois Informatique,"Contentsquare is the all-in-one experience intelligence platform designed to BE easily used by anyone who cares about digital journeys. With our flexible and scalable platform, organizations quickly get a deep understanding of their customers' whole online journey. We are a global leader in the experience analytics space, with a growing presence across 15 offices worldwide. We're here to stay-and we're looking for team members who are excited to drive impact and help us scale even further. Our …",2025-05-24T07:03:29Z,Onsite,https://www.adzuna.fr/land/ad/5213771618?se=Tn79IIE48BGKPBF8ALaCew&utm_medium=api&utm_source=25f3af84&v=02B56A8A5558BD2901C33938693747EBBB94C1F9
FR,Digital Analyst - Apprentice M H/F,Deezer,"Paris, Ile-de-France",486.0,1802.0,,1802.0,0,Unknown,"Job Description We are currently looking for a super motivated candidate to join the Performance Marketing division to support the Performance Analytics team. As part of the Performance Analytics team, your mission is to BE a compass for decision making by identifying business opportunities, delivering reliable data, actionable insights and drive meaningful changes throughout the user's lifecycle. You will have the opportunity to work with different teams from Marketing, Product to Data on vari…",2025-05-24T07:03:29Z,Onsite,https://www.adzuna.fr/land/ad/5213771621?se=Tn79IIE48BGKPBF8ALaCew&utm_medium=api&utm_source=25f3af84&v=C60A69F71B25852E70CE57A23A04419681341C2B
FR,Product Manager Upstream Order SAP S4 H/F,Decathlon,"Villeneuve-d'Ascq, Lille",,,,,0,Emplois Vente,"Notre équipe Upstream Order Management recherche un·e Product Manager SAP S4 basé·e à Lille. Au sein des équipes Digital et de la value chain, le sous domaine Supply & Material Planning a pour mission de construire, transformer et maintenir les processus supply de l'entreprise afin d'optimiser la planification de composants et la production de produits finis en lien avec nos bureaux de production à travers le monde et leurs fournisseurs. Notre sous domaine rassemble des talents de la supply cha…",2025-05-24T07:03:29Z,Onsite,https://www.adzuna.fr/land/ad/5213771613?se=Tn79IIE48BGKPBF8ALaCew&utm_medium=api&utm_source=25f3af84&v=1BB5127B914BBBFD07A7A5EB71435ADFDFB04508
FR,Assistant Marketing en Alternance H/F,Credit Agricole de l'Anjou et du Maine,"Coulaines, Le Mans",20000.0,25000.0,,25000.0,0,Emplois Comptabilité et Finance,"POUR VOUS, TOUT COMMENCE ICI ! 84% des étudiants recommandent le Crédit Agricole pour une première expérience professionnelle ! Envie de comprendre pourquoi ? Parce que nous avons tous commencé un jour ici ou ailleurs, nous vous accordons une vraie place. Ce n'est pas juste une alternance, c'est la possibilité de pouvoir s'exprimer et de construire votre parcours tout en étant accompagné. Vous aimez créer des stratégies marketing percutantes pour accompagner les professionnels ? Envie de vivre …",2025-05-24T07:03:29Z,Onsite,https://www.adzuna.fr/land/ad/5213771631?se=Tn79IIE48BGKPBF8ALaCew&utm_medium=api&utm_source=25f3af84&v=0009AF96805F223366A7FC369864B9DD3BCF35F0
FR,Senior Specialist Digital Engagement H/F,Philip Morris,"Hauts-de-Seine, Ile-de-France",,,,,0,Emplois Fabrication,"Welcome to our Philip Morris vacancy. Did you know that Philip Morris International is undergoing a revolutionary business transformation? We will BE far more than a leading cigarette company. We want to change society and deliver a better, smoke-free future. Thanks to the imagination and perseverance of thousands of people at PMI, we have developed smoke-free products that are better alternatives to cigarettes. And IT does not stop there. We are investing in a portfolio of innovative products …",2025-05-24T07:03:25Z,Onsite,https://www.adzuna.fr/land/ad/5213771467?se=Tn79IIE48BGKPBF8ALaCew&utm_medium=api&utm_source=25f3af84&v=F4A0371002B74DD1D65CF16481A46E4B8A9579C6
FR,Head Of Marketing Apac H/F,Mayoly Spidler,"Villé, Sélestat-Erstein",,,,,0,Emplois Fabrication,"Marketing strategy : Elaborate and propose annual and 5Y portfolio strategies by : - Analyze in depth the market, the sales, the trend, the changes, the competitors, and establishing - And maintaining a competitive knowledge - Analyze competitors SWOT, - Acquiring and updating a detailed knowledge of the different channel and therapeutic market - Understand prescribers, pharmacist and consumer segmentation, journey and identify a clear target - Audience with the best potential for the brand - S…",2025-05-24T07:03:25Z,Onsite,https://www.adzuna.fr/land/ad/5213771479?se=Tn79IIE48BGKPBF8ALaCew&utm_medium=api&utm_source=25f3af84&v=49080D92A74C998080FBE1B3283776CEEDF8B3E9
FR,Jde Peet'S Ingénieur Data - Alternance H/F,Jacobsdouweegberts,"Saint-Just-Saint-Rambert, Montbrison",486.0,1802.0,,1802.0,0,Emplois Autres/Général,"Au sein de l'usine d'Andrézieux du groupe JDE Peet's, vous êtes intégré à l'équipe du Magasin de Production. Sujets : - Centraliser les bonnes pratiques concernant les reportings maintenance existants sur les différentes usines du groupe (état des lieux) - Rédaction d'un cahier des charges qui amène à l'automatisation des données à extractions SAP (définition des fréquences, des données utiles, de l'arborescence info., historisation, lanceur de tâches) - Etablir des reportings en fonction des e…",2025-05-24T07:02:48Z,Onsite,https://www.adzuna.fr/land/ad/5213769805?se=Tn79IIE48BGKPBF8ALaCew&utm_medium=api&utm_source=25f3af84&v=D54FC75408EF8F539F16579ED978286FBD9E143D
FR,Consultant Pharmacovigilance - Évaluation et Sécurité Clinique H/F,IVIDATA Life Sciences,"Rhône, Auvergne-Rhône-Alpes",,,,,0,Emplois Informatique,"Rattaché(e) à la Responsable du Département Pharmacovigilance, vous jouerez un rôle central dans l'évaluation et la validation des données de sécurité des essais cliniques. Vous serez le référent en expertise pharmacovigilance au sein des projets Vos responsabilités - Valider et évaluer les événements indésirables dans la base de données de pharmacovigilance. - Réaliser le codage des traitements (WHODrug) et valider le codage des données de sécurité (MedDRA). - Rédiger et valider les sections s…",2025-05-24T07:02:36Z,Onsite,https://www.adzuna.fr/land/ad/5213768881?se=Tn79IIE48BGKPBF8ALaCew&utm_medium=api&utm_source=25f3af84&v=A0E2BB14D8806AADACAAD42FDED3F44F481738F5
FR,Apprenticeship : Group Financial Planning & Analysis (FP&A) apprentice,Sodexo,"Issy-les-Moulineaux, Boulogne-Billancourt",,,,,0,Unknown,"Sodexo is a global leader in sustainable food and valued experiences with annual revenues of €21.1 billion and more than 430,000 employees operating in 43 countries. Sodexo is a family business founded by Pierre Bellon in 1966 and now managed by his daughter Sophie Bellon, who is Chairwoman and CEO. We serve 80 million consumers each day with an integrated offering developed over more than 50 years of experience: from food services, reception, maintenance and cleaning to facilities and equipmen…",2025-05-24T06:59:21Z,Onsite,https://www.adzuna.fr/land/ad/5213751525?se=Tn79IIE48BGKPBF8ALaCew&utm_medium=api&utm_source=25f3af84&v=FD43A4E405EF7A9B729C16377DCAB208026E042F
FR,Alternance Chargé(e) de Recrutement (F/H),FINAXYS,"Puteaux, Nanterre",,,,,0,Unknown,"Localisation : Paris La Défense Durée : 12 mois Formation : Bac 5 en RH Début : Septembre 2025 Qui sommes-nous ? Finaxys est un cabinet de conseil spécialisé dans les secteurs Banque, Finance et Assurance . Depuis plus de 15 ans, nous intervenons auprès des plus grandes institutions telles que BNP Paribas, Crédit Agricole, Société Générale, AXA, Malakoff Humanis , etc. en proposant des solutions technologiques innovantes (IA, Machine Learning, Data, Cloud, DevSecOps, etc.). Notre mission ? Acco…",2025-05-24T06:59:21Z,Onsite,https://www.adzuna.fr/land/ad/5213751514?se=Tn79IIE48BGKPBF8ALaCew&utm_medium=api&utm_source=25f3af84&v=32A5BE3B5787EAB7DCC0F5DB979A211ED676E4A8
FR,Expert Télécom et Réseaux H/F,Apside Infrastructure,"Paris, Ile-de-France",,,,,0,Unknown," Découvrez la Vie Apsidienne  et vous aussi, devenez Apsidien On aurait pu demander à Chat GPT de vous démontrer en quoi Apside est l’ESN qu’il vous faut, mais on préfère que vous le découvriez vous-mêmes  Au sein d’APSIDE INFRASTRUCTURE nous recherchons un(e) Expert(e) Réseaux et Télécom pour l'un de nos clients grand compte. Objectifs de la mission Au sein de la Squad CMO (Connectivité et Mobilité), vous ferez partie de l’équipe RTS (Réseau Télécoms Support) et vous serez amené à intervenir s…",2025-05-24T06:59:20Z,Onsite,https://www.adzuna.fr/land/ad/5213751351?se=Tn79IIE48BGKPBF8ALaCew&utm_medium=api&utm_source=25f3af84&v=669BB5BD220058F30CA55200331986AA8B6759BB
FR,Senior Contract Engineer,Brunel,"Paris, Ile-de-France",,,,,0,Unknown,"We are seeking a Senior Contracts Engineer to join a transformative onshore liquefied natural gas (LNG) development in a high-potential region. This multi-billion-dollar project involves the construction of a state-of-the-art LNG facility, processing natural gas from offshore fields with an initial production capacity of 12.88 million tonnes per annum (Mtpa), and potential future expansion up to 50 Mtpa. Start date: ASAP Location: Paris, France Contract Duration: 12 months (renewable) Key Respo…",2025-05-24T06:59:20Z,Onsite,https://www.adzuna.fr/land/ad/5213751391?se=Tn79IIE48BGKPBF8ALaCew&utm_medium=api&utm_source=25f3af84&v=C0F28E20ADA18E17BD68C5AFB8663085ECB36601
FR,Business Manager Junior - Grands Comptes,TeamCo Paris,France,,,,,0,Unknown,"Notre ambition chez TeamCo est claire : Agir comme de véritables spécialistes du recrutement de profils commerciaux & du conseil en stratégie commerciale ! Pour cela, nous sommes en charge de dénicher les meilleurs talents commerciaux pour le compte de nos clients experts du secteur IT/TECH (Cabinet de Conseil IT, ESN, Éditeur de Logiciels) ! En date : Pour le compte de notre client, nous sommes à la recherche d'un.e BUSINESS MANAGER JUNIOR ! (0_2 ans EXP) Description du poste : Pour le compte …",2025-05-24T06:59:20Z,Onsite,https://www.adzuna.fr/land/ad/5213751441?se=Tn79IIE48BGKPBF8ALaCew&utm_medium=api&utm_source=25f3af84&v=E9E409725A81DFF9DE4879CCA59B270D48BB8115
FR,International Business Analyst,Mouratoglou Tennis Center,France,,,,,0,Unknown,"Leveraging the success of its world-famous Academy in the South of France, Mouratoglou has been expanding its tennis expertise internationally since 2020. With 15 Tennis Centers worldwide (United States, Mexico, Greece, Italy, China, Malaysia, UAE, Indonesia, Egypt), players of all ages and levels can experience the unique Mouratoglou Methodology across the globe. As part of our continuous growth, we are hiring an International Business Analyst (F/M) to join our ambitious and dynamic internatio…",2025-05-24T06:59:20Z,Onsite,https://www.adzuna.fr/land/ad/5213751347?se=Tn79IIE48BGKPBF8ALaCew&utm_medium=api&utm_source=25f3af84&v=BA52CCFA4CE24143A8C652E0119BB3FF801078AA
FR,Consultant MOA Santé Prévoyance H/F,Apside,"Ile-de-France, France",,,,,0,Unknown,"Business Analyst Prévoyance / Santé !  Découvrez la Vie Apsidienne et vous aussi, devenez Apsidien On aurait pu demander à Chat GPT de vous démontrer en quoi Apside est l’ESN qu’il vous faut, mais on préfère que vous le découvriez vous-mêmes  Découvrez votre future mission // Contexte Client : Secteur Assurance Mission En tant que Business Analyst vous intégrez une équipe IT en mode agile (SAFE) . L’équipe est en charge des prestations en prévoyance individuelle et collective, ainsi qu’en éparg…",2025-05-24T06:59:19Z,Onsite,https://www.adzuna.fr/land/ad/5213751297?se=Tn79IIE48BGKPBF8ALaCew&utm_medium=api&utm_source=25f3af84&v=65077D9133100AFF346D0FA221B64A61E86E79BE
FR,Ingénieur Poste de travail / VDI,Consort Group,"Ile-de-France, France",,,,,0,Unknown,"Acteur de référence des systèmes d’information augmentés par l’intégration stratégique de la data, Consort Group accompagne depuis plus de 30 ans les entreprises pour leur permettre de valoriser leurs patrimoines données et informatiques à leur plein potentiel. Le groupe met ses savoir-faire au service des acteurs majeurs français, belges, luxembourgeois, suisses, portugais et marocains, conjuguant les compétences de ses experts. Consortis , leader des services managés aux infrastructures et Co…",2025-05-24T06:59:19Z,Onsite,https://www.adzuna.fr/land/ad/5213751308?se=Tn79IIE48BGKPBF8ALaCew&utm_medium=api&utm_source=25f3af84&v=A130A889B52246A71AC70383AF9CD0D26A103F88
FR,Designer en alternance – Paris,frog,"Paris, Ile-de-France",,,,,0,Unknown,"Chez Capgemini Invent, nous croyons que l’innovation est le moteur du changement. En tant que consultants en transformation digitale, nous combinons nos capacités stratégiques, créatives et scientifiques, en collaborant étroitement avec nos clients pour leur fournir des solutions de pointe. Rejoignez-nous pour conduire une transformation adaptée aux défis d'aujourd'hui et de demain. Missions : A propos de frog, part of Capgemini Invent frog, part of Capgemini Invent, est la combinaison au sein …",2025-05-24T06:59:19Z,Onsite,https://www.adzuna.fr/land/ad/5213751305?se=Tn79IIE48BGKPBF8ALaCew&utm_medium=api&utm_source=25f3af84&v=FC64154CB7A9FAC5B1263E26D0373B3433CD501A
FR,Consultant Collaboratif M365 (H/F),Exakis Nelite,"Lyon, Rhône",,,,,0,Unknown,"Exakis Nelite, entité du groupe Magellan Partners , est le 1er partenaire pure-player Microsoft indépendant en France avec l’ambition de devenir le premier partenaire Européen et en Afrique Francophone avec sa forte présence au Maroc. Nés du rapprochement de 2 leaders spécialistes de l’intégration des solutions Microsoft, nous allions expertise technique et fonctionnelle pour répondre concrètement aux enjeux de demain : accélération de la transformation digitale, CyberSécurité, Intelligence Art…",2025-05-24T06:59:19Z,Onsite,https://www.adzuna.fr/land/ad/5213751280?se=Tn79IIE48BGKPBF8ALaCew&utm_medium=api&utm_source=25f3af84&v=A54D8CEA1D943424D4265011E34B61B66D5BCF24
FR,Responsable SIRH,Washington Frank International,France,,,,,0,Unknown,"Dans le cadre d’une transformation digitale ambitieuse, nous recherchons un Responsable SIRH pour accompagner les directions RH dans l’optimisation et la digitalisation de leurs processus. Vos missions : En étroite collaboration avec la DSI, vous serez responsable de la stratégie SIRH et du pilotage des projets associés. À ce titre, vous : Analysez et formalisez les besoins des directions RH. Définissez la roadmap SIRH et développez un catalogue de solutions. Encadrez les projets, de leur cadra…",2025-05-24T06:59:18Z,Onsite,https://www.adzuna.fr/land/ad/5213751173?se=Tn79IIE48BGKPBF8ALaCew&utm_medium=api&utm_source=25f3af84&v=C6CD06F0E05FA92E2C0BE579E48320E2C52FD01D
FR,Consultant(e) junior,KYC Consulting,"Paris, Ile-de-France",,,,,0,Unknown,"KYC Consulting est le cabinet de conseil de référence sur les métiers du secteur financier, engagé dans la durée, auprès de nos collaborateurs, nos clients et la Société. Présents à Paris, Genève, Singapour, Hong Kong, Mumbai et Bangalore, nous accompagnons nos clients sur leurs grands projets de transformation organisationnelle , de réglementation , de gestion du risque , d’optimisation des dispositifs existants et d’innovation. Notre force est d’abord et avant tout notre capital humain . Une …",2025-05-24T06:59:18Z,Onsite,https://www.adzuna.fr/land/ad/5213751136?se=Tn79IIE48BGKPBF8ALaCew&utm_medium=api&utm_source=25f3af84&v=7364D4C1A227ECA7E2D30B64BFE958E5096F2F53
FR,Signal Processing Engineer,SKIPPER NDT,"Paris, Ile-de-France",,,,,0,Unknown,"As part of our ongoing growth, we are hiring an Experienced Signal Processing Engineer with expertise in frequency analysis , magnetism , and geomatics knowledge . You will work on analyzing field mission data and contribute to strategic R&D initiatives . Key Responsibilities: Process magnetic data collected from field missions using our proprietary tools and Matlab and/or Python Write client-ready analysis reports and present results in direct collaboration with our industrial partners Lead re…",2025-05-24T06:59:18Z,Onsite,https://www.adzuna.fr/land/ad/5213751188?se=Tn79IIE48BGKPBF8ALaCew&utm_medium=api&utm_source=25f3af84&v=1C049477A89BA5912D85E0330043985E727F9B20
FR,First Product Designer,BAO,"Paris, Ile-de-France",,,,,0,Emplois Informatique,"Notre client, une plateforme de trading de cryptomonnaie, spécialisée dans le Bitcoin, recherche son First Product Designer ! Tu rejoindrais une équipe passionnée par la crypto, à l’intersection entre technologie de pointe et finance structurée. Leur mission : rendre le Bitcoin aussi simple et rapide à utiliser que les monnaies traditionnelles.  Tes missions : Concevoir et améliorer l’UX/UI de la plateforme et des futurs produits Créer et faire évoluer un design system from scratch Collaborer à…",2025-05-24T06:59:18Z,Onsite,https://www.adzuna.fr/land/ad/5213751099?se=Tn79IIE48BGKPBF8ALaCew&utm_medium=api&utm_source=25f3af84&v=E2995CD433F8C788D97F5ECE886CE15979CB9D5D
FR,Key Account Manager (Brown/White Goods),METZ Electronics S.r.l.,France,,,,,0,Unknown,"Metz Electronics Srl, the Italian subsidiary of Skyworth Group, is looking for a: Key Account Manager (Brown/White Goods) to develop Metz business in France. You will be part of an ambitious, fast-growing, and international team. You will play a pivotal role in achieving ambitious sales goals supporting the business development across France. MAIN RESPONSABILITIES: Client Relationship Management: build and maintain strong relationships with key clients, understanding their needs and objectives.…",2025-05-24T06:59:18Z,Onsite,https://www.adzuna.fr/land/ad/5213751168?se=Tn79IIE48BGKPBF8ALaCew&utm_medium=api&utm_source=25f3af84&v=1AB24496471D468FE7D91226C57AA2AEB8E3CF78
FR,"CRM Manager, Acquisition",iFIT,France,,,,,0,Unknown,"iFIT’s vision is to create the world's most holistic health and fitness platform, integrating all elements of health - physical fitness, mental health, nutrition and active recovery - into a seamless interactive experience. We develop proprietary software that learns and adjusts to the habits of each person as it delivers immersive content that guides them on their own individual fitness journey. We are seeking a CRM Manager, Acquisition to drive customer engagement and growth in Europe. In thi…",2025-05-24T06:59:17Z,Onsite,https://www.adzuna.fr/land/ad/5213750981?se=7L4iIoE48BG0wAyeaCZXLA&utm_medium=api&utm_source=25f3af84&v=EB6FB8BEBB1295F8EFEE8C2EA383C9806E985878
FR,Consultant(e) Senior - Product Owner (H/F),Thinkmarket,"Paris, Ile-de-France",,,,,0,Unknown,"Créé en 2011, Thinkmarket est un cabinet de conseil en business management à l’ADN entrepreneurial composé de 80 consultants accompagnant 13 secteurs et qui a réalisé plus de 500 missions. Thinkmarket est un cabinet expert des transformations business, ce que nous appelons Business Shift Thinkmarket rapproche stratégie et projets / opération s pour accompagner ses clients à agir en stratège afin de les aider à accélérer en se positionnant comme un partenaire plutôt que comme un prestataire. Not…",2025-05-24T06:59:17Z,Onsite,https://www.adzuna.fr/land/ad/5213750988?se=7L4iIoE48BG0wAyeaCZXLA&utm_medium=api&utm_source=25f3af84&v=8F84B20F0843DF60A85771F6AE24B8CE83D79FB1
FR,Technicien en génie électrique/Technicienne en génie électrique,INNOVATEAM x AWAKE,"Pas-de-Calais, Hauts-De-France",,,,,0,Unknown,"Qui sommes-nous ?  AWAKE Group accélère les innovations responsables et environnementales dans l’industrie. AWAKE Group, c’est : ✔️ INNOVATEAM , acteur de référence du conseil en ingénierie ✔️ AWAKE , notre expertise dédiée aux projets à forte valeur ajoutée environnementale et responsable, qui se déploie en Belgique et en France. AWAKE Group c’est une équipe jeune, dynamique et engagée ! Tes futurs collaborateurs sont super (la preuve : nous sommes accrédités HappyIndex@AtWork depuis 9 années …",2025-05-24T06:59:17Z,Onsite,https://www.adzuna.fr/land/ad/5213750967?se=7L4iIoE48BG0wAyeaCZXLA&utm_medium=api&utm_source=25f3af84&v=B63A7D4ACD67F9934777497183E784AFA9E004EA
FR,Chef de projet e-commerce,Unique Paris | Shopify Plus Partner,France,,,,,0,Unknown,Il s'agit d'une création de poste qui s'inscrit dans un développement maitrisé de l'agence. Missions Mission principale : Piloter les projets de création / migration / refonte de sites e-commerce (CMS : Magento / Woo commerce / Prestashop / Drupal / Wshop / Custom /  => vers Shopify Plus ) : Analyser les besoins des clients. Faire les estimations & budgets . Mettre en place le planning et le suivi des projets. Coordonner les ressources internes. Contrôler et assurer la qualité des développement…,2025-05-24T06:59:17Z,Onsite,https://www.adzuna.fr/land/ad/5213751007?se=7L4iIoE48BG0wAyeaCZXLA&utm_medium=api&utm_source=25f3af84&v=1826273F80882F990B0261FD25A74EF2EAE86508
FR,Spécialiste en marketing numérique,Yodi Beauty,"Paris, Ile-de-France",,,,,0,Unknown,"CDI - Expert Digital, E-Commerce et Marketing (H/F) Yodi est une marque innovante et green de soins et de parfums maison basée à Paris. La marque se développe et est en croissance et continue à se développer en Digital, en France et a l’Export. Pour renforcer l’équipe Marketing et Digitale, nous recherchons un ou un expert Digital et marketing et e-commerce. Cet Expert sera en relation directe avec le Manager Digital et la fondatrice de Yodi et en parfaite coordination avec l’équipe. Missions L…",2025-05-24T06:59:17Z,Onsite,https://www.adzuna.fr/land/ad/5213751063?se=7L4iIoE48BG0wAyeaCZXLA&utm_medium=api&utm_source=25f3af84&v=F0E8B689FD7EA4E2BF35347D5F2B4AF4F965DAE2
FR,Ingénieur Commercial Industrie H/F,Chubb Fire & Security Group,"Amiens, Somme",,,,,0,Unknown,"Chubb Fire & Security est une entreprise d’APi Group et l'un des principaux fournisseurs de solutions et de services de sécurité incendie et de sécurité électronique pour des clients du monde entier. Nous protégeons les personnes et les biens depuis plus de 200 ans. Aujourd'hui, nos 13 000 collaborateurs répartis dans plus de 200 agences et dans 17 pays travaillent à rendre le monde plus sûr, à protéger les personnes et à assurer la tranquillité d'esprit des clients. Nos services de sécurité in…",2025-05-24T06:59:17Z,Onsite,https://www.adzuna.fr/land/ad/5213751033?se=7L4iIoE48BG0wAyeaCZXLA&utm_medium=api&utm_source=25f3af84&v=334A461C3F332C2ED1A4E68D50B34603EAAC0552
FR,Full Stack Engineer,European Tech Recruit,"Paris, Ile-de-France",,,,,0,Unknown,"Fullstack Web Developer  Paris (4 days onsite) We're looking for a skilled and motivated Fullstack Web Developer to join a fast-growing Paris-based tech company building cutting-edge solutions at the intersection of healthcare, robotics, and AI. You'll play a key role in developing tools used by medical professionals worldwide. What You’ll Do Build and maintain our main web application used by doctors. Create new features and improve user experience, including a 2D map-style viewer. Develop sec…",2025-05-24T06:59:17Z,Onsite,https://www.adzuna.fr/land/ad/5213751050?se=7L4iIoE48BG0wAyeaCZXLA&utm_medium=api&utm_source=25f3af84&v=354F02568F78656730601FD37E4067F9A8CA7C58
FR,Chef de projet Machines spéciales (senior),INNOVATEAM x AWAKE,"Dieppe, Seine-Maritime",,,,,0,Unknown,"À propos de l’offre d’emploi ⚡️ La team recrute : toi aussi, deviens un InnovActeur ⚡️ Qui sommes-nous ?  En 2024, nous rassemblons l’ensemble de nos activités au sein d’AWAKE Group, pour accélérer les innovations environnementales et responsables dans l’industrie.  AWAKE Group, c’est : d’un côté INNOVATEAM, acteur de référence du conseil en ingénierie de l’autre AWAKE, notre expertise dédiée aux projets à forte valeur ajoutée environnementale et responsable, qui se déploie en France et en Belg…",2025-05-24T06:59:16Z,Onsite,https://www.adzuna.fr/land/ad/5213750911?se=7L4iIoE48BG0wAyeaCZXLA&utm_medium=api&utm_source=25f3af84&v=A69593BF2F7A98BC32599F005B7E70D894F43F24
FR,Pricing & Profitability Actuary,NEAT Protect,"Paris, Ile-de-France",,,,,0,Unknown,"NOTRE MISSION Neat est une assurtech en pleine croissance qui transforme l’assurance embarquée en Europe. Nous concevons des produits d’assurance innovants et sur-mesure pour les distributeurs, intégrés directement dans leurs parcours de vente, en ligne comme en point de vente, qui peuvent ainsi augmenter leurs marges, diversifier leurs revenus et fidéliser leurs clients. La technologie de Neat associe l’IA et des API robustes qui permettent une intégration rapide dans les parcours de vente en …",2025-05-24T06:59:16Z,Onsite,https://www.adzuna.fr/land/ad/5213750918?se=7L4iIoE48BG0wAyeaCZXLA&utm_medium=api&utm_source=25f3af84&v=194E84CC9D0DCAB9F1F7F21329649129B0FBDC8B
FR,Chef.fe de projets Data Risques - Banque (CDI),Aptic Conseil en Recrutement,"Paris, Ile-de-France",,,,,0,Emplois Comptabilité et Finance,"Notre client, un établissement bancaire de premier plan, recherche afin de renforcer ses équipes, un.e : Chef.fe de projet Data Risques Enjeux et Contexte : Au sein de la Direction des Risques Groupe, et plus particulièrement de la Direction Risques Filiales et Projets Stratégiques, le département Projets et Transformation assure les fonctions suivantes : Garantir l’alignement du portefeuille de projets dont il est responsable à la stratégie de la DRG, Prioriser le portefeuille de projets en li…",2025-05-24T06:59:16Z,Onsite,https://www.adzuna.fr/land/ad/5213750892?se=7L4iIoE48BG0wAyeaCZXLA&utm_medium=api&utm_source=25f3af84&v=AA4F77BDB30758ADDAC45441941A68DC0A2CB6DC
FR,Assistant(e) chef de projet trade (alternance),Valiuz,"Lille, Nord",,,,,0,Unknown,"Née en 2019, Valiuz est une alliance technologique s’appuyant sur l’intelligence collective pour faire de la donnée un atout stratégique au service de l’innovation et de la transformation du commerce. Fort d’une vingtaine d’enseignes partenaires, aussi puissantes que complémentaires (parmi lesquelles Leroy Merlin, Décathlon, Auchan, Kiabi ou encore Boulanger), Valiuz mutualise et valorise les données pour enrichir la connaissance client et renforcer la personnalisation des expériences d’achat. …",2025-05-24T06:59:16Z,Onsite,https://www.adzuna.fr/land/ad/5213750895?se=7L4iIoE48BG0wAyeaCZXLA&utm_medium=api&utm_source=25f3af84&v=91C31885B3F9BA0587D210133BE2DE7B1C7AD916
FR,Product Owner,Visian,"Ile-de-France, France",,,,,0,Unknown,"-OPPORTUNTIE EN CDI- Visian , cabinet de conseil spécialisé en data et innovation, accompagne depuis plus de 7 ans de grands comptes dans leur transformation numérique. Passionnés de data, nous intervenons sur des projets à fort impact mêlant expertise technique, agilité et stratégie produit. Dans le cadre de notre développement, nous recherchons un·e Product Owner IT pour renforcer nos équipes et accompagner nos clients dans la mise en place de produits digitaux à forte valeur ajoutée. En tant…",2025-05-24T06:59:16Z,Onsite,https://www.adzuna.fr/land/ad/5213750945?se=7L4iIoE48BG0wAyeaCZXLA&utm_medium=api&utm_source=25f3af84&v=5AA3C874A8676B01B1267855E96333A029F083BE
FR,Ingénieur Chargé(e) d’exploitation (photovoltaiques),INNOVATEAM x AWAKE,"Paris, Ile-de-France",,,,,0,Unknown,"À propos de l’offre d’emploi ⚡️ La team recrute : toi aussi, deviens un InnovActeur ⚡️ Qui sommes-nous ?  En 2024, nous rassemblons l’ensemble de nos activités au sein d’AWAKE Group, pour accélérer les innovations environnementales et responsables dans l’industrie.  AWAKE Group, c’est : d’un côté INNOVATEAM, acteur de référence du conseil en ingénierie de l’autre AWAKE, notre expertise dédiée aux projets à forte valeur ajoutée environnementale et responsable, qui se déploie en France et en Belg…",2025-05-24T06:59:15Z,Onsite,https://www.adzuna.fr/land/ad/5213750821?se=7L4iIoE48BG0wAyeaCZXLA&utm_medium=api&utm_source=25f3af84&v=7DF193D04069F164DDF3D7767225E9A498110142
FR,Digital & Data Strategy - Associate Manager,JAKALA,"Paris, Ile-de-France",,,,,0,Unknown,"JAKALA est une société leader européenne dans les métiers du conseil de transformation data, IA et stratégies marketing. Présente initialement en Italie et dans le reste de l’Europe, JAKALA a récemment étendu ses activités en France en 2023. La mission de JAKALA est d'aider ses clients à tirer un avantage concurrentiel mesurable via une exploitation durable des données et des technologies. Nous concevons et déployons des solutions qui visent à créer une valeur ajoutée tangible, optimiser les in…",2025-05-24T06:59:15Z,Onsite,https://www.adzuna.fr/land/ad/5213750837?se=7L4iIoE48BG0wAyeaCZXLA&utm_medium=api&utm_source=25f3af84&v=606971C039653C48E7B83EC7EFAB078915B25242
FR,Architecte Solution JAVA (H/F),GROUPE ALLIANCE,"Paris, Ile-de-France",,,,,0,Unknown,"SI TU AIMES BÂTIR DES FONDATIONS SOLIDES, CETTE ANNONCE EST LE PLAN IDEAL POUR TOI  CE QUE TU RECHERCHES : Concevoir des solutions IT innovantes et performantes Participer à des projets stratégiques et multi-technologiques Relever des défis d’architecture et d’intégration Donner un nouveau souffle à ta carrière Alors nous avons la mission idéale pour toi. Au sein d’un acteur majeur du secteur de l'assurance, tu participeras à la mise en place de solutions technologiques adaptées : Analyse des b…",2025-05-24T06:59:15Z,Onsite,https://www.adzuna.fr/land/ad/5213750758?se=7L4iIoE48BG0wAyeaCZXLA&utm_medium=api&utm_source=25f3af84&v=7B9EA1D50D49238C050E22AEF0C9B080C5E3FD3C
FR,Architecte Office 365 H/F,Exakis Nelite,"Lyon, Rhône",,,,,0,Unknown,"Exakis Nelite, entité du groupe Magellan Partners , est le 1er partenaire pure-player Microsoft indépendant en France avec l’ambition de devenir le premier partenaire Européen et en Afrique Francophone avec sa forte présence au Maroc. Nés du rapprochement de 2 leaders spécialistes de l’intégration des solutions Microsoft, nous allions expertise technique et fonctionnelle pour répondre concrètement aux enjeux de demain : accélération de la transformation digitale, CyberSécurité, Intelligence Art…",2025-05-24T06:59:15Z,Onsite,https://www.adzuna.fr/land/ad/5213750785?se=7L4iIoE48BG0wAyeaCZXLA&utm_medium=api&utm_source=25f3af84&v=DCB81401425BE0F4AC49F18FF9042946D47EF3E1
FR,Alternance Analyste Fonctionnel SI - Gestion de projet IOT (F/H),VINCI CONSTRUCTION SI,"Nanterre, Hauts-de-Seine",,,,,0,Unknown,"QUI SOMMES-NOUS ? Rejoindre les équipes de VINCI Construction SI, c’est participer à la transformation digitale du Groupe au service des utilisateurs. Nos missions sont de moderniser nos outils de gestion, nos applications métiers, améliorer la cybersécurité et nos infrastructures IT. Nous travaillons sur l’adoption de nos outils par les utilisateurs et souhaitons construire le futur numérique (IA, BIM, IOT…). Pour les plus curieux/se, n’hésitez pas à vous rendre sur notre page LinkedIn ainsi q…",2025-05-24T06:59:14Z,Onsite,https://www.adzuna.fr/land/ad/5213750650?se=7L4iIoE48BG0wAyeaCZXLA&utm_medium=api&utm_source=25f3af84&v=7D9C9F232EF88F6F44C8AC44440DF6894E0E4666
FR,AI/ML for Algorithmic Trading Engineer (Paris-based),Quod Financial,"Paris, Ile-de-France",,,,,0,Emplois Informatique,"Quod Financial Quod Financial is a leading Trading software provider for capital markets. Quod Financial's products are intended for execution and liquidity research for stock exchanges, banks, and brokers. Quod Financial's solutions cover Equities, Derivatives and Currencies. Quod Financial is present in Asia, Europe and the United States. Job description You will be joining the Data Science team working on projects in Machine Learning and GenAI, for our flagrship algorithmic trading products …",2025-05-24T06:59:14Z,Onsite,https://www.adzuna.fr/land/ad/5213750677?se=7L4iIoE48BG0wAyeaCZXLA&utm_medium=api&utm_source=25f3af84&v=43EEC77F5008A753B70708DE9F7825C947078A5E
FR,Développeur C# .NET Finance,Meritis | B Corp™,"Ile-de-France, France",,,,,0,Unknown,"Nous sommes à la recherche de développeurs C# .NET expérimentés pour intervenir sur des projets à forte valeur ajoutée dans le secteur Banque / Finance , au sein d’équipes expertes en delivery. Qui sommes-nous ? Meritis est une société de Conseil, Pilotage et Développement IT en forte croissance comptant aujourd’hui 950 collaborateurs , dans les six coins de la France ! Certifiés Great Place To Work depuis 2013 , nous sommes fiers d'axer notre développement sur l’accompagnement et la proximité …",2025-05-24T06:59:14Z,Onsite,https://www.adzuna.fr/land/ad/5213750698?se=7L4iIoE48BG0wAyeaCZXLA&utm_medium=api&utm_source=25f3af84&v=9B7C2675946FD3F21739505F6EBD4F58D0E3F343
FR,Lead Data Engineer,ENOSI RH,"Lille, Nord",,,,,0,Unknown,"Enosi RH est le Cabinet de recrutement spécialiste des métiers de l'IT et de la vente. À l'écoute de vos projets professionnels, nous sommes le trait d'union entre vous et nos clients. Nous proposons d'être votre partenaire de confiance. Notre client , leader sur son marché, de la vente de services dématérialisés auprès des entreprises, souhaite accroître le traitement de ses données et la structuration de son équipe Engineering. Enosi RH vous propose de les rejoindre en tant que Lead Data Engi…",2025-05-24T06:59:14Z,Onsite,https://www.adzuna.fr/land/ad/5213750602?se=7L4iIoE48BG0wAyeaCZXLA&utm_medium=api&utm_source=25f3af84&v=C9A23F23458F88E0A2396800884D4FE6C65B58E4
FR,Lead Automaticien (F/H/NB),Valeuriad,"Nantes, Loire-Atlantique",,,,,0,Unknown,"Rejoignez Valeuriad , ESN Agile, engagée, 100% Nantaise et organisée sur un mode de management participatif.  Oui, mais quelle serait votre valeur ajoutée ? Le Poste : Lead Automaticien Votre Rôle : Porter la stratégie de tests globales Élaborer et documenter la stratégie de test produit de A à Z Piloter, concevoir et suivre les activités de tests (cas d’usage, jeux de données, rapports de tests, traçabilité de couverture de tests. Industrialiser les tests (choix de solutions, conceptions et ex…",2025-05-24T06:59:14Z,Onsite,https://www.adzuna.fr/land/ad/5213750675?se=7L4iIoE48BG0wAyeaCZXLA&utm_medium=api&utm_source=25f3af84&v=725723291A0DD52A687772DE888549D30CC41A2A
FR,Business Units Success Manager,Geopost,"Issy-les-Moulineaux, Boulogne-Billancourt",,,,,0,Unknown,"About Geopost Geopost, a European leader in parcel delivery and solutions for e-commerce, operates in more than 50 countries across all continents through its network of expert delivery brands, including: DPD, Chronopost, SEUR, BRT, Speedy and Jadlog. Leveraging its industry-specific expertise, Geopost is further growing the development of Out-Of-Home delivery services with Pickup, the densest parcel shop and locker network in Europe and is also expanding temperature-controlled solutions for fo…",2025-05-24T06:59:14Z,Onsite,https://www.adzuna.fr/land/ad/5213750611?se=7L4iIoE48BG0wAyeaCZXLA&utm_medium=api&utm_source=25f3af84&v=CA20C227567589C97BF6DF472F7321089B2DE4DC
FR,Support Fonctionnel Finance - CDI (H/F),Meritis | B Corp™,"Paris, Ile-de-France",,,,,0,Unknown,"Meritis est un cabinet de conseil spécialisé en IT pour la finance, reconnu comme un acteur clé du secteur. A titre d'exemple, 1 er partenaire et principal fournisseur d’Amundi, 2 nd fournisseur de BNPP CIB et partenaire majeur de Natixis, nous accompagnons l’ensemble des banques d’investissement, intermédiaires de marchés, hedge funds, asset managers de la place parisienne. Notre expertise couvre toute la chaîne Front-to-Back, en intervenant sur des projets stratégiques et à forte valeur ajout…",2025-05-24T06:59:14Z,Onsite,https://www.adzuna.fr/land/ad/5213750620?se=7L4iIoE48BG0wAyeaCZXLA&utm_medium=api&utm_source=25f3af84&v=B0ECB853289DE2D45BB8B3DB9246CD632197A226
FR,Analyste Investissement (Alternance),Bagan REIM,France,,,,,0,Unknown,"Bagan REIM, société de gestion créée en 2009 et agréée AIFM (Alternative Investment Fund Manager) par l'Autorité des Marchés Financiers, conçoit, structure et gère des véhicules d’investissement en immobilier d’entreprise pour une clientèle exclusivement professionnelle. Dans le cadre d'une croissance durable, nos fonds investissent essentiellement en régions dans des immeubles de bureaux, des locaux d'activité et des bâtiments industriels. Avec l'objectif de créer de la valeur et de dynamiser …",2025-05-24T06:59:14Z,Onsite,https://www.adzuna.fr/land/ad/5213750619?se=7L4iIoE48BG0wAyeaCZXLA&utm_medium=api&utm_source=25f3af84&v=ECC3303812E4FA068BB0561153F7C31D134B3BC0
FR,Chef de projets CRM F/H,Orange Business,France,,,,,0,Unknown,"Votre rôle En tant que Chef de Projets, vous prendrez en charge des projets au forfait principalement, avec engagement de résultats, dans le domaine technologique Microsoft Dynamics 365. A ce titre, vous serez garant(e) du budget, du périmètre, du planning et de la qualité des projets dont vous aurez la responsabilité tout en garantissant la satisfaction des clients. Vos principales missions seront les suivantes : Optimiser la Satisfaction des clients, Assurer la rentabilité des projets, Garant…",2025-05-24T06:59:14Z,Onsite,https://www.adzuna.fr/land/ad/5213750596?se=7L4iIoE48BG0wAyeaCZXLA&utm_medium=api&utm_source=25f3af84&v=34CF09820BDAB30AABACF4651C693D07292360E2
FR,Safety Compliance Lead,Excelya,"Boulogne-Billancourt, Hauts-de-Seine",,,,,0,Unknown,"Why Join Us? At Excelya, we combine passion for science with enthusiasm for teamwork to redefine excellence in healthcare. Here’s what makes us unique— We are a young, ambitious health company representing 900 Excelyates, driven to become Europe’s leading mid-size CRO with the best employee experience . Our one-stop provider service model —offering full-service, functional service provider, and consulting—enables you to evolve through diverse projects. Working alongside preeminent experts, you …",2025-05-24T06:59:13Z,Onsite,https://www.adzuna.fr/land/ad/5213750521?se=7L4iIoE48BG0wAyeaCZXLA&utm_medium=api&utm_source=25f3af84&v=BE5009B3B805C9E150496D3DE0C1368C6B709B4E
FR,Consultant Stratégie et Gouvernance Data / IA,QWANZA,"Paris, Ile-de-France",,,,,0,Unknown,"Après 12 années depuis sa fondation, QWANZA entame aujourd'hui une nouvelle phase d'accélération de son développement. Nous sommes déterminés à concrétiser et à donner du sens aux grandes transformations économiques et humaines. Notre vision consiste à relier les enjeux métiers et technologiques, à fédérer des collectifs intelligents, multiculturels et multi expertises. Nous intervenons avec succès dans une multitude de secteurs tels que l'énergie, l'aérospatiale et la défense, le transport, la…",2025-05-24T06:59:13Z,Onsite,https://www.adzuna.fr/land/ad/5213750498?se=7L4iIoE48BG0wAyeaCZXLA&utm_medium=api&utm_source=25f3af84&v=D7D1024C5B6CA841CCCCE1462F8EFDB7EAD3FCC1
FR,Technicien courant faible H/F,Chubb Fire & Security France,France,,,,,0,Unknown,"Chubb Delta est un acteur majeur de la sécurité électronique en France, spécialiste de la protection des biens et des personnes. Nous intervenons au service de clients B2B/professionnels finaux (immeubles de bureaux, sites industriels, centres commerciaux, écoles, hôpitaux, data centers, administrations, musées, etc.) pour déployer, équiper, faire fonctionner et maintenir l'ensemble des solutions de sûreté électronique : alarme & détection Intrusion, vidéosurveillance, vidéoprotection, contrôle…",2025-05-24T06:59:13Z,Onsite,https://www.adzuna.fr/land/ad/5213750560?se=7L4iIoE48BG0wAyeaCZXLA&utm_medium=api&utm_source=25f3af84&v=9D9B9EEC4C578A559373A4F29EECDB5D6611DFC4
FR,ASIC Architect - R&D / HPC / AI,European Tech Recruit,"Grenoble, Isère",,,,,0,Unknown,"ASIC Architect | R&D / HPC / AI Shape the Future of Tech for Good: ASIC Architect R&D Join a leading technology innovator and be at the forefront of technological advancement, contributing to solutions that benefit society. As an ASIC Architect in the R&D team, you'll define the next generation of high-performance products for AI and HPC, working alongside top experts in a supportive and inclusive environment. This position is located in one of the cutting-edge R&D centers in Clayes-sous-Bois, …",2025-05-24T06:59:13Z,Onsite,https://www.adzuna.fr/land/ad/5213750494?se=7L4iIoE48BG0wAyeaCZXLA&utm_medium=api&utm_source=25f3af84&v=D25EAF7D4C89E56A43D2EE9B559F8AF276DA4A93
FR,Chef(fe) de projet data H/F,DPD France,"Issy-les-Moulineaux, Boulogne-Billancourt",,,,,0,Unknown,"Au sein du Pôle data (4 personnes), intégré à la Direction de la transformation et des projets de DPD France, le/la Chef(fe) de projet data H/F aura la charge d’accompagner le projet data, qui entre dans sa phase de « run ». Ce projet a pour but d’une part, de migrer progressivement l’ensemble des données de l’entreprise vers un DWH central dans le Cloud et le reporting de l’entreprise, d’autre part de produire des analyses inédites grâce au croisement de données que permet la centralisation et…",2025-05-24T06:59:12Z,Onsite,https://www.adzuna.fr/land/ad/5213750390?se=7L4iIoE48BG0wAyeaCZXLA&utm_medium=api&utm_source=25f3af84&v=698273F7CABA19D363CC27269E88903FED0C4B40
FR,Alternance - Data Analyst H/F,BforBank,France,,,,,0,Emplois Comptabilité et Finance,"Sur le modèle d'une ""Tech company"", BforBank place l'humain et le digital au cœur de sa transformation. Notre mission, offrir à nos clients une expérience bancaire incomparable pour répondre à leurs besoins et usages mobile.   Rejoindre BforBank c’est rejoindre une équipe engagée dans un grand projet de développement stratégique en France et en Europe. Nous sommes aujourd’hui 600 passionné(e)s et recherchons nos talents pour construire la banque de demain .  Nous croyons en la force du collecti…",2025-05-24T06:59:12Z,Onsite,https://www.adzuna.fr/land/ad/5213750359?se=7L4iIoE48BG0wAyeaCZXLA&utm_medium=api&utm_source=25f3af84&v=BBB71FFD6BFBB78491A741762874A7E98092105A
FR,Développeur Python/Développeuse Python,Aleysia,"Grenoble, Isère",,,,,0,Unknown," Tu as l'esprit d'initiative et tu aimes travailler dans un environnement stimulant, postule sans attendre à cette offre de Développeur·se Python qui est faite pour toi ! ⬇️  Ton challenge si tu l’acceptes : Développer des solutions innovantes en Python, avec un code optimisé, clair et bien documenté. Intégrer des API et interagir avec des bases de données relationnelles et / ou non relationnelles Contribuer à la pérennité et à l'évolution des applications en assurant leur maintenance et en pro…",2025-05-24T06:59:12Z,Onsite,https://www.adzuna.fr/land/ad/5213750418?se=7L4iIoE48BG0wAyeaCZXLA&utm_medium=api&utm_source=25f3af84&v=7445026694AF0CB401DD8E837032584010927C5D
FR,Ingénieure bases de données/Ingénieur bases de données,Capgemini,"Toulouse, Haute-Garonne",,,,,0,Unknown,"Rejoindre Capgemini ? Oui, mais pour faire quoi ? Choisir Capgemini, c'est choisir une entreprise où vous serez en mesure de façonner votre carrière selon vos aspirations. Avec le soutien et l'inspiration d'une communauté d’experts dans le monde entier, vous pourrez réécrire votre futur. Rejoignez-nous pour redéfinir les limites de ce qui est possible, contribuer à libérer la valeur de la technologie pour les plus grandes organisations et participer à la construction d’un monde plus durable et …",2025-05-24T06:59:12Z,Onsite,https://www.adzuna.fr/land/ad/5213750423?se=7L4iIoE48BG0wAyeaCZXLA&utm_medium=api&utm_source=25f3af84&v=AF019034860CB8A771070A1AB74A775D9592CD07
FR,Ingénieur DevOps/Ingénieure DevOps,5 Degrés,France,,,,,0,Unknown,"5 Degrés Toulouse est une agence de conseil à taille humaine spécialisée dans le produit digital. Basés à Toulouse depuis trois ans, nous accompagnons nos clients de divers secteurs d'activités (santé, aéronautique, automobile, grande distribution) à la fois en BtoB et BtoC. Organisés en cinq practices, nous couvrons intégralement la chaîne de création d'un produit digital : Product Management, Product Design, Product Development, Product Quality, Product Data Notre ambition : devenir un acteur…",2025-05-24T06:59:12Z,Onsite,https://www.adzuna.fr/land/ad/5213750357?se=7L4iIoE48BG0wAyeaCZXLA&utm_medium=api&utm_source=25f3af84&v=06E7FF3A1F4694CBB1764664A90DA87C1F84C6FF
FR,Analyste des investissements,Colliers Global Investors France,"Paris, Ile-de-France",,,,,0,Emplois Immobilier,"Colliers Global Investors -Contrat en Alternance- Investment & Asset Management Qui sommes-nous… ? Colliers Global Investors est une société de gestion réglementée, spécialisée dans la création puis la gestion de fonds ou de véhicules d'investissements immobiliers qui dispose d'une expertise spécifique dans la valorisation d'actifs immobiliers. Nous intervenons sur l'intégralité du spectre de création de valeur (Structuration de Fonds, Acquisition, Gestion, Création de valeur, Reporting, Arbitr…",2025-05-24T06:59:12Z,Onsite,https://www.adzuna.fr/land/ad/5213750355?se=7L4iIoE48BG0wAyeaCZXLA&utm_medium=api&utm_source=25f3af84&v=4B806FDC271312905C707F59FF1A940BBF1EF8F2
FR,SAP Data Migration Lead,RED Global,"Paris, Ile-de-France",,,,,0,Unknown,SAP Data Migration Lead – French and English Speaker  Red’s global client is currently looking for a Data Quality Manager to join a SAP S/4 hana global project. Red’s global client is currently looking for SAP Data Migration Lead to join a SAP ECC to S/4 migration project. This is a 6 month rolling contract opportunity starting ASAP and will be hybrid working in Paris. For this role Fluent English and French is required. Role Details: 10 years in SAP Data Migration experience Must have strong S…,2025-05-24T06:59:12Z,Hybrid,https://www.adzuna.fr/land/ad/5213750387?se=7L4iIoE48BG0wAyeaCZXLA&utm_medium=api&utm_source=25f3af84&v=8D218EB8C2C4398D0AFCEB7492DD5A4E62CE3BEB
FR,Chef de projet Data & IA,Worldgrid,"Lyon, Rhône",,,,,0,Unknown,"Description du poste : Dans le cadre de projets d’innovation liés à la donnée et à l’intelligence artificielle pour un acteur majeur du secteur de l’énergie, nous recrutons un(e) Chef de projet Data & IA . Vous serez responsable du pilotage de projets data/IA de bout en bout : de la phase de cadrage à la mise en production, en lien avec des équipes pluridisciplinaires (data scientists, data engineers, métiers, IT). Vos missions : Cadrer les besoins métiers et définir les cas d’usage Data/IA Str…",2025-05-24T06:59:11Z,Onsite,https://www.adzuna.fr/land/ad/5213750305?se=7L4iIoE48BG0wAyeaCZXLA&utm_medium=api&utm_source=25f3af84&v=F607C3E6A6C43C6EAFBE6353A98DFBE8CD608B68
FR,Senior Data Engineer,BAO,"Paris, Ile-de-France",,,,,0,Unknown,"Startup deeptech en forte croissance, spécialisée dans l’application de l’IA à la découverte de nouveaux matériaux pour des industries à forte intensité carbone, recherche un·e Senior Data Engineer. Soutenue par un financement significatif (>5M€) et fondée par des experts reconnus, l'équipe allie excellence scientifique et innovation technologique. Missions : Concevoir et maintenir des pipelines de données robustes, traitant des données issues de simulations, de publications scientifiques et de…",2025-05-24T06:59:11Z,Onsite,https://www.adzuna.fr/land/ad/5213750256?se=7L4iIoE48BG0wAyeaCZXLA&utm_medium=api&utm_source=25f3af84&v=206CEB24F0035A7A989E27D4CE04C94E3E3570DB
FR,Stage - Analyste de données,"Aliive, pour une alimentation positive","Neuilly-sur-Seine, Nanterre",,,,,0,Unknown,"Al ii ve est une entreprise de la foodtech 100% digitale, fondée en 2009 par le chef 3* Michelin Mauro Colagreco et Vincent Guillet. Pionnière sur la livraison à domicile de repas frais à vocation santé, la mission d'Al ii ve (contraction de ""Alimentation"" et ""Positive"") est d'aider ses clients à se sentir bien au quotidien grâce à une alimentation personnalisée aux besoins de chacun, centrée autour du plaisir et de la naturalité des produits, et pratique grâce à la livraison à domicile. Pour c…",2025-05-24T06:59:10Z,Onsite,https://www.adzuna.fr/land/ad/5213750185?se=7L4iIoE48BG0wAyeaCZXLA&utm_medium=api&utm_source=25f3af84&v=21CCEA7BB47BDA3A00F443D0593655C612B6E6E5
FR,Digital Success Manager,NIIT,France,,,,,0,Unknown,"About the company: At NIIT, we’re transforming the way the world learns, for the better. That’s why the world’s best run learning functions across 30 countries trust us with their learning and talent. Since 1981, we have helped leading companies transform their learning ecosystems while increasing the business value of learning. Our comprehensive, high impact managed learning solutions weave together the best of learning theory, technology, operations, and services to enable a thriving workforc…",2025-05-24T06:59:10Z,Onsite,https://www.adzuna.fr/land/ad/5213750146?se=7L4iIoE48BG0wAyeaCZXLA&utm_medium=api&utm_source=25f3af84&v=D7A8478F4402199765F0435630EC4E2C7683F4D9
FR,Data Expert PowerBI Online,Worldgrid,"Lyon, Rhône",,,,,0,Unknown,"Description du poste : Dans le cadre d’un projet de transformation digitale pour un acteur de référence dans le secteur de l’énergie , nous recherchons un(e) Data Expert Power BI Online . Vous serez en charge de concevoir, structurer et optimiser les solutions de reporting et de visualisation, en lien avec les équipes métiers et techniques. Vos missions : Concevoir des dashboards interactifs et performants sur Power BI Online Structurer et modéliser les jeux de données pour garantir des analyse…",2025-05-24T06:59:10Z,Onsite,https://www.adzuna.fr/land/ad/5213750149?se=7L4iIoE48BG0wAyeaCZXLA&utm_medium=api&utm_source=25f3af84&v=F62B31EBB558743A0B7D4A4C945292E4D06BACEC
FR,Full Stack Engineer,HCLTech,"Paris, Ile-de-France",,,,,0,Unknown,"Job Title: Senior Full Stack Developer Location: Paris Experience: 4-30 Years Language: French native or similar Job Summary: We are looking for a versatile and experienced Senior Full Stack Developer / Technical Specialist with strong command over both legacy systems (COBOL, PeopleSoft, Shell, Perl) and modern development technologies (Java, JavaScript, Spark, Angular, React). The ideal candidate will contribute to modernization, integration, and transformation of complex enterprise systems, e…",2025-05-24T06:59:10Z,Onsite,https://www.adzuna.fr/land/ad/5213750199?se=7L4iIoE48BG0wAyeaCZXLA&utm_medium=api&utm_source=25f3af84&v=B2B834BCBF29E39215BF1DA87169BD1D0EBC20B4
FR,Ingénieur.e commercial.e ALTERNANCE,Axians France,"Ile-de-France, France",,,,,0,Unknown,"Notre entreprise Axians Outsourcing IDF Industrie , basée à La Plaine Saint-Denis ( 93 ), propose à ses clients issus de divers secteurs d'activité, une infogérance globale sur les services ICT sur de larges périmètres techniques. Nous sommes aujourd’hui près de 62 collaborateurs dont la majeure partie travaille au quotidien chez nos clients. Dans le cadre de notre développement, nous recherchons, un.e Ingénieur.e d’Affaires en alternance pour accompagner le Responsable d’Affaires dans le dével…",2025-05-24T06:59:10Z,Onsite,https://www.adzuna.fr/land/ad/5213750129?se=7L4iIoE48BG0wAyeaCZXLA&utm_medium=api&utm_source=25f3af84&v=8447B43C3D44AA9C3B0342EC9D22F482E9348F90
FR,Cloud Builder Finance H/F,Thales,"Vélizy-Villacoublay, Versailles",,,,,0,Unknown,"Construisons ensemble un avenir de confiance Thales est un leader mondial des hautes technologies spécialisé dans trois secteurs d’activité : Défense & Sécurité, Aéronautique & Spatial, et Cyber & Digital. Il développe des produits et solutions qui contribuent à un monde plus sûr, plus respectueux de l’environnement et plus inclusif. Le Groupe investit près de 4 milliards d’euros par an en Recherche & Développement, notamment dans des domaines clés de l’innovation tels que l’IA, la cybersécurit…",2025-05-24T06:59:10Z,Onsite,https://www.adzuna.fr/land/ad/5213750153?se=7L4iIoE48BG0wAyeaCZXLA&utm_medium=api&utm_source=25f3af84&v=7CEFA3755A3063BC2872008C036270A104DD3EBB
FR,Responsable ADV & Logistique,Parfums de Marly,"Paris, Ile-de-France",,,,,0,Unknown,"Description du poste Nous recherchons un(e) Responsable ADV Logistique expérimenté(e), passionné(e), rattaché (e) au Chief Operations Officer, pour garantir un service client optimal, piloter et optimiser l’ensemble des flux de commandes clients, de la saisie à la livraison, en assurant une coordination fluide entre les équipes commerciales, logistiques et les partenaires externes. Ce rôle clé allie excellence opérationnelle, management d’équipe et forte orientation client, le tout dans l’unive…",2025-05-24T06:59:09Z,Onsite,https://www.adzuna.fr/land/ad/5213750024?se=7L4iIoE48BG0wAyeaCZXLA&utm_medium=api&utm_source=25f3af84&v=75E8AEDABFC09F0C7BCBD2688EC39C60AF46DE61
FR,Desktop Support Engineer,Fortray Global Service Limited,"Pluvigner, Lorient",,,,,0,Unknown,"Fortray Global is looking for a desktop or EUC L1 Engineer with B2-certified French proficiency. Our client is a local French company, so the candidate must have work authorization in France or a stable visa valid for at least two years. Main Duties and Responsibilities Install, upgrade, support, and troubleshoot Windows, Mac, and other authorized software/applications. Install, upgrade, support, and troubleshoot desktop, laptops, printers, mobile devices, video conferencing equipment, and othe…",2025-05-24T06:59:09Z,Onsite,https://www.adzuna.fr/land/ad/5213749996?se=7L4iIoE48BG0wAyeaCZXLA&utm_medium=api&utm_source=25f3af84&v=65D6208D76940109FBF8D6D445A813203C5011D3
FR,Alternance - Data Analyste H/F,Crédit Agricole Alpes Provence,"Aix-en-Provence, Bouches-du-Rhône",,,,,0,Emplois Comptabilité et Finance,"Le groupe Crédit Agricole est l'un des tout premiers acteurs bancaires en Europe. Premier bancassureur, leader de la banque universelle de proximité en France, le Crédit Agricole est la banque d'1 particulier sur 3, d'une entreprise sur 2 et de 9 agriculteurs sur 10. Fort de ses fondements coopératifs et mutualistes, de ses 150 000 collaborateurs et 31 000 administrateurs des Caisses locales et régionales, le groupe Crédit Agricole est une banque responsable et utile, au service de 49 millions …",2025-05-24T06:59:09Z,Onsite,https://www.adzuna.fr/land/ad/5213750062?se=7L4iIoE48BG0wAyeaCZXLA&utm_medium=api&utm_source=25f3af84&v=09730E83C6176305BA7D5B277417EF6E5BF9559B
FR,Dev Python TypeScript IAGen plateforme média,ALXDR Software Engineering,"Paris, Ile-de-France",,,,,0,Unknown,"Prestation de dev fullstack Python TypeScript, plateforme IA générative Data avec exp souhaitée secteur média. Python FastAPI, DTO, Langchain TypeScript, React, Node.js Google Cloud Platform (Cloud Run, Cloud Functions, Vertex AI) DevOps GitLab CI/CD APIs REST et GraphQL BDD relationnelles BigQuery, PostgreSQL, NoSQL Docker, Kubernetes, IaaC Terraform, Cloud Build RAG et orchestration LLM Agile/Scrum et collaboration avec les équipes produit et DevOps Dev de nouvelles interfaces et amélioration…",2025-05-24T06:59:09Z,Onsite,https://www.adzuna.fr/land/ad/5213750065?se=7L4iIoE48BG0wAyeaCZXLA&utm_medium=api&utm_source=25f3af84&v=FB96F22D05BF53C5617178619006C4CB9223BDB1
FR,Contrôleur de Gestion Sociale H/F,Jungheinrich France SAS,"Vélizy-Villacoublay, Versailles",,,,,0,Unknown,"Au sein de la Direction des Ressources Humaines et rattaché au Responsable du Contrôle de Gestion Sociale, il collecte, analyse et synthétise les données sociales dans l'objectif d'optimiser la politique RH et les couts financiers. Il met également en place les outils permettant de fiabiliser ces données A ce titre ses missions s'articulent autour de plusieurs axes : Il élabore la masse salariale de nos 1 200 collaborateurs en France pour les forecasts et pour les révisions budgétaires. Pour ce…",2025-05-24T06:59:08Z,Onsite,https://www.adzuna.fr/land/ad/5213749870?se=7L4iIoE48BG0wAyeaCZXLA&utm_medium=api&utm_source=25f3af84&v=495FDC2C75E2DB9A00F18187603A30413D0105F9
FR,Epic Analyst III- Professional Billing,Duly Health and Care,"Ile-de-France, France",,,,,0,Unknown,"The Epic Analyst – Professional Billing is responsible for the configuration, support, and maintenance of the Epic PB module and related revenue cycle workflows. This role plays a key part in ensuring accurate charge capture, claim processing, and billing logic across the organization. Ideal candidates for this role are detail-oriented, systems-driven professionals who excel in structured environments and bring technical depth to financial application management. Responsibilities Provide ongoin…",2025-05-24T06:59:08Z,Onsite,https://www.adzuna.fr/land/ad/5213749893?se=7L4iIoE48BG0wAyeaCZXLA&utm_medium=api&utm_source=25f3af84&v=D96544BB3DD592A8A17F57B19A06D4C634A2A9A6
US,Harvest Therapy Occupational Therapist Alliance,The Orchards / Harvest Therapy,"Alliance, Stark County",77549.73,77549.73,,77549.73,1,Healthcare & Nursing Jobs,"Full-time Description Essential Qualifications: · Minimum of Bachelor of Science Degree in Occupational Therapy from an accredited program. · Passing score on the National Board for Certification of Occupational Therapy Examination · Current licensure as Occupational Therapist in practicing state(s) · Current certification/ registry, as required. · Assume responsibility for ongoing continuing education and professional development to maintain current licensure and certification. Essential Job D…",2025-05-24T05:24:11Z,Onsite,https://www.adzuna.com/details/5214055576?utm_medium=api&utm_source=25f3af84
US,Service Specialist - Hybrid,PartsSource,"Hudson, Summit County",69553.72,69553.72,,69553.72,1,Customer Services Jobs,"About PartsSource PartsSource is the leading technology and software platform for managing mission-critical healthcare equipment . Trusted by over 5,000 US hospitals and 15,000 clinical sites, PartsSource empowers providers and service organizations to maximize clinical availability for patient care and automates the procurement of parts, services and training through a unique digital experience. PartsSource team members are deeply committed to our mission of Ensuring Healthcare is Always On® ,…",2025-05-24T05:24:04Z,Onsite,https://www.adzuna.com/details/5214055570?utm_medium=api&utm_source=25f3af84
US,Forklift Driver Production DUN,Roechling Automotive,"Duncan, Spartanburg County",46750.88,46750.88,,46750.88,1,Logistics & Warehouse Jobs,"Job Details Roechling Automotive Duncan - Duncan, SC Description Safely operate forklift equipment Load and unload incoming and outbound trucks Read work orders and follow verbal instructions Work with SAP console (scanner) for out and inbound material Other duties as assigned by management Each employee is responsible for the quality of his/her personal performance and how said performance impacts the environment, safety, and data security. This is applicable to the departments of development,…",2025-05-24T05:24:01Z,Onsite,https://www.adzuna.com/details/5214055568?utm_medium=api&utm_source=25f3af84
US,Senior Administrative Assistant/Deputy City Clerk,City of Fortuna,"Fortuna, Humboldt County",59280.0,72113.0,,72113.0,0,Admin Jobs,"Job Description  We’re hiring — and redefining work while we’re at it. Get Your Time Back: 34-Hour Workweek, Full-Time Pay  * 34-hour work week * Full-time pay * $6,000 stipend Under general direction of the City Clerk / Director of Human Resources, performs a variety of complex administrative and clerical support for the Administrative Services Department in such areas as administration of City Manager division, human resources, risk management, information technology management (IT), FPPC rep…",2025-05-24T05:23:57Z,Onsite,https://www.adzuna.com/details/5214055554?utm_medium=api&utm_source=25f3af84
US,"Business Operations Manager, Growth",Enterpret,"New York City, New York",121214.91,121214.91,,121214.91,1,"PR, Advertising & Marketing Jobs","About Enterpret As we transition to the world of AI native applications, there is one element that matters more than anything - the data. At Enterpret, we are unlocking the most impactful dataset for businesses - customer feedback - to help brands build products customers love. Our platform, powered by custom AI, unifies and deeply understands this unstructured data, and enables teams to extract meaningful insights. We power teams at Vimeo, Canva, Descript, Notion, Strava, Perplexity, Loom, and…",2025-05-24T05:23:56Z,Onsite,https://www.adzuna.com/details/5214055552?utm_medium=api&utm_source=25f3af84
US,Registered EEG Technologist,Intermountain Health,"Golden, Jefferson County",46420.91,46420.91,,46420.91,1,Healthcare & Nursing Jobs,"Job Description: Accountable for monitoring a full spectrum of Electroencephalogram (EEG) procedures. The position provides patient care and physician support through the monitoring of advanced long-term neurodiagnostic procedure using neurodiagnostic technologies, and through coordination of care with other health care professionals. Discover why Intermountain Health is a great place to work Posting Specifics: Hours: 24 part time Schedule: Must be flexible days and nights Benefits Eligible: Ye…",2025-05-24T05:23:47Z,Onsite,https://www.adzuna.com/land/ad/5214055355?se=EhsxI4E48BG0wAyeaCZXLA&utm_medium=api&utm_source=25f3af84&v=2F160466C4608F3EF5B7D77CA4C59862A5B1656F
US,Lead Clinical Supervisor - Pembroke,"Northeast Health Services, Northeast Health Services","Pembroke, Plymouth County",94076.74,94076.74,,94076.74,1,Healthcare & Nursing Jobs,"Join us at Northeast Health Services , a member of Transformations Care Network (TCN), as we embark on an exciting journey to empower individuals like you to make a difference in the field of behavioral health. We are committed to improving access to mental health care in our communities which means we are committed to being a great place to work. As a Lead Clinical Supervisor on our team, you will support the Clinic Director with the overall clinical operations. The Lead Clinical Supervisor is…",2025-05-24T05:23:47Z,Onsite,https://www.adzuna.com/land/ad/5214055354?se=EhsxI4E48BG0wAyeaCZXLA&utm_medium=api&utm_source=25f3af84&v=E12BCD6D92FA0C9979AFBE80BD94DDE6060EAC27
US,Lead Clinical Supervisor - Somerville,"Northeast Health Services, Northeast Health Services","Somerville, Middlesex County",85825.89,85825.89,,85825.89,1,Healthcare & Nursing Jobs,"Join us at Northeast Health Services , a member of Transformations Care Network (TCN), as we embark on an exciting journey to empower individuals like you to make a difference in the field of behavioral health. We are committed to improving access to mental health care in our communities which means we are committed to being a great place to work. As a Lead Clinical Supervisor on our team, you will support the Clinic Director with the overall clinical operations. The Lead Clinical Supervisor is…",2025-05-24T05:23:47Z,Onsite,https://www.adzuna.com/land/ad/5214055370?se=EhsxI4E48BG0wAyeaCZXLA&utm_medium=api&utm_source=25f3af84&v=F8BE7ECDB470E73F4F27F21A91ADE46D3E8BF3D5
US,Financial Advisor - Paid Training Provided,Edward Jones,"Austin, Mower County",91593.5,91593.5,,91593.5,1,Accounting & Finance Jobs,"Job Overview This job posting is anticipated to remain open for 30 days, from 23-May-2025. The posting may close early due to the volume of applicants. If you find yourself at a professional crossroads, a career as a financial advisor may be the right change for you. Financial advisors partner with clients to help them achieve their long-term financial goals: retirement, building wealth, estate strategies, funding education and more. As a financial advisor with Edward Jones, you'll develop and …",2025-05-24T05:23:46Z,Onsite,https://www.adzuna.com/land/ad/5214055136?se=EhsxI4E48BG0wAyeaCZXLA&utm_medium=api&utm_source=25f3af84&v=A86792DFACF0CA18C8D2C1B2A5CDDC6CF06E8E8E
US,Patient Service Representative,ID Care,"Florham Park, Morris County",39520.0,47840.0,,47840.0,0,Admin Jobs,"ID Care, P.A. is seeking a Full-Time patient service representative for our Florham Park office. This position will train in our Randolph location until our Florham Park office opens. If interested in the position, please read the job description below and apply. Pay rate: $19.00 - $23.00 per hour ID Care Vaccination Requirements : Influenza: All employees of ID Care shall be provided the influence vaccine. Employees will be required to obtain the influenza vaccine by December 1 of each calenda…",2025-05-24T05:23:39Z,Onsite,https://www.adzuna.com/details/5214055114?utm_medium=api&utm_source=25f3af84
US,Registered Nurse (RN) - Med Surg Ft Thomas,St. Elizabeth Healthcare,"Erlanger, Kenton County",82851.83,82851.83,,82851.83,1,Healthcare & Nursing Jobs,"Engage with us for your next career opportunity. Right Here. Job Type: Regular Scheduled Hours: 36 Job Summary: The licensed registered nurse is a professional nurse who is responsible and accountable for providing evidence-based clinical care to designated patients utilizing the nursing process. This is accomplished by assessing, planning, implementing, and evaluating care according to established ethical/cultural codes and standards of nursing practices and working collaboratively with interd…",2025-05-24T05:23:35Z,Onsite,https://www.adzuna.com/land/ad/5214055099?se=EhsxI4E48BG0wAyeaCZXLA&utm_medium=api&utm_source=25f3af84&v=078C8D1264B6F6117AB94508F1701573DC9FCDD7
US,Executive Assistant,Eastdil Secured,"Santa Monica, Los Angeles County",66702.38,66702.38,,66702.38,1,Accounting & Finance Jobs,"Overview Eastdil Secured is the global real estate investment bank that uniquely combines commercial real estate and capital markets expertise. We provide truly independent advice with the mission to drive value for our clients through creative, actionable ideas and flawless execution. Our knowledge-driven team is comprised of remarkable people who are seamlessly connected across all levels and geographies, merging experience, expertise, and resources to deliver the best strategies from around …",2025-05-24T05:23:34Z,Onsite,https://www.adzuna.com/details/5214055095?utm_medium=api&utm_source=25f3af84
US,Career Coach,Strive International,"Newark, Essex County",45000.0,50000.0,,50000.0,0,Teaching Jobs,"ORGANIZATIONAL OVERVIEW STRIVE is a national leader in workforce development solutions, empowering individuals to discover their best future selves through innovative, evidence-based career training and holistic, lifelong support. STRIVE partners with employers, funders and community organizations to close gaps in workforce needs and help local economies thrive. Founded in East Harlem, NY, in 1984, STRIVE has grown from its roots to now offer programs in locations across the country. For more t…",2025-05-24T05:23:34Z,Onsite,https://www.adzuna.com/details/5214055098?utm_medium=api&utm_source=25f3af84
US,Associate Director - Catastrophe Analytics,Howden,"Edina, Hennepin County",95000.0,140000.0,,140000.0,0,Accounting & Finance Jobs,"Howden Re is the global reinsurance broker and risk, capital & strategic advisor focused on relentless innovation & superior analytics for top client service. ​ ​ About Role People join Howden for many different reasons, but they stay for the same one: our culture. It’s what sets us apart, and the reason our employees have been turning down headhunters for years. Whatever your priorities – work / life balance, career progression, sustainability, volunteering – you’ll find like-minded people dri…",2025-05-24T05:23:23Z,Onsite,https://www.adzuna.com/details/5214055076?utm_medium=api&utm_source=25f3af84
US,Legal Assistant 2,Arizona Department of Administration,"Tucson, Pima County",38844.0,42394.0,,42394.0,0,Admin Jobs,"DEPARTMENT OF ECONOMIC SECURITY Your Partner For A Stronger Arizona. DES works with families, community organizations, advocates and state and federal partners to realize our collective vision: A thriving Arizona. DES serves more than 3 million Arizonans. Our Mission is to strengthen individuals, families, and communities for a better quality of life. LEGAL ASSISTANT 2 Job Location: Office of Inspector General 2255 West Ina Road, Tucson, Arizona 85741 Posting Details: Salary: $38,844-$42,394 Gr…",2025-05-24T05:23:18Z,Onsite,https://www.adzuna.com/details/5214055047?utm_medium=api&utm_source=25f3af84
US,"Manager, Private Client and Asset Management Group Risk Management",Raymond James,US,174054.11,174054.11,,174054.11,1,Accounting & Finance Jobs,"Job Description Job Summary Under strategic leadership, exercise significant autonomy to elevate our risk governance framework, leveraging sophisticated expertise cultivated through both academic achievement and practical experience. As a forward-thinking risk leader, you'll transform Private Client and Asset Management Groups risk management into strategic advantages that measurably enhance our client value proposition and organizational resilience. Skillfully translate intricate business stra…",2025-05-24T05:23:15Z,Onsite,https://www.adzuna.com/details/5214055035?utm_medium=api&utm_source=25f3af84
US,General Education Social Worker/Community School Engagement Specialist,Jackson County ISD,"Jackson, Jackson County",70375.0,84620.0,,84620.0,0,Social work Jobs,"Summary: Serves as part of a multidisciplinary team to seek out, coordinate, connect and navigate all students and families to supports and resources. Provides direct mental health services to general education students to meet needs and support student achievement. Develops partnerships both within the school and community and ensures that students and families receive access to human services, health care, social services, and mental health supports. Essential Duties and Responsibilities: An …",2025-05-24T05:23:15Z,Onsite,https://www.adzuna.com/details/5214055036?utm_medium=api&utm_source=25f3af84
US,Associate Integrated Planning & Scheduling Specialist,Boeing,"Berkeley, Saint Louis County",68850.0,93150.0,,93150.0,0,Engineering Jobs,"Associate Integrated Planning & Scheduling Specialist Company: The Boeing Company Boeing Defense, Space & Security (BDS) Air Dominance has an exciting opportunity for an Associate Integrated Planning and Scheduling (IP&S) Specialist to support the Advanced Programs Sensors & Security (APS&S) programs in Berkeley, MO, reporting to the APS&S IP&S Manager. Boeing is the world's largest aerospace company and leading manufacturer of commercial airplanes and defense, space, and security systems. We a…",2025-05-24T05:23:11Z,Onsite,https://www.adzuna.com/details/5214055008?utm_medium=api&utm_source=25f3af84
US,Night Driver/Warehouse Associate,Mygrant Glass Company Inc,"Capitol View, Richland County",38220.91,38220.91,,38220.91,1,Logistics & Warehouse Jobs,"Discover your next career at Mygrant Glass ! About Us: Mygrant Glass was established in 1926, we've journeyed from a single location in California to becoming the largest independent wholesale distributor of automotive glass in the United States. Our enduring success is built on a foundation of unparalleled inventory, an extensive warehouse network, and uncompromising quality standards. We thrive on forming lasting partnerships that drive the success of our valued customers. Night Delivery Driv…",2025-05-24T05:23:11Z,Onsite,https://www.adzuna.com/details/5214055009?utm_medium=api&utm_source=25f3af84
US,Store Inventory Control Associate,Weis Markets,"Charlotte Hall, St. Mary's County",31453.52,31453.52,,31453.52,1,Hospitality & Catering Jobs,"Looking for a company that treats associates with respect, understanding, and appreciation? Looking for a company that is passionate about teamwork and the growth of it's associates and communities? That's WEIS! Location Address: 30015 Three Notch Road Job Description: ESSENTIAL DUTIES AND RESPONSIBILITIES The associate is responsible for the functions below, in addition to other duties as assigned: Oversees vendors bringing merchandise in and out of store. Receives, checks, counts and records …",2025-05-24T05:23:11Z,Onsite,https://www.adzuna.com/details/5214055010?utm_medium=api&utm_source=25f3af84
US,"Senior Analyst, Corporate Strategy",Resmed,"San Diego, San Diego County",113000.0,169000.0,,169000.0,0,Accounting & Finance Jobs,"Partnering with our business verticals and functions, the Strategy and Ventures team is assisting with their near- and longer-term growth strategies, as well as shaping our 2025 corporate strategy. We are also progressing ResMed’s corporate development agenda, focusing on growth through mergers and acquisitions (M&A), partnerships and new business creation. We are seeking a skilled, motivated and self-starting senior analyst / manager to join the dynamic Corporate Strategy and Ventures team. Th…",2025-05-24T05:23:10Z,Onsite,https://www.adzuna.com/details/5214055004?utm_medium=api&utm_source=25f3af84
US,RN II,ACH Arkansas Children's Hospital,"Little Rock, Pulaski County",94183.21,94183.21,,94183.21,1,Healthcare & Nursing Jobs,"ARKANSAS CHILDREN'S IS A TOBACCO FREE WORKPLACE. FLU VACCINES ARE REQUIRED. ARKANSAS CHILDREN'S IS AN EQUAL OPPORTUNITY EMPLOYER. ALL QUALIFIED APPLICANTS WILL RECEIVE CONSIDERATION FOR EMPLOYMENT WITHOUT REGARD TO RACE, COLOR, RELIGION, SEX, SEXUAL ORIENTATION, GENDER IDENTITY OR EXPRESSION, NATIONAL ORIGIN, AGE, DISABILITY, PROTECTED VETERAN STATUS OR ANY OTHER CHARACTERISTIC PROTECTED BY FEDERAL, STATE, OR LOCAL LAWS. CURRENT EMPLOYEES: Please apply via the internal career site by logging in…",2025-05-24T05:23:08Z,Onsite,https://www.adzuna.com/details/5214054999?utm_medium=api&utm_source=25f3af84
US,Senior SharePoint Architect,Hexagon US Federal,"Philadelphia, Philadelphia County",144170.48,144170.48,,144170.48,1,IT Jobs,"Company Overview At Hexagon US Federal we provide cutting-edge technologies and a wide range of professional services to enable our customers to make smarter and faster operational decisions and improve mission effectiveness. Hexagon US Federal is an independent subsidiary of Hexagon Corporation exclusively focused on bringing the broad range of Hexagon technologies to the US Federal government and its partners. Quick Hits Employees: 300 Operating Locations: Chantilly, VA (HQ); Huntsville, AL; …",2025-05-24T05:23:06Z,Onsite,https://www.adzuna.com/details/5214054993?utm_medium=api&utm_source=25f3af84
US,Front Office Coordinator,Texas Diabetes & Endocrinology Pa,"Oak Hill, Travis County",48191.96,48191.96,,48191.96,1,Admin Jobs,"Job Details South Austin Office - South Austin, TX Description Texas Diabetes & Endocrinology, P.A. (TD&E) has grown over the years to meet the Endocrinology needs of the Austin community. Our mission is to strive to provide expert care in Diabetes, Thyroid problems, Osteoporosis, Weight management and hormonal conditions by providing thorough evaluations and innovative, personalized solutions focused on our patients success. Our employees are the strength that keeps us moving forward. Our Fron…",2025-05-24T05:23:02Z,Onsite,https://www.adzuna.com/details/5214054982?utm_medium=api&utm_source=25f3af84
US,Vans: Sales Associate - Northpark Center,Vans,"Dallas, Texas",30743.68,30743.68,,30743.68,1,Customer Services Jobs,"Sales Associate As one of our passionate, fun and dedicated Sales Associates, you will be the voice of our brand while elevating the consumer experience through genuine consumer connections and selling our original/innovative products. As an invaluable part of our team, you will thrive in an environment where individuality and authenticity are celebrated. If you aspire to a career in retail and are looking for a company dedicated to your personal growth to evolve into a leader of tomorrow, then…",2025-05-24T05:22:54Z,Onsite,https://www.adzuna.com/details/5214054962?utm_medium=api&utm_source=25f3af84
US,Billing Specialist,IntelliPro Group,"Davenport, Scott County",41600.0,45760.0,,45760.0,0,Accounting & Finance Jobs,"Job Title: Billing Specialist Location: Davenport, Iowa 52801 (106 E 2nd St) Duration: 6 Months Pay Rate: $22/hour Job Overview: As a Utility Revenue Specialist, you will be responsible for supporting accurate and timely utility billing operations. This includes identifying and resolving billing discrepancies, maintaining compliance with internal policies, and upholding regulatory standards. Your work will directly impact customer satisfaction and revenue integrity. Key Responsibilities: Invest…",2025-05-24T05:22:50Z,Onsite,https://www.adzuna.com/details/5214054956?utm_medium=api&utm_source=25f3af84
US,Radiology Technologist,Intermountain Health,"Littleton, Arapahoe County",63090.0,63090.0,,63090.0,1,Healthcare & Nursing Jobs,"Job Description: Registered Radiology Technologists at Intermountain Health are committed to providing patient centered care while demonstrating our values of Integrity, Trust, Excellence, Accountability, and Mutual Respect. If you are interested in contributing to our mission of helping people live the healthiest lives possible- come join our team! If you are interested in learning more about this role or about Intermountain Health, click here to schedule time with me! Posting Specifics Shift …",2025-05-24T05:22:43Z,Onsite,https://www.adzuna.com/land/ad/5214054839?se=EhsxI4E48BG0wAyeaCZXLA&utm_medium=api&utm_source=25f3af84&v=017A58B46AB81FB0C4EFF9D468716B327A792C0C
US,Radiology Technologist,Intermountain Health,"Denver, Colorado",64917.13,64917.13,,64917.13,1,Healthcare & Nursing Jobs,"Job Description: Registered Radiology Technologists at Intermountain Health are committed to providing patient centered care while demonstrating our values of Integrity, Trust, Excellence, Accountability, and Mutual Respect. If you are interested in contributing to our mission of helping people live the healthiest lives possible- come join our team! If you are interested in learning more about this role or about Intermountain Health, click here to schedule time with me! Posting Specifics Shift …",2025-05-24T05:22:43Z,Onsite,https://www.adzuna.com/land/ad/5214054831?se=EhsxI4E48BG0wAyeaCZXLA&utm_medium=api&utm_source=25f3af84&v=6CE07153278911598DAA28C83E228645B2201F48
US,RN-Surgery/OR,Wythe County Community Hospital,"Rural Retreat, Wythe County",82124.4,82124.4,,82124.4,1,Healthcare & Nursing Jobs,"Description: Under the direction of a nursing director or other supervisor, assumes the responsibility and accountability for developing, evaluating and directing the plan of care for assigned patients. Works in collaboration with all other care disciplines to provide safe, efficient, and coordinated care for assigned patients. Responsible for providing patient care, utilizing the nursing process of assessment, planning, implementation and evaluation. The RN must be able to demonstrate the know…",2025-05-24T05:22:43Z,Onsite,https://www.adzuna.com/land/ad/5214054919?se=EhsxI4E48BG0wAyeaCZXLA&utm_medium=api&utm_source=25f3af84&v=86D2D3028462CCE1C3AD3AF51678D5ACBF0D0D60
US,Radiology Technologist,Intermountain Health,"Denver, Colorado",64917.13,64917.13,,64917.13,1,Healthcare & Nursing Jobs,"Job Description: Registered Radiology Technologists at Intermountain Health are committed to providing patient centered care while demonstrating our values of Integrity, Trust, Excellence, Accountability, and Mutual Respect. If you are interested in contributing to our mission of helping people live the healthiest lives possible- come join our team! If you are interested in learning more about this role or about Intermountain Health, click here to schedule time with me! Posting Specifics Shift …",2025-05-24T05:22:43Z,Onsite,https://www.adzuna.com/land/ad/5214054832?se=EhsxI4E48BG0wAyeaCZXLA&utm_medium=api&utm_source=25f3af84&v=F8F006AB539D7E272A66934AAD43E5E14953DA0A
US,Radiology Technologist,Intermountain Health,"Aurora, Arapahoe County",64419.87,64419.87,,64419.87,1,Healthcare & Nursing Jobs,"Job Description: Registered Radiology Technologists at Intermountain Health are committed to providing patient centered care while demonstrating our values of Integrity, Trust, Excellence, Accountability, and Mutual Respect. If you are interested in contributing to our mission of helping people live the healthiest lives possible- come join our team! If you are interested in learning more about this role or about Intermountain Health, click here to schedule time with me! Posting Specifics Shift …",2025-05-24T05:22:43Z,Onsite,https://www.adzuna.com/land/ad/5214054836?se=EhsxI4E48BG0wAyeaCZXLA&utm_medium=api&utm_source=25f3af84&v=E710E2EF1AD65EC4584D8ACA77C27BAF2C608502
US,Radiology Technologist,Intermountain Health,"Denver, Colorado",64917.13,64917.13,,64917.13,1,Healthcare & Nursing Jobs,"Job Description: Registered Radiology Technologists at Intermountain Health are committed to providing patient centered care while demonstrating our values of Integrity, Trust, Excellence, Accountability, and Mutual Respect. If you are interested in contributing to our mission of helping people live the healthiest lives possible- come join our team! If you are interested in learning more about this role or about Intermountain Health, click here to schedule time with me! Posting Specifics Shift …",2025-05-24T05:22:43Z,Onsite,https://www.adzuna.com/land/ad/5214054842?se=EhsxI4E48BG0wAyeaCZXLA&utm_medium=api&utm_source=25f3af84&v=00FD10F3FC97B3DE1EA96177F81D31590AD4143F
US,RN-Surgery/OR,Wythe County Community Hospital,"Marion, Smyth County",83886.12,83886.12,,83886.12,1,Healthcare & Nursing Jobs,"Description: Under the direction of a nursing director or other supervisor, assumes the responsibility and accountability for developing, evaluating and directing the plan of care for assigned patients. Works in collaboration with all other care disciplines to provide safe, efficient, and coordinated care for assigned patients. Responsible for providing patient care, utilizing the nursing process of assessment, planning, implementation and evaluation. The RN must be able to demonstrate the know…",2025-05-24T05:22:43Z,Onsite,https://www.adzuna.com/land/ad/5214054920?se=EhsxI4E48BG0wAyeaCZXLA&utm_medium=api&utm_source=25f3af84&v=6BC2F201865DABF4B2AA4EC3976859DFE957B13A
US,Radiology Technologist,Intermountain Health,"Denver, Colorado",64917.13,64917.13,,64917.13,1,Healthcare & Nursing Jobs,"Job Description: Registered Radiology Technologists at Intermountain Health are committed to providing patient centered care while demonstrating our values of Integrity, Trust, Excellence, Accountability, and Mutual Respect. If you are interested in contributing to our mission of helping people live the healthiest lives possible- come join our team! If you are interested in learning more about this role or about Intermountain Health, click here to schedule time with me! Posting Specifics Shift …",2025-05-24T05:22:43Z,Onsite,https://www.adzuna.com/land/ad/5214054835?se=EhsxI4E48BG0wAyeaCZXLA&utm_medium=api&utm_source=25f3af84&v=382FA59A47224DA0FE216D0D425DB4BDE9A577B3
US,RN-Surgery/OR,Wythe County Community Hospital,"Atkins, Smyth County",80082.26,80082.26,,80082.26,1,Healthcare & Nursing Jobs,"Description: Under the direction of a nursing director or other supervisor, assumes the responsibility and accountability for developing, evaluating and directing the plan of care for assigned patients. Works in collaboration with all other care disciplines to provide safe, efficient, and coordinated care for assigned patients. Responsible for providing patient care, utilizing the nursing process of assessment, planning, implementation and evaluation. The RN must be able to demonstrate the know…",2025-05-24T05:22:43Z,Onsite,https://www.adzuna.com/land/ad/5214054926?se=EhsxI4E48BG0wAyeaCZXLA&utm_medium=api&utm_source=25f3af84&v=41A7486562346530B64D0D13D71880D6B772EEDC
US,ECHO Sonographer,Intermountain Health,"Aurora, Arapahoe County",89278.43,89278.43,,89278.43,1,Healthcare & Nursing Jobs,"Job Description: The Ultrasound Tech provides excellent customer service by performing ultrasound examinations under the direction of a physician for identification of abnormalities leading to patient diagnosis. If you are interested in learning more about this role or about Intermountain Health, click here to schedule time with me! Posting Specifics Shift Details : Part-time (20 Hours), 2/10’s, 6:30-5:00, 30 minute lunch. Rotate between 2 locations in Heart and Vascular with Platte Valley as h…",2025-05-24T05:22:43Z,Onsite,https://www.adzuna.com/land/ad/5214054829?se=EhsxI4E48BG0wAyeaCZXLA&utm_medium=api&utm_source=25f3af84&v=32734012DFF1F16DE6156E179178D0F59372B9BC
US,Radiology Technologist,Intermountain Health,"Denver, Colorado",64917.13,64917.13,,64917.13,1,Healthcare & Nursing Jobs,"Job Description: Registered Radiology Technologists at Intermountain Health are committed to providing patient centered care while demonstrating our values of Integrity, Trust, Excellence, Accountability, and Mutual Respect. If you are interested in contributing to our mission of helping people live the healthiest lives possible- come join our team! If you are interested in learning more about this role or about Intermountain Health, click here to schedule time with me! Posting Specifics Shift …",2025-05-24T05:22:43Z,Onsite,https://www.adzuna.com/land/ad/5214054843?se=EhsxI4E48BG0wAyeaCZXLA&utm_medium=api&utm_source=25f3af84&v=89A5DE06DC5705AB3F11BFA3A6E7DA68102A1093
US,RN-Surgery/OR,Wythe County Community Hospital,"Bastian, Bland County",83690.11,83690.11,,83690.11,1,Healthcare & Nursing Jobs,"Description: Under the direction of a nursing director or other supervisor, assumes the responsibility and accountability for developing, evaluating and directing the plan of care for assigned patients. Works in collaboration with all other care disciplines to provide safe, efficient, and coordinated care for assigned patients. Responsible for providing patient care, utilizing the nursing process of assessment, planning, implementation and evaluation. The RN must be able to demonstrate the know…",2025-05-24T05:22:43Z,Onsite,https://www.adzuna.com/land/ad/5214054929?se=EhsxI4E48BG0wAyeaCZXLA&utm_medium=api&utm_source=25f3af84&v=9C2C5BB0880BD7B4EE2498B457657EFCC5B6F903
US,Radiology Technologist,Intermountain Health,"Brighton, Adams County",63993.93,63993.93,,63993.93,1,Healthcare & Nursing Jobs,"Job Description: Registered Radiology Technologists at Intermountain Health are committed to providing patient centered care while demonstrating our values of Integrity, Trust, Excellence, Accountability, and Mutual Respect. If you are interested in contributing to our mission of helping people live the healthiest lives possible- come join our team! If you are interested in learning more about this role or about Intermountain Health, click here to schedule time with me! Posting Specifics Shift …",2025-05-24T05:22:43Z,Onsite,https://www.adzuna.com/land/ad/5214054833?se=EhsxI4E48BG0wAyeaCZXLA&utm_medium=api&utm_source=25f3af84&v=AD85DCC1B660430A463E0D039B433DBD8780A210
US,RN-Surgery/OR,Wythe County Community Hospital,US,79760.92,79760.92,,79760.92,1,Healthcare & Nursing Jobs,"Description: Under the direction of a nursing director or other supervisor, assumes the responsibility and accountability for developing, evaluating and directing the plan of care for assigned patients. Works in collaboration with all other care disciplines to provide safe, efficient, and coordinated care for assigned patients. Responsible for providing patient care, utilizing the nursing process of assessment, planning, implementation and evaluation. The RN must be able to demonstrate the know…",2025-05-24T05:22:43Z,Onsite,https://www.adzuna.com/land/ad/5214054921?se=EhsxI4E48BG0wAyeaCZXLA&utm_medium=api&utm_source=25f3af84&v=765458580ED6F252F8A08B2FC23B90312B48EABD
US,RN-Surgery/OR,Wythe County Community Hospital,"Max Meadows, Wythe County",82704.91,82704.91,,82704.91,1,Healthcare & Nursing Jobs,"Description: Under the direction of a nursing director or other supervisor, assumes the responsibility and accountability for developing, evaluating and directing the plan of care for assigned patients. Works in collaboration with all other care disciplines to provide safe, efficient, and coordinated care for assigned patients. Responsible for providing patient care, utilizing the nursing process of assessment, planning, implementation and evaluation. The RN must be able to demonstrate the know…",2025-05-24T05:22:43Z,Onsite,https://www.adzuna.com/land/ad/5214054910?se=EhsxI4E48BG0wAyeaCZXLA&utm_medium=api&utm_source=25f3af84&v=5CED119E3C5233F4B2AFF4CAF11A3800CB933735
US,RN-Surgery/OR,Wythe County Community Hospital,"Draper, Pulaski County",79907.25,79907.25,,79907.25,1,Healthcare & Nursing Jobs,"Description: Under the direction of a nursing director or other supervisor, assumes the responsibility and accountability for developing, evaluating and directing the plan of care for assigned patients. Works in collaboration with all other care disciplines to provide safe, efficient, and coordinated care for assigned patients. Responsible for providing patient care, utilizing the nursing process of assessment, planning, implementation and evaluation. The RN must be able to demonstrate the know…",2025-05-24T05:22:43Z,Onsite,https://www.adzuna.com/land/ad/5214054924?se=EhsxI4E48BG0wAyeaCZXLA&utm_medium=api&utm_source=25f3af84&v=882724DE95517DD2C038F4B48840405A8126B5BD
US,Registered Nurse ICU,Intermountain Health,"Fruita, Mesa County",73079.46,73079.46,,73079.46,1,Healthcare & Nursing Jobs,"Job Description: The Registered Nurse (RN) is a professional caregiver who assumes responsibility and accountability for assessing, planning, implementing and evaluating care of patients. The staff RN utilizes the nursing process by use of technology, therapeutic intervention, evidence-based practice and coordination of care with other health team members. To show our commitment to you and to assist with your transition into our organization, we will also offer a $ 10,000 sign-on bonus for expe…",2025-05-24T05:22:42Z,Onsite,https://www.adzuna.com/land/ad/5214054758?se=EhsxI4E48BG0wAyeaCZXLA&utm_medium=api&utm_source=25f3af84&v=5E6B1DAF369597C79F2ACFEA3B762363D64481FA
US,"Mammography Technologist $5,000 Sign On Bonus",Intermountain Health,"Nicholasville, Jessamine County",77378.55,77378.55,,77378.55,1,Healthcare & Nursing Jobs,"Job Description: Mammography Technologists at Intermountain Health are committed to providing patient centered care while demonstrating our values of Integrity, Trust, Excellence, Accountability, and Mutual Respect. If you are interested in contributing to our mission of helping people live the healthiest lives possible- come join our team! To show our commitment to you and to assist with your transition into our organization, we will also offer up to a $5,000 sign-on bonus, if applicable. If y…",2025-05-24T05:22:42Z,Onsite,https://www.adzuna.com/land/ad/5214054762?se=EhsxI4E48BG0wAyeaCZXLA&utm_medium=api&utm_source=25f3af84&v=1B6D48330DEBB050CB6A562E752EB6A85F0863F3
US,Radiology Technologist,Intermountain Health,"Denver, Colorado",54919.71,54919.71,,54919.71,1,Healthcare & Nursing Jobs,"Job Description: Radiology Technologists at Intermountain Health are committed to providing patient centered care while demonstrating our values of Integrity, Trust, Excellence, Accountability, and Mutual Respect. If you are interested in contributing to our mission of helping people live the healthiest lives possible- come join our team! What does it mean to be a caregiver with Intermountain? Check out this video and learn more and discover the “Power of We.” To learn more about this exciting …",2025-05-24T05:22:42Z,Onsite,https://www.adzuna.com/land/ad/5214054747?se=EhsxI4E48BG0wAyeaCZXLA&utm_medium=api&utm_source=25f3af84&v=4BD9F5C3F8B5D74ECD35A4EF41E21225B2767BE3
US,MRI Technologist Float,Intermountain Health,"Broomfield, Colorado",69921.9,69921.9,,69921.9,1,Healthcare & Nursing Jobs,"Job Description: MRI Technologists at Intermountain Health are committed to providing patient centered care while demonstrating our values of Integrity, Trust, Excellence, Accountability, and Mutual Respect. If you are interested in contributing to our mission of helping people live the healthiest lives possible- come join our team! What does it mean to be a caregiver with Intermountain? Check out this video and learn more and discover the “Power of We.” To learn more about this exciting opport…",2025-05-24T05:22:42Z,Onsite,https://www.adzuna.com/land/ad/5214054796?se=EhsxI4E48BG0wAyeaCZXLA&utm_medium=api&utm_source=25f3af84&v=BD990D0E234ADD214BBFF493D532DC240FECBCD8
US,"CT Technologist $7,000 Sign On Bonus Weekend",Intermountain Health,"Wheat Ridge, Jefferson County",65673.84,65673.84,,65673.84,1,Healthcare & Nursing Jobs,"Job Description: CT Technologists at Intermountain Health are committed to providing patient centered care while demonstrating our values of Integrity, Trust, Excellence, Accountability, and Mutual Respect. If you are interested in contributing to our mission of helping people live the healthiest lives possible- come join our team! What does it mean to be a caregiver with Intermountain? Check out this video and learn more and discover the “Power of We.” To show our commitment to you and to assi…",2025-05-24T05:22:42Z,Onsite,https://www.adzuna.com/land/ad/5214054799?se=EhsxI4E48BG0wAyeaCZXLA&utm_medium=api&utm_source=25f3af84&v=C31FFB30F4C96CF8A0F6796832060E00BD8B3334
US,Radiology Technologist Travel Team,Intermountain Health,"Broomfield, Colorado",65501.76,65501.76,,65501.76,1,Healthcare & Nursing Jobs,"Job Description: Radiology Technologists at Intermountain Health are committed to providing patient centered care while demonstrating our values of Integrity, Trust, Excellence, Accountability, and Mutual Respect. If you are interested in contributing to our mission of helping people live the healthiest lives possible- come join our team! What does it mean to be a caregiver with Intermountain? Check out this video and learn more and discover the “Power of We.” To learn more about this exciting …",2025-05-24T05:22:42Z,Onsite,https://www.adzuna.com/land/ad/5214054782?se=EhsxI4E48BG0wAyeaCZXLA&utm_medium=api&utm_source=25f3af84&v=AE17A52192429E17FD0AE66A057E6F825FE39FE9
US,MFM Sonographer,Intermountain Health,"Denver, Colorado",133232.81,133232.81,,133232.81,1,Healthcare & Nursing Jobs,"Job Description: The Ultrasound Tech provides excellent customer service by performing ultrasound examinations under the direction of a physician for identification of abnormalities leading to patient diagnosis. If you are interested in learning more about this role or about Intermountain Health, click here to schedule time with me! Posting Specifics Shift Details : Full time (40 hours) Unit/Location: Denver, Wheat Ridge, Lafayette and Brighton Maternal Fetal Medicine Additional Details: Please…",2025-05-24T05:22:42Z,Onsite,https://www.adzuna.com/land/ad/5214054806?se=EhsxI4E48BG0wAyeaCZXLA&utm_medium=api&utm_source=25f3af84&v=C5045AD9E4503D45F655CBA151008CCF06107400
US,Registered Nurse ICU,Intermountain Health,US,71886.12,71886.12,,71886.12,1,Healthcare & Nursing Jobs,"Job Description: The Registered Nurse (RN) is a professional caregiver who assumes responsibility and accountability for assessing, planning, implementing and evaluating care of patients. The staff RN utilizes the nursing process by use of technology, therapeutic intervention, evidence-based practice and coordination of care with other health team members. To show our commitment to you and to assist with your transition into our organization, we will also offer a $ 10,000 sign-on bonus for expe…",2025-05-24T05:22:42Z,Onsite,https://www.adzuna.com/land/ad/5214054753?se=EhsxI4E48BG0wAyeaCZXLA&utm_medium=api&utm_source=25f3af84&v=43F0DC754D70D6AE0BB8706F5CBFDCF741A40FC0
US,MRI Technologist,Intermountain Health,"Scotts Valley, Santa Cruz County",84284.42,84284.42,,84284.42,1,Healthcare & Nursing Jobs,"Job Description: MRI Technologists at Intermountain Health are committed to providing patient centered care while demonstrating our values of Integrity, Trust, Excellence, Accountability, and Mutual Respect. If you are interested in contributing to our mission of helping people live the healthiest lives possible- come join our team! What does it mean to be a caregiver with Intermountain? Check out this video and learn more and discover the “Power of We.” To learn more about this exciting opport…",2025-05-24T05:22:42Z,Onsite,https://www.adzuna.com/land/ad/5214054773?se=xHMWJIE48BGKPBF8ALaCew&utm_medium=api&utm_source=25f3af84&v=4FD8253D7504607CFB7C77FFCACA2B12C1EB3036
US,"Mammography Technologist $5,000 Sign On Bonus",Intermountain Health,US,75649.55,75649.55,,75649.55,1,Healthcare & Nursing Jobs,"Job Description: Mammography Technologists at Intermountain Health are committed to providing patient centered care while demonstrating our values of Integrity, Trust, Excellence, Accountability, and Mutual Respect. If you are interested in contributing to our mission of helping people live the healthiest lives possible- come join our team! To show our commitment to you and to assist with your transition into our organization, we will also offer up to a $5,000 sign-on bonus, if applicable. If y…",2025-05-24T05:22:42Z,Onsite,https://www.adzuna.com/land/ad/5214054761?se=xHMWJIE48BGKPBF8ALaCew&utm_medium=api&utm_source=25f3af84&v=82DD1A6686CF7C1C7663D4517042832D5DAA84D3
US,MRI Technologist,Intermountain Health,"Cupertino, Santa Clara County",81427.04,81427.04,,81427.04,1,Healthcare & Nursing Jobs,"Job Description: MRI Technologists at Intermountain Health are committed to providing patient centered care while demonstrating our values of Integrity, Trust, Excellence, Accountability, and Mutual Respect. If you are interested in contributing to our mission of helping people live the healthiest lives possible- come join our team! What does it mean to be a caregiver with Intermountain? Check out this video and learn more and discover the “Power of We.” To learn more about this exciting opport…",2025-05-24T05:22:42Z,Onsite,https://www.adzuna.com/land/ad/5214054776?se=xHMWJIE48BGKPBF8ALaCew&utm_medium=api&utm_source=25f3af84&v=C08B199E38D2AD5FEFFB02FA3881474DE3D56BE3
US,Registered Nurse Critical Care,Intermountain Health,"Grand Junction, Mesa County",75008.45,75008.45,,75008.45,1,Healthcare & Nursing Jobs,"Job Description: The Registered Nurse (RN) is a professional caregiver who assumes responsibility and accountability for assessing, planning, implementing and evaluating care of patients. The staff RN utilizes the nursing process by use of technology, therapeutic intervention, evidence-based practice and coordination of care with other health team members. To show our commitment to you and to assist with your transition into our organization, we will also offer a $ 10,000sign-on bonus for exper…",2025-05-24T05:22:42Z,Onsite,https://www.adzuna.com/land/ad/5214054789?se=xHMWJIE48BGKPBF8ALaCew&utm_medium=api&utm_source=25f3af84&v=9B8E902919AB68BCB97E0BCC32D4BD8E72C371BD
US,Interventional Radiology Technologist,Intermountain Health,"Wheat Ridge, Jefferson County",90081.94,90081.94,,90081.94,1,Healthcare & Nursing Jobs,"Job Description: . What does it mean to be a caregiver with Intermountain? Check out this video and learn more and discover the “Power of We.” To learn more about this exciting opportunity, please Click Here to schedule a time to further discuss this opportunity. Posting Specifics: Benefits Eligible: Yes - Link to Benefit Details Shift Details: 4/9 hour shifts with rotating call requirement Hours: Full-Time (36 hours) Additional Details: Shift differentials given for evenings, nights and weeken…",2025-05-24T05:22:42Z,Onsite,https://www.adzuna.com/land/ad/5214054797?se=xHMWJIE48BGKPBF8ALaCew&utm_medium=api&utm_source=25f3af84&v=F33F998EA5AD9D740B22C75D99A2114453462069
US,Radiology Technologist Weekend,Intermountain Health,"Wheat Ridge, Jefferson County",73652.0,73652.0,,73652.0,1,Healthcare & Nursing Jobs,"Job Description: Radiology Technologists at Intermountain Health are committed to providing patient centered care while demonstrating our values of Integrity, Trust, Excellence, Accountability, and Mutual Respect. If you are interested in contributing to our mission of helping people live the healthiest lives possible- come join our team! What does it mean to be a caregiver with Intermountain? Check out this video and learn more and discover the “Power of We.” To learn more about this exciting …",2025-05-24T05:22:42Z,Onsite,https://www.adzuna.com/land/ad/5214054802?se=xHMWJIE48BGKPBF8ALaCew&utm_medium=api&utm_source=25f3af84&v=36CC2E2CFECD5297F0EF06ADD5DE79A0F3971996
US,Registered Nurse ICU,Intermountain Health,"Grand Junction, Mesa County",68352.73,68352.73,,68352.73,1,Healthcare & Nursing Jobs,"Job Description: The Registered Nurse (RN) is a professional caregiver who assumes responsibility and accountability for assessing, planning, implementing, and evaluating the care of patients. The staff RN utilizes the nursing process by use of technology, therapeutic intervention, evidence-based practice and coordination of care with other health team members. To show our commitment to you and to assist with your transition into our organization, we will also offer a $ 10,000 sign-on bonus for…",2025-05-24T05:22:42Z,Onsite,https://www.adzuna.com/land/ad/5214054805?se=xHMWJIE48BGKPBF8ALaCew&utm_medium=api&utm_source=25f3af84&v=F26E95AEF61F6814D0A5316D2F09335EF17FECBE
US,Registered Nurse ICU,Intermountain Health,"Grand Junction, Mesa County",67888.16,67888.16,,67888.16,1,Healthcare & Nursing Jobs,"Job Description: The Registered Nurse (RN) is a professional caregiver who assumes responsibility and accountability for assessing, planning, implementing and evaluating care of patients. The staff RN utilizes the nursing process by use of technology, therapeutic intervention, evidence-based practice and coordination of care with other health team members. To show our commitment to you and to assist with your transition into our organization, we will also offer a $ 10,000 sign-on bonus for expe…",2025-05-24T05:22:42Z,Onsite,https://www.adzuna.com/land/ad/5214054759?se=xHMWJIE48BGKPBF8ALaCew&utm_medium=api&utm_source=25f3af84&v=B41F7F8B94ED00A46BC6E6F48B50522D53BAA6CF
US,Radiology Technologist,Intermountain Health,US,55565.92,55565.92,,55565.92,1,Healthcare & Nursing Jobs,"Job Description: Radiology Technologists at Intermountain Health are committed to providing patient centered care while demonstrating our values of Integrity, Trust, Excellence, Accountability, and Mutual Respect. If you are interested in contributing to our mission of helping people live the healthiest lives possible- come join our team! What does it mean to be a caregiver with Intermountain? Check out this video and learn more and discover the “Power of We.” To learn more about this exciting …",2025-05-24T05:22:42Z,Onsite,https://www.adzuna.com/land/ad/5214054743?se=xHMWJIE48BGKPBF8ALaCew&utm_medium=api&utm_source=25f3af84&v=7E1E71E606E007562BEB26224EB5196324F2B544
US,Charge Nurse Emergency Department,Intermountain Health,"Grand Junction, Mesa County",89210.51,89210.51,,89210.51,1,Healthcare & Nursing Jobs,"Job Description: Working with the department manager, the RN Charge Nurse provides leadership and clinical expertise on their respective shift and department. They coordinate unit resources to ensure appropriate staffing levels based on the unique needs of patients on the unit, both clinically and financially. They function as clinical support for staff and are a role model of competency and professionalism. The Emergency Department is a 33-bed unit with 3 Trauma Bays. We are a Level 2 Trauma C…",2025-05-24T05:22:42Z,Onsite,https://www.adzuna.com/land/ad/5214054800?se=xHMWJIE48BGKPBF8ALaCew&utm_medium=api&utm_source=25f3af84&v=877A44A67C0807A931664767DD42DAD681521DE8
US,Radiology Technologist,Intermountain Health,"Wheat Ridge, Jefferson County",68201.86,68201.86,,68201.86,1,Healthcare & Nursing Jobs,"Job Description: The Registered Radiology Technologist performs medical imaging examinations under the direction of a physician. What does it mean to be a caregiver with Intermountain? Check out this video and learn more and discover the “Power of We.” To learn more about this exciting opportunity, please Click Here to schedule a time to further discuss this opportunity. Posting Specifics: Benefits Eligible: Yes - Link to Benefit Details Shift Details: Variable / We are accepting applications f…",2025-05-24T05:22:42Z,Onsite,https://www.adzuna.com/land/ad/5214054798?se=xHMWJIE48BGKPBF8ALaCew&utm_medium=api&utm_source=25f3af84&v=DF9CAF755841535998BFCBADDC29E1B90A091109
US,MRI Technologist,Intermountain Health,"Fremont, Alameda County",85683.09,85683.09,,85683.09,1,Healthcare & Nursing Jobs,"Job Description: MRI Technologists at Intermountain Health are committed to providing patient centered care while demonstrating our values of Integrity, Trust, Excellence, Accountability, and Mutual Respect. If you are interested in contributing to our mission of helping people live the healthiest lives possible- come join our team! What does it mean to be a caregiver with Intermountain? Check out this video and learn more and discover the “Power of We.” To learn more about this exciting opport…",2025-05-24T05:22:42Z,Onsite,https://www.adzuna.com/land/ad/5214054778?se=xHMWJIE48BGKPBF8ALaCew&utm_medium=api&utm_source=25f3af84&v=E51A20372EB77014629D366C970278FE27A50AEF
US,"CT Technologist $8,000 Sign On Bonus",Intermountain Health,"Morgan Hill, Santa Clara County",83101.8,83101.8,,83101.8,1,Healthcare & Nursing Jobs,"Job Description: CT Technologists at Intermountain Health are committed to providing patient centered care while demonstrating our values of Integrity, Trust, Excellence, Accountability, and Mutual Respect. If you are interested in contributing to our mission of helping people live the healthiest lives possible- come join our team! What does it mean to be a caregiver with Intermountain? Check out this video and learn more and discover the “Power of We.” To show our commitment to you and to assi…",2025-05-24T05:22:42Z,Onsite,https://www.adzuna.com/land/ad/5214054749?se=xHMWJIE48BGKPBF8ALaCew&utm_medium=api&utm_source=25f3af84&v=3C1D32C1222C6F5189CD5B2E3DD4F8B1202C994B
US,"Mammography Technologist $5,000 Sign On Bonus",Intermountain Health,"Georgetown, Scott County",74439.0,74439.0,,74439.0,1,Healthcare & Nursing Jobs,"Job Description: Mammography Technologists at Intermountain Health are committed to providing patient centered care while demonstrating our values of Integrity, Trust, Excellence, Accountability, and Mutual Respect. If you are interested in contributing to our mission of helping people live the healthiest lives possible- come join our team! To show our commitment to you and to assist with your transition into our organization, we will also offer up to a $5,000 sign-on bonus, if applicable. If y…",2025-05-24T05:22:42Z,Onsite,https://www.adzuna.com/land/ad/5214054768?se=xHMWJIE48BGKPBF8ALaCew&utm_medium=api&utm_source=25f3af84&v=405E3B8F2BA0E1BF94BF8D6AD0524BD53AC389BF
US,Angio Interventionalist Technologist,Intermountain Health,"Wheat Ridge, Jefferson County",90974.2,90974.2,,90974.2,1,Healthcare & Nursing Jobs,"Job Description: Angio/Interventionalist Technologist at Intermountain Health are committed to providing patient centered care while demonstrating our values of Integrity, Trust, Excellence, Accountability, and Mutual Respect. If you are interested in contributing to our mission of helping people live the healthiest lives possible- come join our team! What does it mean to be a caregiver with Intermountain? Check out this video and learn more and discover the “Power of We.” To learn more about t…",2025-05-24T05:22:42Z,Onsite,https://www.adzuna.com/land/ad/5214054794?se=xHMWJIE48BGKPBF8ALaCew&utm_medium=api&utm_source=25f3af84&v=1883F0456A846CDF463F7C400DB8F6FF1FB29860
US,"CT Technologist $8,000 Sign On Bonus",Intermountain Health,"Cupertino, Santa Clara County",79319.14,79319.14,,79319.14,1,Healthcare & Nursing Jobs,"Job Description: CT Technologists at Intermountain Health are committed to providing patient centered care while demonstrating our values of Integrity, Trust, Excellence, Accountability, and Mutual Respect. If you are interested in contributing to our mission of helping people live the healthiest lives possible- come join our team! What does it mean to be a caregiver with Intermountain? Check out this video and learn more and discover the “Power of We.” To show our commitment to you and to assi…",2025-05-24T05:22:42Z,Onsite,https://www.adzuna.com/land/ad/5214054751?se=xHMWJIE48BGKPBF8ALaCew&utm_medium=api&utm_source=25f3af84&v=CB1996B79FCA5E60E56F9FD0706362EBE446C015
US,Radiology Technologist,Intermountain Health,"Lexington, Fayette County",54856.79,54856.79,,54856.79,1,Healthcare & Nursing Jobs,"Job Description: Radiology Technologists at Intermountain Health are committed to providing patient centered care while demonstrating our values of Integrity, Trust, Excellence, Accountability, and Mutual Respect. If you are interested in contributing to our mission of helping people live the healthiest lives possible- come join our team! What does it mean to be a caregiver with Intermountain? Check out this video and learn more and discover the “Power of We.” To learn more about this exciting …",2025-05-24T05:22:42Z,Onsite,https://www.adzuna.com/land/ad/5214054739?se=xHMWJIE48BGKPBF8ALaCew&utm_medium=api&utm_source=25f3af84&v=B8A7B036B20C0F10077D086C5B4968E9D240C09D
US,Hospitalist Coordinator,Intermountain Health,"Grand Junction, Mesa County",73080.51,73080.51,,73080.51,1,Healthcare & Nursing Jobs,"Job Description: The Hospitalists Coordinator is responsible for coordinating and organizing the clinical care provided to inpatients under the Hospitalists Service. This is a clinically supportive role that facilitates, directs, and assigns patient loads, new admissions, and organizes logistics for physicians rounding of patients. Job Essentials Clinical Excellence: Reviews hospitalists' patient census and uses clinical expertise to divide patient loads to create work-list each day. This inclu…",2025-05-24T05:22:42Z,Onsite,https://www.adzuna.com/land/ad/5214054801?se=xHMWJIE48BGKPBF8ALaCew&utm_medium=api&utm_source=25f3af84&v=D3C15A9A68C429E4BD4039EA68980A6527EA1B80
US,"Mammography Technologist $5,000 Sign On Bonus",Intermountain Health,"Winchester, Clark County",76216.62,76216.62,,76216.62,1,Healthcare & Nursing Jobs,"Job Description: Mammography Technologists at Intermountain Health are committed to providing patient centered care while demonstrating our values of Integrity, Trust, Excellence, Accountability, and Mutual Respect. If you are interested in contributing to our mission of helping people live the healthiest lives possible- come join our team! To show our commitment to you and to assist with your transition into our organization, we will also offer up to a $5,000 sign-on bonus, if applicable. If y…",2025-05-24T05:22:42Z,Onsite,https://www.adzuna.com/land/ad/5214054772?se=xHMWJIE48BGKPBF8ALaCew&utm_medium=api&utm_source=25f3af84&v=0EAC369DE926D195D18173094407405E7202612D
US,CT Technologist,Intermountain Health,"Denver, Colorado",78397.59,78397.59,,78397.59,1,Healthcare & Nursing Jobs,"Job Description: CT Technologists at Intermountain Health are committed to providing patient centered care while demonstrating our values of Integrity, Trust, Excellence, Accountability, and Mutual Respect. If you are interested in contributing to our mission of helping people live the healthiest lives possible- come join our team! What does it mean to be a caregiver with Intermountain? Check out this video and learn more and discover the “Power of We.” To learn more about this exciting opportu…",2025-05-24T05:22:42Z,Onsite,https://www.adzuna.com/land/ad/5214054787?se=xHMWJIE48BGKPBF8ALaCew&utm_medium=api&utm_source=25f3af84&v=3F2F933DD60248A2FBD8AAB53796D3EEB669EEB2
US,ECHO Sonographer,Intermountain Health,"Watkins, Aurora",89997.7,89997.7,,89997.7,1,Healthcare & Nursing Jobs,"Job Description: The Ultrasound Tech provides excellent customer service by performing ultrasound examinations under the direction of a physician for identification of abnormalities leading to patient diagnosis. If you are interested in learning more about this role or about Intermountain Health, click here to schedule time with me! Posting Specifics Shift Details : Part-time (20 Hours), 2/10’s, 6:30-5:00, 30 minute lunch. Rotate between 2 locations in Heart and Vascular with Platte Valley as h…",2025-05-24T05:22:42Z,Onsite,https://www.adzuna.com/land/ad/5214054826?se=xHMWJIE48BGKPBF8ALaCew&utm_medium=api&utm_source=25f3af84&v=4DFA037AB5A8DEC0AC074FC5C2436E82B9DFC297
US,MRI Technologist,Intermountain Health,"Palo Alto, Santa Clara County",83532.47,83532.47,,83532.47,1,Healthcare & Nursing Jobs,"Job Description: MRI Technologists at Intermountain Health are committed to providing patient centered care while demonstrating our values of Integrity, Trust, Excellence, Accountability, and Mutual Respect. If you are interested in contributing to our mission of helping people live the healthiest lives possible- come join our team! What does it mean to be a caregiver with Intermountain? Check out this video and learn more and discover the “Power of We.” To learn more about this exciting opport…",2025-05-24T05:22:42Z,Onsite,https://www.adzuna.com/land/ad/5214054774?se=xHMWJIE48BGKPBF8ALaCew&utm_medium=api&utm_source=25f3af84&v=3D18E44EC9356075539D3EB73D327A4D32C68AF8
US,Radiology Technologist,Intermountain Health,"Nicholasville, Jessamine County",56835.81,56835.81,,56835.81,1,Healthcare & Nursing Jobs,"Job Description: Radiology Technologists at Intermountain Health are committed to providing patient centered care while demonstrating our values of Integrity, Trust, Excellence, Accountability, and Mutual Respect. If you are interested in contributing to our mission of helping people live the healthiest lives possible- come join our team! What does it mean to be a caregiver with Intermountain? Check out this video and learn more and discover the “Power of We.” To learn more about this exciting …",2025-05-24T05:22:42Z,Onsite,https://www.adzuna.com/land/ad/5214054740?se=xHMWJIE48BGKPBF8ALaCew&utm_medium=api&utm_source=25f3af84&v=F1FB90002B9A9CF9E81F92C116AD1EE807E2BB07
US,Radiology Tech,Intermountain Health,"Brighton, Adams County",59414.43,59414.43,,59414.43,1,Healthcare & Nursing Jobs,"Job Description: As a Radiologic Technologist, you will be responsible for performing diagnostic imaging exams on patients using specialized equipment. You will work closely with radiologists, physicians, and other healthcare professionals to ensure accurate and high-quality imaging results. The ideal candidate will have a strong understanding of imaging techniques, excellent patient care skills, and the ability to work in a fast-paced environment. If you are interested in learning more about t…",2025-05-24T05:22:42Z,Onsite,https://www.adzuna.com/land/ad/5214054803?se=xHMWJIE48BGKPBF8ALaCew&utm_medium=api&utm_source=25f3af84&v=A113C109D29690DA1614970683CA22DC4109BAA5
US,Radiology Technologist,Intermountain Health,"Wheat Ridge, Jefferson County",65727.97,65727.97,,65727.97,1,Healthcare & Nursing Jobs,"Job Description: As a Radiologic Technologist, you will be responsible for performing diagnostic imaging exams on patients using specialized equipment. You will work closely with radiologists, physicians, and other healthcare professionals to ensure accurate and high-quality imaging results. The ideal candidate will have a strong understanding of imaging techniques, excellent patient care skills, and the ability to work in a fast-paced environment. If you are interested in learning more about t…",2025-05-24T05:22:42Z,Onsite,https://www.adzuna.com/land/ad/5214054811?se=xHMWJIE48BGKPBF8ALaCew&utm_medium=api&utm_source=25f3af84&v=CB8D761DF0153CADBC0A78C58FEFA1EABAB04648
US,"Mammography Technologist $5,000 Sign On Bonus",Intermountain Health,"Denver, Colorado",76464.67,76464.67,,76464.67,1,Healthcare & Nursing Jobs,"Job Description: Mammography Technologists at Intermountain Health are committed to providing patient centered care while demonstrating our values of Integrity, Trust, Excellence, Accountability, and Mutual Respect. If you are interested in contributing to our mission of helping people live the healthiest lives possible- come join our team! To show our commitment to you and to assist with your transition into our organization, we will also offer up to a $5,000 sign-on bonus, if applicable. If y…",2025-05-24T05:22:42Z,Onsite,https://www.adzuna.com/land/ad/5214054763?se=xHMWJIE48BGKPBF8ALaCew&utm_medium=api&utm_source=25f3af84&v=9E1B74AEEA1528C700F4E368B4E34D993A99FBBE
US,Sonographer Traveler Team,Intermountain Health,"Broomfield, Colorado",83280.95,83280.95,,83280.95,1,Healthcare & Nursing Jobs,"Job Description: Sonographers at Intermountain Health are committed to providing patient centered care while demonstrating our values of Integrity, Trust, Excellence, Accountability, and Mutual Respect. If you are interested in contributing to our mission of helping people live the healthiest lives possible- come join our team! What does it mean to be a caregiver with Intermountain? Check out this video and learn more and discover the “Power of We.” To learn more about this exciting opportunity…",2025-05-24T05:22:42Z,Onsite,https://www.adzuna.com/land/ad/5214054780?se=xHMWJIE48BGKPBF8ALaCew&utm_medium=api&utm_source=25f3af84&v=313B6A510F67F735A0B03FBBF4E6F16B2708C75D
US,"CT Technologist $8,000 Sign On Bonus",Intermountain Health,"Milpitas, Santa Clara County",84722.42,84722.42,,84722.42,1,Healthcare & Nursing Jobs,"Job Description: CT Technologists at Intermountain Health are committed to providing patient centered care while demonstrating our values of Integrity, Trust, Excellence, Accountability, and Mutual Respect. If you are interested in contributing to our mission of helping people live the healthiest lives possible- come join our team! What does it mean to be a caregiver with Intermountain? Check out this video and learn more and discover the “Power of We.” To show our commitment to you and to assi…",2025-05-24T05:22:42Z,Onsite,https://www.adzuna.com/land/ad/5214054750?se=xHMWJIE48BGKPBF8ALaCew&utm_medium=api&utm_source=25f3af84&v=DE5454E2A48AB6F3A9F8CA1133DAAC1E28B573CC
US,Mammography Technologist Lead,Intermountain Health,"Wheat Ridge, Jefferson County",88361.75,88361.75,,88361.75,1,Healthcare & Nursing Jobs,"Job Description: The Mammography Technologist performs radiographic mammography procedures which produce high quality diagnostic films for use in the detection of breast tissue abnormalities. This position works on a level not requiring constant supervision and performs a variety of procedures that require independent judgment, creativity, and initiative. If you are interested in learning more about this role or about Intermountain Health, click here to schedule time with me! Posting Specifics …",2025-05-24T05:22:42Z,Onsite,https://www.adzuna.com/land/ad/5214054810?se=xHMWJIE48BGKPBF8ALaCew&utm_medium=api&utm_source=25f3af84&v=60F98D13FA4F860876F7529EC8519AEA1A4600DA
US,ECHO Sonographer,Intermountain Health,"Arvada, Jefferson County",87951.81,87951.81,,87951.81,1,Healthcare & Nursing Jobs,"Job Description: The Ultrasound Tech provides excellent customer service by performing ultrasound examinations under the direction of a physician for identification of abnormalities leading to patient diagnosis. If you are interested in learning more about this role or about Intermountain Health, click here to schedule time with me! Posting Specifics Shift Details : Part-time (20 Hours), 2/10’s, 6:30-5:00, 30 minute lunch. Rotate between 2 locations in Heart and Vascular with Platte Valley as h…",2025-05-24T05:22:42Z,Onsite,https://www.adzuna.com/land/ad/5214054824?se=xHMWJIE48BGKPBF8ALaCew&utm_medium=api&utm_source=25f3af84&v=B0DDB5985529E9BBDC3FA62EC9D0D092DF5936FF
US,New Graduate Radiology Tech,Intermountain Health,"Brighton, Adams County",57335.02,57335.02,,57335.02,1,Graduate Jobs,"Job Description: Perform all diagnostic procedures within Scope of Practice under the direction of a Registered Radiology Technologist. Are you looking to start your career as a New Grad Radiology Tech with a company that will encourage you to grow while you help people live the healthiest lives possible? Posting Specifics Shift Details : Full-time (40 Hours), Monday – Friday Days, 8:00 to 5:00 Unit/Location: East Crossroads-Orthopedics and Podiatry As a Radiology Technologist at Intermountain …",2025-05-24T05:22:42Z,Onsite,https://www.adzuna.com/land/ad/5214054816?se=xHMWJIE48BGKPBF8ALaCew&utm_medium=api&utm_source=25f3af84&v=2B4581C0615AB3672DB7C4AC1B5B80B659E4DEBF
US,"CT Technologist $8,000 Sign On Bonus",Intermountain Health,"San Jose, Santa Clara County",85894.26,85894.26,,85894.26,1,Healthcare & Nursing Jobs,"Job Description: CT Technologists at Intermountain Health are committed to providing patient centered care while demonstrating our values of Integrity, Trust, Excellence, Accountability, and Mutual Respect. If you are interested in contributing to our mission of helping people live the healthiest lives possible- come join our team! What does it mean to be a caregiver with Intermountain? Check out this video and learn more and discover the “Power of We.” To show our commitment to you and to assi…",2025-05-24T05:22:42Z,Onsite,https://www.adzuna.com/land/ad/5214054748?se=xHMWJIE48BGKPBF8ALaCew&utm_medium=api&utm_source=25f3af84&v=E94B1563932CAF48A0D0B188FBD2F4AA7432FAC3
US,Radiology Technologist,Intermountain Health,"Versailles, Woodford County",57390.82,57390.82,,57390.82,1,Healthcare & Nursing Jobs,"Job Description: Radiology Technologists at Intermountain Health are committed to providing patient centered care while demonstrating our values of Integrity, Trust, Excellence, Accountability, and Mutual Respect. If you are interested in contributing to our mission of helping people live the healthiest lives possible- come join our team! What does it mean to be a caregiver with Intermountain? Check out this video and learn more and discover the “Power of We.” To learn more about this exciting …",2025-05-24T05:22:42Z,Onsite,https://www.adzuna.com/land/ad/5214054744?se=xHMWJIE48BGKPBF8ALaCew&utm_medium=api&utm_source=25f3af84&v=C0EF7A4316C54E3D830135BC42E60E2A9F77E3C1
US,MRI Technologist,Intermountain Health,"Lafayette, Boulder County",83408.12,83408.12,,83408.12,1,Healthcare & Nursing Jobs,"Job Description: MRI Technologists at Intermountain Health are committed to providing patient centered care while demonstrating our values of Integrity, Trust, Excellence, Accountability, and Mutual Respect. If you are interested in contributing to our mission of helping people live the healthiest lives possible- come join our team! What does it mean to be a caregiver with Intermountain? Check out this video and learn more and discover the “Power of We.” To learn more about this exciting opport…",2025-05-24T05:22:42Z,Onsite,https://www.adzuna.com/land/ad/5214054770?se=xHMWJIE48BGKPBF8ALaCew&utm_medium=api&utm_source=25f3af84&v=3B0F4BD18D4BFA6BBC80543B8320A159DB4A4A93
US,Radiology Technologist,Intermountain Health,"Lafayette, Boulder County",55966.55,55966.55,,55966.55,1,Healthcare & Nursing Jobs,"Job Description: Radiology Technologists at Intermountain Health are committed to providing patient centered care while demonstrating our values of Integrity, Trust, Excellence, Accountability, and Mutual Respect. If you are interested in contributing to our mission of helping people live the healthiest lives possible- come join our team! What does it mean to be a caregiver with Intermountain? Check out this video and learn more and discover the “Power of We.” To learn more about this exciting …",2025-05-24T05:22:42Z,Onsite,https://www.adzuna.com/land/ad/5214054788?se=xHMWJIE48BGKPBF8ALaCew&utm_medium=api&utm_source=25f3af84&v=9DE765F3B15864D3E35CC827F35B6E3FE34AAAC7
US,MRI Technologist,Intermountain Health,"San Jose, Santa Clara County",88176.73,88176.73,,88176.73,1,Healthcare & Nursing Jobs,"Job Description: MRI Technologists at Intermountain Health are committed to providing patient centered care while demonstrating our values of Integrity, Trust, Excellence, Accountability, and Mutual Respect. If you are interested in contributing to our mission of helping people live the healthiest lives possible- come join our team! What does it mean to be a caregiver with Intermountain? Check out this video and learn more and discover the “Power of We.” To learn more about this exciting opport…",2025-05-24T05:22:42Z,Onsite,https://www.adzuna.com/land/ad/5214054766?se=xHMWJIE48BGKPBF8ALaCew&utm_medium=api&utm_source=25f3af84&v=8D14BC0456FC593E7F0255078C554F97725A7144
US,ECHO Sonographer,Intermountain Health,"Lochbuie, Weld County",93502.33,93502.33,,93502.33,1,Healthcare & Nursing Jobs,"Job Description: The Ultrasound Tech provides excellent customer service by performing ultrasound examinations under the direction of a physician for identification of abnormalities leading to patient diagnosis. If you are interested in learning more about this role or about Intermountain Health, click here to schedule time with me! Posting Specifics Shift Details : Part-time (20 Hours), 2/10’s, 6:30-5:00, 30 minute lunch. Rotate between 2 locations in Heart and Vascular with Platte Valley as h…",2025-05-24T05:22:42Z,Onsite,https://www.adzuna.com/land/ad/5214054827?se=xHMWJIE48BGKPBF8ALaCew&utm_medium=api&utm_source=25f3af84&v=D5BB88D793FE44F2A9B5E2E4C2E70B6D1A78DAEE
US,Radiology Technologist,Intermountain Health,"Paris, Bourbon County",55195.9,55195.9,,55195.9,1,Healthcare & Nursing Jobs,"Job Description: Radiology Technologists at Intermountain Health are committed to providing patient centered care while demonstrating our values of Integrity, Trust, Excellence, Accountability, and Mutual Respect. If you are interested in contributing to our mission of helping people live the healthiest lives possible- come join our team! What does it mean to be a caregiver with Intermountain? Check out this video and learn more and discover the “Power of We.” To learn more about this exciting …",2025-05-24T05:22:42Z,Onsite,https://www.adzuna.com/land/ad/5214054745?se=xHMWJIE48BGKPBF8ALaCew&utm_medium=api&utm_source=25f3af84&v=F3C64B9AF8F9297F059174BFB7DFB6A8B70E9424
US,"Mammography Technologist $5,000 Sign On Bonus",Intermountain Health,"Paris, Bourbon County",75145.85,75145.85,,75145.85,1,Healthcare & Nursing Jobs,"Job Description: Mammography Technologists at Intermountain Health are committed to providing patient centered care while demonstrating our values of Integrity, Trust, Excellence, Accountability, and Mutual Respect. If you are interested in contributing to our mission of helping people live the healthiest lives possible- come join our team! To show our commitment to you and to assist with your transition into our organization, we will also offer up to a $5,000 sign-on bonus, if applicable. If y…",2025-05-24T05:22:42Z,Onsite,https://www.adzuna.com/land/ad/5214054760?se=xHMWJIE48BGKPBF8ALaCew&utm_medium=api&utm_source=25f3af84&v=90E87E77AEB0BFA7CA2652BF6960E2D0E37602FD
US,"CT Technologist $7,000 Sign On Bonus",Intermountain Health,"Wheat Ridge, Jefferson County",65056.82,65056.82,,65056.82,1,Healthcare & Nursing Jobs,"Job Description: CT Technologists at Intermountain Health are committed to providing patient centered care while demonstrating our values of Integrity, Trust, Excellence, Accountability, and Mutual Respect. If you are interested in contributing to our mission of helping people live the healthiest lives possible- come join our team! What does it mean to be a caregiver with Intermountain? Check out this video and learn more and discover the “Power of We.” To show our commitment to you and to assi…",2025-05-24T05:22:42Z,Onsite,https://www.adzuna.com/land/ad/5214054793?se=xHMWJIE48BGKPBF8ALaCew&utm_medium=api&utm_source=25f3af84&v=2657BC435994988C8F0D7E18AE169E8D18D4E46E
US,ECHO Sonographer,Intermountain Health,"Denver, Colorado",89967.75,89967.75,,89967.75,1,Healthcare & Nursing Jobs,"Job Description: The Ultrasound Tech provides excellent customer service by performing ultrasound examinations under the direction of a physician for identification of abnormalities leading to patient diagnosis. If you are interested in learning more about this role or about Intermountain Health, click here to schedule time with me! Posting Specifics Shift Details : Part-time (20 Hours), 2/10’s, 6:30-5:00, 30 minute lunch. Rotate between 2 locations in Heart and Vascular with Platte Valley as h…",2025-05-24T05:22:42Z,Onsite,https://www.adzuna.com/land/ad/5214054828?se=xHMWJIE48BGKPBF8ALaCew&utm_medium=api&utm_source=25f3af84&v=1B19F862A051C3AD41330D8E1FC187422D0C3B97
US,CT and Xray Technologist,Intermountain Health,"Brighton, Adams County",78018.7,78018.7,,78018.7,1,Healthcare & Nursing Jobs,"Job Description: The CT Tech performs a variety of CT procedures using ionizing radiation for diagnostic purposes. This position uses ingenuity, iniative, and independent judgement to perform high quality scans. If you are interested in learning more about this role or about Intermountain Health, click here to schedule time with me! Posting Specifics Shift Details : Part-time (20 hours), Mon 1900-730, Tuesday 1700-130 Unit/Location: Platte Valley Hospital Additional Details: Please review Minim…",2025-05-24T05:22:42Z,Onsite,https://www.adzuna.com/land/ad/5214054808?se=xHMWJIE48BGKPBF8ALaCew&utm_medium=api&utm_source=25f3af84&v=4BACDC52DF598044FBFC2C3E739BD0F66D26A8DC
US,Registered Nurse (RN I) - Surgical Unit - Nights,Norman Regional Health System,"Oklahoma City, Oklahoma County",66256.05,66256.05,,66256.05,1,Healthcare & Nursing Jobs,"Overview: Compensation/Benefits $27.74 -$45.46/hr. depending on previous work experience. Evening differential $2.50/hr. Night differential $3.00/hr. Weekend differential $3.00/hr. Benefits include medical, dental, vision, short-term disability, long-term disability, life insurance, paid time off (PTO), paid holidays, tuition reimbursement, scholarship opportunities, retirement plans, free parking, and opportunities for advancement. Our Surgical Unit at Norman Regional is seeking a new graduate…",2025-05-24T05:22:36Z,Onsite,https://www.adzuna.com/land/ad/5214054343?se=xHMWJIE48BGKPBF8ALaCew&utm_medium=api&utm_source=25f3af84&v=899E18042E969C29B34001A02FADC259523B456B
US,Registered Nurse (RN) I - Surgery Circulator - CVOR,Norman Regional Health System,"Oklahoma City, Oklahoma County",90643.72,90643.72,,90643.72,1,Healthcare & Nursing Jobs,"Overview: Up to $10K Sign On Bonus paid over 1 year. Compensation / Benefits $27.84-$45.46/hr. based on previous work experience. Evening differential $2.50/hr. Night differential $3.00/hr. Weekend differential $3.00/hr. Benefits include medical, dental, vision, short-term disability, long-term disability, life insurance, paid time off (PTO), paid holidays, tuition reimbursement, scholarship opportunities, retirement plans, free parking, and opportunities for advancement We have 2 operating roo…",2025-05-24T05:22:34Z,Onsite,https://www.adzuna.com/land/ad/5214054339?se=xHMWJIE48BGKPBF8ALaCew&utm_medium=api&utm_source=25f3af84&v=88A56483A1E190FF3A5DCB50BC797277670E7ACB
US,Systems Administrator II,City of Tumwater,"Olympia, Thurston County",103104.0,138168.0,,138168.0,0,IT Jobs,"General Statement of Duties/Supervision Why Tumwater? Tumwater is more than just a city, it’s a vibrant community rooted in history and filled with opportunity. Located at the southern gateway to the Seattle-Tacoma metro area, Tumwater offers the perfect blend of small-town charm and big-picture vision. Surrounded by the natural beauty of Puget Sound, prairie landscapes, rivers, and evergreen forests, we’re just over an hour from ocean beaches, the Olympic Peninsula, and Mount Rainier. Whether …",2025-05-24T05:22:33Z,Onsite,https://www.adzuna.com/details/5214054337?utm_medium=api&utm_source=25f3af84
US,Center Supervisor (Interim 6 months),CSL Plasma,"Elyria, Lorain County",62895.66,62895.66,,62895.66,1,Logistics & Warehouse Jobs,"The Opportunity This position is responsible for supervising the day-today plasma center operations and staff to ensure efficient plasma collections. You will report to the Center Manager. The Role In compliance with Standard Operating Procedures (SOPs), supervise center operations daily activities. Provide clear and consistent instructions and directions, conduct meetings, and clearly communicate performance expectations. May be required to perform tasks in work areas. Advise management of emp…",2025-05-24T05:22:32Z,Onsite,https://www.adzuna.com/details/5214054331?utm_medium=api&utm_source=25f3af84
US,Senior Principal Mission Planning Engineer,Northrop Grumman,"El Segundo, Los Angeles County",137400.0,206000.0,,206000.0,0,Engineering Jobs,"RELOCATION ASSISTANCE: Relocation assistance may be available CLEARANCE TYPE: Secret TRAVEL: Yes, 10% of the Time Description At Northrop Grumman, our employees have incredible opportunities to work on revolutionary systems that impact people's lives around the world today, and for generations to come. Our pioneering and inventive spirit has enabled us to be at the forefront of many technological advancements in our nation's history - from the first flight across the Atlantic Ocean, to stealth …",2025-05-24T05:22:31Z,Onsite,https://www.adzuna.com/details/5214054329?utm_medium=api&utm_source=25f3af84
US,Property Accountant,Greystar Management Services,US,54342.44,54342.44,,54342.44,1,Accounting & Finance Jobs,"ABOUT GREYSTAR Greystar is a leading, fully integrated global real estate company offering expertise in property management, investment management, development, and construction services in institutional-quality rental housing, logistics, and life sciences sectors. Headquartered in Charleston, South Carolina, Greystar manages and operates more than $320 billion of real estate in 250 markets globally with offices throughout North America, Europe, South America, and the Asia-Pacific region. Greys…",2025-05-24T05:22:30Z,Onsite,https://www.adzuna.com/details/5214054326?utm_medium=api&utm_source=25f3af84
US,Cybersecurity Engineer - 25-013,AUSGAR Technologies,"Ocean Beach, San Diego County",130000.0,145000.0,,145000.0,0,Engineering Jobs,"JOB TYPE: FULL-TIME COMPETITIVE SALARY, COMPREHENSIVE BENEFITS AND A COMPANY THAT CARES! AUSGAR Technologies, Inc., an EOE Disabled/Veterans employer, is an established Service-Disabled Veteran-Owned Small Business (SDVOSB) Department of Defense, government contractor with core competencies in Information Assurance, Cyber Security and Systems Engineering. With offices on both the East and West coasts, an inviting culture and above-standard benefits, opportunity abounds for the right individual!…",2025-05-24T05:22:29Z,Onsite,https://www.adzuna.com/details/5214054322?utm_medium=api&utm_source=25f3af84
US,Customer Account Coordinator,CUC Corporate Brand,"Rockledge, Brevard County",46060.85,46060.85,,46060.85,1,Engineering Jobs,"Career Opportunity Customer Account Coordinator Location: Hybrid residing in DE, MD, PA, VA, OH, GA, NC or FL service area locations What makes us great: At the heart of our Company is a dedication to delivering energy that drives progress. We put people first, work to keep them safe and build trusting relationships. Your role in our success: Completes customer intake after receiving requests for commercial, industrial, and residential gas/electrical services. This includes the creation and mai…",2025-05-24T05:22:27Z,Hybrid,https://www.adzuna.com/details/5214054321?utm_medium=api&utm_source=25f3af84
US,"Timberland: Designer, Footwear",Timberland,US,62677.23,62677.23,,62677.23,1,Creative & Design Jobs,"At Timberland, we’re a force of nature. We’re a team that steps outside, works hard together, and moves the world forward. The brand is widely recognized as the arbiter of boot culture. With a rich heritage of craftsmanship and an eye toward the future, Timberland has a decades-long commitment to make products responsibly, protect the outdoors, and build community. So, before we get to the job details, take a minute to learn a little more about us – our values and our culture. If you can see yo…",2025-05-24T05:22:25Z,Onsite,https://www.adzuna.com/details/5214054313?utm_medium=api&utm_source=25f3af84
US,Licensed Optical Manager Full Time,BJ's Wholesale Club,"Riverhead, Suffolk County",70720.0,74880.0,,74880.0,0,Retail Jobs,"Join our team of more than 34,000 team members, supporting our members and communities in our Club Support Center, 235 clubs and eight distribution centers. BJ’s Wholesale Club offers a collaborative and inclusive environment where all team members can learn, grow and be their authentic selves. Together, we’re committed to providing outstanding service and convenience to our members, helping them save on the products and services they need for their families and homes. The Benefits of working a…",2025-05-24T05:22:25Z,Onsite,https://www.adzuna.com/details/5214054312?utm_medium=api&utm_source=25f3af84
US,"Senior Software Engineer, iOS Graphics, YouTube",Google,"Mountain View, Santa Clara County",166000.0,244000.0,,244000.0,0,IT Jobs,"Minimum qualifications: Bachelor’s degree or equivalent practical experience. 5 years of experience with software development in C++, and with data structures/algorithms. 3 years of experience testing, maintaining, or launching software products, and 1 year of experience with software design and architecture. 3 years of experience with 3D graphics, OpenGL, and performance rendering. 3 years of experience with iOS application development. Experience in Programming Objective-C or Swift. Preferred…",2025-05-24T05:22:21Z,Onsite,https://www.adzuna.com/details/5214054304?utm_medium=api&utm_source=25f3af84
US,Technician V,General Atomics and Affiliated Companies,"Centennial, Arapahoe County",53189.26,53189.26,,53189.26,1,Engineering Jobs,"Job Description GA’s Electromagnetic Systems (EMS) Group focuses on the military and commercial applications of advanced electromagnetic technologies, including power generation and distribution, magnetic levitation, laser and weapons systems, and systems design and engineering. The EMS Group supports government customers, which include the Department of Defense, Department of Energy, the Department of Transportation as well as a range of commercial customers. We currently have an exciting oppo…",2025-05-24T05:22:20Z,Onsite,https://www.adzuna.com/details/5214054294?utm_medium=api&utm_source=25f3af84
US,IT Specialist,Coral Academy Of Science Reno,"Sierra, Washoe County",55425.78,55425.78,,55425.78,1,IT Jobs,"Job Details Experienced CORAL MS - RENO, NV Full Time 4 Year Degree Description Position Summary: The ideal candidate will handle technical support duties for the Coral Academy of Science Reno. The Technology Specialist position is an exciting opportunity for a results-oriented professional to assure the efficiency and effective use of technology. The IT Specialist provides technical guidance for resolving complex end-user issues across a wide spectrum of hardware, software, network connectivit…",2025-05-24T05:22:16Z,Onsite,https://www.adzuna.com/details/5214054282?utm_medium=api&utm_source=25f3af84
US,Marketing Copywriter,Texas A&M Agrilife Research,"College Station, Brazos County",74886.73,74886.73,,74886.73,1,"PR, Advertising & Marketing Jobs","Job Title Marketing Copywriter Agency Texas A&M Agrilife Research Department Marketing and Communications Proposed Minimum Salary Commensurate Job Location College Station, Texas Job Type Staff Job Description About Texas A&M AgriLife Texas A&M AgriLife is comprised of the following Texas A&M University System members: Texas A&M AgriLife Extension Service Texas A&M AgriLife Research College of Agriculture and Life Sciences at Texas A&M University Texas A&M Forest Service Texas A&M Veterinary Me…",2025-05-24T05:22:15Z,Onsite,https://www.adzuna.com/details/5214054281?utm_medium=api&utm_source=25f3af84
US,Access Intern,Oakland Community Health Network,"Sylvan Lake, Oakland County",16.0,16.0,,16.0,0,Admin Jobs,"Job Summary The Access Intern assists the public in a warm and welcoming manner with requests for mental health, IDD, and substance abuse services by providing information, referrals, screening, and assessment of eligibility for public behavioral health services in Oakland County for children with emotional disturbances, adults with mental illness, persons with substance use disorders and persons with intellectual/developmental disabilities. Essential Functions Under direction: Welcome all indi…",2025-05-24T05:22:12Z,Onsite,https://www.adzuna.com/details/5214054276?utm_medium=api&utm_source=25f3af84
US,Senior Infrastructure Engineer,Mendaera,"San Mateo, San Mateo County",157000.0,171500.0,,171500.0,0,IT Jobs,"About Mendaera, Inc. Mendaera is developing technology that will enable all healthcare providers to do more for their patients. Our platform combines real-time imaging, robotics, and artificial intelligence to make precise and consistent intervention more accessible. Our aim is to eliminate barriers in the patient journey, accelerate recovery, delight customers, and reduce cost of care. About the Opportunity We are seeking a Senior Infrastructure & Security Engineer to lead and evolve our cloud…",2025-05-24T05:21:58Z,Onsite,https://www.adzuna.com/details/5214054232?utm_medium=api&utm_source=25f3af84
US,"Director, People & Culture Business Partner – Group",Aristocrat Technologies,"Las Vegas, Clark County",132825.0,246675.0,,246675.0,0,HR & Recruitment Jobs,"We are looking for a strategic and hands-on Director, People & Culture Business Partner – Group to lead the people strategy and employee experience across our global corporate teams. This role partners closely with Corporate leadership across Australia and the Americas, enabling the business to scale and evolve in a fast-paced environment. As a key member of the P&C team and part of the broader Aristocrat P&C community, this role blends strategic partnership, operational excellence, and leaders…",2025-05-24T05:21:55Z,Onsite,https://www.adzuna.com/details/5214054211?utm_medium=api&utm_source=25f3af84
US,Solutions Architect (Pre-Sales),phData,"Nashville, Davidson County",115708.65,115708.65,,115708.65,1,IT Jobs,"As a Solutions Architect (Pre-Sales), your responsibilities include: Own the technical sales process from introductory meetings (net new sales) through post-sales (customer success and further customer expansion) Clearly communicating phData’s Managed Services (MS), Data Engineering (DE), and Machine Learning Engineering (MLE) services to existing and potential customers Ensure overall customer success across phData offerings Help establish and grow our customer relationships Deliver on pre-sal…",2025-05-24T05:21:44Z,Onsite,https://www.adzuna.com/details/5214054147?utm_medium=api&utm_source=25f3af84
US,Senior Backend Software Engineer,Dynamic,US,198773.19,198773.19,,198773.19,1,IT Jobs,"We're seeking a Senior Software Engineer Dynamic started with a simple vision: every app and website will have a wallet. Three years in, that vision is no longer just an idea. It’s happening now. Wallets are no longer just for crypto apps. They’re becoming the backbone of fintech, payroll, and global remittances. They power faster, cheaper, and more accessible transactions. The best crypto apps, like Ondo Finance, Story, and Magic Eden already run on Dynamic. Now, the world’s top fintech and HR…",2025-05-24T05:21:39Z,Onsite,https://www.adzuna.com/details/5214054121?utm_medium=api&utm_source=25f3af84
US,Outpatient Psychiatrist (Child or Adult),LifeStance Health,"Framingham, Middlesex County",157721.48,157721.48,,157721.48,1,Healthcare & Nursing Jobs,"At LifeStance Health, we believe in a truly healthy society where mental and physical healthcare are unified to make lives better. Our mission is to help people lead healthier, more fulfilling lives by improving access to trusted, affordable, and personalized mental healthcare. Everywhere. Every day. It’s a lofty goal; we know. But we make it happen with the best team in behavioral health. Thank you for taking the time to explore a career with us. As the fastest growing behavioral health practi…",2025-05-24T05:21:37Z,Onsite,https://www.adzuna.com/details/5214054110?utm_medium=api&utm_source=25f3af84
US,Child Psychiatrist-Outpatient Practice,LifeStance Health,"South Portland, Cumberland County",82162.16,82162.16,,82162.16,1,Healthcare & Nursing Jobs,"At LifeStance Health, we believe in a truly healthy society where mental and physical healthcare are unified to make lives better. Our mission is to help people lead healthier, more fulfilling lives by improving access to trusted, affordable, and personalized mental healthcare. Everywhere. Every day. It’s a lofty goal; we know. But we make it happen with the best team in behavioral health. Thank you for taking the time to explore a career with us. As the fastest growing behavioral health practi…",2025-05-24T05:21:35Z,Onsite,https://www.adzuna.com/details/5214054095?utm_medium=api&utm_source=25f3af84
US,Personal Shopper - Sam's,Walmart,"Charleston, Charleston County",35360.0,49920.0,,49920.0,0,Accounting & Finance Jobs,"Position Summary What you'll do Develops and supports Membership by providing information on Membership benefits, promoting the value of Company products and services, processing Memberships, upgrades, and credit accounts, participating in sales and marketing events, and making efforts to meet Membership goals. Maintains safety of Facility by following all safety standards, procedures, and guidelines including conducting safety sweeps, following proper forklift spotting procedures, following pr…",2025-05-24T05:21:35Z,Onsite,https://www.adzuna.com/details/5214054096?utm_medium=api&utm_source=25f3af84
US,Blast Technician (Temp- Day Weekend),SSB Phoenix East,"Phoenix, Maricopa County",49319.94,49319.94,,49319.94,1,Manufacturing Jobs,"Join UCT and be part of the fastest-growing sector in the world ! We indirectly touch every semiconductor chip that goes into every smartphone, smart car and device that uses artificial intelligence. This is a critical time for the semiconductor industry and for UCT - as technology evolves, we evolve with it. UCT is a diverse workplace where every talented employee is committed to continuous innovation, challenging the status quo and exceeding customer expectations. If you are a person with a r…",2025-05-24T05:21:25Z,Onsite,https://www.adzuna.com/details/5214054035?utm_medium=api&utm_source=25f3af84
US,Graphic Designer II,HNTB Corporation,"Tallahassee, Leon County",76578.66,76578.66,,76578.66,1,Creative & Design Jobs,"What We're Looking For At HNTB, you can create a career that is meaningful to you while building communities that matter to all of us. With more than a century of delivering solutions for some of the largest and most complex infrastructure projects across the country, it’s an exciting time to join our growing team of employee-owners. We’re looking for a dynamic, high-level creative thinker to join our West Florida Public Engagement and Communications Team as a Graphic Designer II. This is not a…",2025-05-24T05:21:20Z,Onsite,https://www.adzuna.com/details/5214054026?utm_medium=api&utm_source=25f3af84
US,"Paramedic OR Nurse - LPN, LVN or RN.",CSL Plasma,"Northglenn, Adams County",52936.0,68848.0,,68848.0,0,Healthcare & Nursing Jobs,"​ ​Job Description Summary Responsible for the evaluation of donor suitability for automated pheresis procedures. Administration and supervision of approved immunizations other than red blood cell immunizations. Provides limited emergency medical care to donors and staff, including the administration of medication or treatments in accordance with licensure or certification. Job Description 1 Promotes positive customer relations with all donors. 2 Conducts confidential and effective interviews w…",2025-05-24T05:21:12Z,Onsite,https://www.adzuna.com/details/5214054002?utm_medium=api&utm_source=25f3af84
US,"Project Manager, Planning Services",Fortive,"Wade Hampton, Greenville County",83133.67,83133.67,,83133.67,1,IT Jobs,"Description Project Manager, Planning Services Purpose Gordian (www.gordian.com), an international company, is the leader in facility and construction cost data, software and services for all phases of the building lifecycle. A pioneer of Job Order Contracting, Gordian’s solutions also include proprietary RSMeans data and Facility Intelligence and Asset Management Solutions. From planning to design, procurement, construction and operations, Gordian helps clients improve efficiency, optimize cos…",2025-05-24T05:20:59Z,Onsite,https://www.adzuna.com/details/5214053972?utm_medium=api&utm_source=25f3af84
US,Talent Acquisition Specialist,3M,"Maplewood, Ramsey County",96557.0,118014.0,,118014.0,0,IT Jobs,"Job Description: Job title Talent Acquisition Specialist Collaborate with Innovative 3Mers Around the World Choosing where to start and grow your career has a major impact on your professional and personal life, so it’s equally important you know that the company that you choose to work at, and its leaders, will support and guide you. With a wide variety of people, global locations, technologies and products, 3M is a place where you can collaborate with other curious, creative 3Mers. This posit…",2025-05-24T05:20:42Z,Onsite,https://www.adzuna.com/details/5214053946?utm_medium=api&utm_source=25f3af84
US,Quality Improvement Specialist,Banner Health,US,92412.29,92412.29,,92412.29,1,Healthcare & Nursing Jobs,"Primary City/State: Glendale, Arizona Department Name: Quality Improvement-Corp Work Shift: Day Job Category: Risk, Quality and Safety Find your path in health care. Banner Health is committed to not only providing the finest care possible, but to advancing the way care is provided. To achieve our vision, we seek out professionals who embrace change and who possess the passion and skills to make it happen. Apply today. Becker’s Healthcare recently honored Banner as one of 150 top places to work…",2025-05-24T05:20:07Z,Onsite,https://www.adzuna.com/details/5214053863?utm_medium=api&utm_source=25f3af84
US,Data Center Technician,Oracle,"Abilene, Taylor County",56305.0,112590.0,,112590.0,0,IT Jobs,"Description Oracle Cloud Infrastructure (OCI) has an excellent opportunity for a Data Center Technician to help us build and operate the suite at significant scale, where coordinated cloud services are broadly distributed in a multi-tenant cloud environment! We encourage you to apply and join our team! Job Description What you’ll be doing: Hardware installation & configuration of enterprise servers and cabling infrastructure. Hardware Break/Fix replacement of FRUs Rack installation including pu…",2025-05-24T05:20:07Z,Onsite,https://www.adzuna.com/details/5214053861?utm_medium=api&utm_source=25f3af84
US,Clinical laboratory assistant,Sentara Hospitals,"Charlottesville City, Virginia",63872.66,63872.66,,63872.66,1,Healthcare & Nursing Jobs,"City/State Charlottesville, VA Work Shift Rotating Overview: Job Description Summary Provides point of entry for all specimens coming into the laboratory. Supports technical areas of the laboratory. Labels, processes, and distributes patient specimens for testing; responsible for registration and test data entry. Job Description Primary point of contact for all specimen entry into the laboratory. Labels, processes, and distributes based on testing ordered and required. Monitors supply levels in…",2025-05-24T05:19:51Z,Onsite,https://www.adzuna.com/details/5214053830?utm_medium=api&utm_source=25f3af84
US,Water Treatment Specialist,Brenntag,"Lancaster, Lancaster County",68229.12,68229.12,,68229.12,1,Sales Jobs,Your Role & Responsibilities Job Summary: Account Managers are responsible for managing the overall sales efforts in their assigned territory to maximize sales and profit. They must utilize frequent face-to-face and/or telephone contact in a consultative sales approach to ensure the satisfaction of customer needs. They must identify selling opportunities and assertively act upon the opportunities that offer maximum potential and/or gross profit - both with existing customers through cross- and …,2025-05-24T05:19:46Z,Onsite,https://www.adzuna.com/details/5214053815?utm_medium=api&utm_source=25f3af84
US,Director of Quality Management,Lifepoint,"Youngstown, Mahoning County",70608.41,70608.41,,70608.41,1,Healthcare & Nursing Jobs,"Qualifications : Master’s degree in a health-related field preferred, or bachelor’s degree in a health-related field with equivalent in a psychiatric hospital. Previous experience in a psychiatric health care facility, with direct experience working with chemical dependency, dual diagnosis, psychiatric, and geriatric patients preferred. If applicable, unencumbered license to practice by the State Board of Nursing. CPR certification and Crisis Prevention Training (CPI) within 30 days. Mercy Heal…",2025-05-24T05:19:41Z,Onsite,https://www.adzuna.com/details/5214053803?utm_medium=api&utm_source=25f3af84
US,Field Testing Technician Level I - Building and Construction,Intertek,"Wabash, Allegheny County",83213.31,83213.31,,83213.31,1,Scientific & QA Jobs,"Description Lab/Field Testing Technician – Pittsburgh, Pennsylvania . Intertek, a leading provider of quality and safety solutions to many of the world’s top-recognized brands and companies, is actively seeking a Lab/Field Testing Technician to join our Building and Construction Testing team in Pittsburgh, Pennsylvania . This is a fantastic opportunity to grow a versatile career in the building enclosure testing industry! Intertek's Building and Construction division is a suite of Intertek bran…",2025-05-24T05:19:17Z,Onsite,https://www.adzuna.com/details/5214053750?utm_medium=api&utm_source=25f3af84
US,Implementation Lead - Dallas,Slice,"Dallas, Texas",73582.77,73582.77,,73582.77,1,IT Jobs,"Ilir Sela started Slice with the belief that local pizzerias deserve all of the advantages of major franchises without compromising their independence. Starting with his family’s pizzerias, we now empower over tens of thousands of restaurants with the technology, services, and collective power that owners need to better serve their digitally minded customers and build lasting businesses. We’re growing and adding more talent to help fulfill this valuable mission. That’s where you come in. The Op…",2025-05-24T05:19:16Z,Onsite,https://www.adzuna.com/details/5214053749?utm_medium=api&utm_source=25f3af84
US,EDGE Auditor Services Consultant,Habitat for Humanity,"Africa, Franklin County",65671.95,65671.95,,65671.95,1,Trade & Construction Jobs,"Job Description Habitat for Humanity International (HFHI) is anchored on a fundamental vision of a world where everyone has a decent place to live. This vision has been the driving force in all of Habitat’s actions and activities and has seen HFHI helping more than 29 million people around the world build or improve the place they call home. To further fulfil this vision, Habitat for Humanity International established the Terwilliger Centre for Innovation in Shelter (Terwilliger Centre) to Buil…",2025-05-24T05:19:09Z,Onsite,https://www.adzuna.com/details/5214053738?utm_medium=api&utm_source=25f3af84
US,Principal Advisor Mine Geology & Reconciliation,Rio Tinto,"Salt Lake City, Salt Lake County",102380.09,102380.09,,102380.09,1,Engineering Jobs,Ensure personal actions and behaviours are aligned with the aim of achieving Zero Harm and clearly demonstrate safety leadership in support of Critical Risk Management. Liaise with Centre of Excellence to develop and deliver technology and innovation that enhances Copper Group value and mitigates significant threats. Improves workforce capability and develops talent to meet current and future needs. Ensures effective practices are implemented for managing and developing staff at all levels. Ens…,2025-05-24T05:19:08Z,Onsite,https://www.adzuna.com/details/5214053737?utm_medium=api&utm_source=25f3af84
US,CDOC State Teacher I - High School Equivalency (HSE/GED) - Limon,State of Colorado,"Limon, Lincoln County",70140.0,112236.0,,112236.0,0,Teaching Jobs,"Department Information Who May Apply: A residency waiver has been granted for this announcement. Applications will be considered from residents and non-residents of Colorado. Job Location: Limon, CO If your goal is to build a career that makes a difference and builds greater public confidence in good government, consider joining the dedicated people of the State of Colorado. Our professionals strive to support state government and the citizens of Colorado. Customer service is a key component fo…",2025-05-24T05:19:02Z,Onsite,https://www.adzuna.com/details/5214053724?utm_medium=api&utm_source=25f3af84
US,EHS Coordinator,Stellar Energy Americas,"Dinsmore, Duval County",45760.0,54080.0,,54080.0,0,"Energy, Oil & Gas Jobs","EHS Coordinator Position Type: Full-time/Exempt/Salary Reports to: Senior Environmental Health & Safety Manager Supervisory Responsibility: None Location: Jacksonville, FL (Manufacturing Facility) Who We Are: Stellar Energy provides state-of-the-art solutions customers build in for optimized energy performance now; and in the preparation for the energy needs of tomorrow. In business for 25 years, we’ve delivered added energy efficiency and capacity to customers in more than 15 countries. More d…",2025-05-24T05:18:59Z,Onsite,https://www.adzuna.com/details/5214053707?utm_medium=api&utm_source=25f3af84
US,Process Manager,Ledge Lounger,"Katy, Harris County",100000.0,120000.0,,120000.0,0,IT Jobs,"More than a decade ago, Ledge introduced America to the first-in pool chaise and modern design forward furniture for a more compelling outdoor living experience. Today the award-winning brand is recognized as the in-pool and poolside leader, adopted by discerning homeowners and five star resort and residential properties around the world. Our continued success is very much a consequence of our team members, the Ledge culture of collaboration and innovation, and our unwavering belief in the impo…",2025-05-24T05:18:59Z,Onsite,https://www.adzuna.com/details/5214053711?utm_medium=api&utm_source=25f3af84
US,Senior Brand Designer,Flexport,"Dallas, Texas",94517.94,94517.94,,94517.94,1,Creative & Design Jobs,"About Flexport: At Flexport, we believe global trade can move the human race forward. That’s why it’s our mission to make global commerce so easy there will be more of it. We’re shaping the future of a $10T industry with solutions powered by innovative technology and exceptional people. Today, companies of all sizes—from emerging brands to Fortune 500s—use Flexport technology to move more than $19B of merchandise across 112 countries a year. The recent global supply chain crisis has put Flexpor…",2025-05-24T05:18:54Z,Onsite,https://www.adzuna.com/details/5214053695?utm_medium=api&utm_source=25f3af84
US,Operational Support Representative - Hybrid (Sun-Thurs 1st Shift),Ryder,US,48372.92,48372.92,,48372.92,1,Customer Services Jobs,"Job Seekers can review the Job Applicant Privacy Policy by clicking here . Job Description : Hybrid position in office 2 days per week in Concord, NC Schedule: Sun-Thurs, 6:00am-3:00pm, 1 hour lunch. MOVE YOUR CAREER FORWARD WITH RYDER! If you are up to the challenge, Apply Now to work for one of the largest and most respected names in Logistics, Transportation, Fleet Maintenance and Supply Chain Services in the World! Summary The Operational Support Representative will receive inbound phone ca…",2025-05-24T05:18:48Z,Hybrid,https://www.adzuna.com/details/5214053680?utm_medium=api&utm_source=25f3af84
US,Intellectual Property Associate Attorney,Attorneys,"Long Island, Queens",155000.0,200000.0,,200000.0,0,Legal Jobs,"Wilson Elser is a leading defense litigation law firm with more than 1,250 attorneys in 44 offices throughout the United States. Founded in 1978, we rank among the top 100 law firms identified by The American Lawyer and 43rd in the National Law Journal’s survey of the nation’s largest law firms. We’re also Mansfield Certified Plus and a Women in the Law Forum Gold Standard Law Firm. Our firm is committed to attracting and retaining professionals who value each other and the service we provide b…",2025-05-24T05:18:47Z,Onsite,https://www.adzuna.com/details/5214053675?utm_medium=api&utm_source=25f3af84
US,Golf Coach - 1099,Five Iron Golf,"The Loop, Chicago",49292.43,49292.43,,49292.43,1,Hospitality & Catering Jobs,"Five Iron Golf is the country's premier indoor golf and entertainment experience, with over twenty-seven locations worldwide and more on the way. Five Iron Golf’s core mission is to seamlessly meld golf and entertainment, and in the process make golf inclusive and accessible for all. Five Iron Golf is seeking a Golf Coach . This individual is primarily responsible for delivering high quality golf instruction and will report directly to the national Director of Golf. About 5i Instruction: Utiliz…",2025-05-24T05:18:32Z,Onsite,https://www.adzuna.com/details/5214053642?utm_medium=api&utm_source=25f3af84
US,Harvest Therapy Physical Therapist PRN,The Orchards / Harvest Therapy,"Chester, Hancock County",72888.34,72888.34,,72888.34,1,Hospitality & Catering Jobs,"Full-time Description Essential Qualifications: · Minimum of Bachelor of Science Degree in Physical Therapy from an accredited program. · Passing score on the National Physical Therapy Examination · Current licensure as Physical Therapist in practicing state(s) · Current certification/ registry, as required. · Assume responsibility for ongoing continuing education and professional development to maintain current licensure and certification. Requirements Essential Job Duties and Responsibilities…",2025-05-24T05:18:32Z,Onsite,https://www.adzuna.com/details/5214053645?utm_medium=api&utm_source=25f3af84
US,Chief Executive Officer - WSH,DHRM,"Staunton, Staunton City",154579.44,154579.44,,154579.44,1,Healthcare & Nursing Jobs,"Title: BH Hospital Chief Executive Officer State Role Title: 19225 Hiring Range: Up to $200,000 Pay Band: 7 Agency: Dept Behavioral Health/Develop Location: Central Office Agency Website: www.dbhds.virginia.gov Recruitment Type: General Public - G Job Duties The Virginia Department of Behavioral Health and Developmental Services (DBHDS) is seeking an accomplished and visionary healthcare executive to lead Western State Hospital (WSH), a 300-bed, Joint Commission-accredited inpatient psychiatric…",2025-05-24T05:18:25Z,Onsite,https://www.adzuna.com/details/5214053625?utm_medium=api&utm_source=25f3af84
US,"Manager, Stewardship",Best Buddies Int.,"Brickell, Miami-Dade County",45000.0,55000.0,,55000.0,0,"PR, Advertising & Marketing Jobs","Best Buddies International is a nonprofit 501(c)(3) organization dedicated to establishing a global volunteer movement that creates opportunities for one-to-one friendships, integrated employment, leadership development, inclusive living, and family support for individuals with intellectual and developmental disabilities (IDD). Best Buddies is the largest organization dedicated to ending the social, physical and economic isolation of the 200 million people worldwide with intellectual and develo…",2025-05-24T05:18:20Z,Onsite,https://www.adzuna.com/details/5214053609?utm_medium=api&utm_source=25f3af84
US,Senior Library Operations Assistant (Student) (FWS),American University,US,39209.58,39209.58,,39209.58,1,Admin Jobs,"American University is a student-centered research institution located in Washington, DC, with highly-ranked schools and colleges, internationally-renowned faculty, and a reputation for creating meaningful change in the world. Learn more about American University . Department: Library Operations Support Time Type: Part time FLSA Status: Non-Exempt Job Description: Summary : The Senior Library Operations Student Assistant (OA) ensures the security and well-being of library patrons, employees, an…",2025-05-24T05:18:17Z,Onsite,https://www.adzuna.com/details/5214053600?utm_medium=api&utm_source=25f3af84
US,"RN, Stepdown Unit, Full-Time, Days, 15K Hiring Incentive",Adventist Health,"Bakersfield, Kern County",118131.76,118131.76,,118131.76,1,Healthcare & Nursing Jobs,"Description Central to all that California has to offer, Adventist Health Bakersfield has been providing an extraordinary team of world-class physicians, top-notch medical technology, caring professionals and award-winning quality since 1910. We are comprised of a 254-bed acute care hospital and 20 primary and specialty care medical offices. As one of America's fastest growing cities, Bakersfield offers affordable housing on the West Coast, beautiful weather, high-quality education and it is ju…",2025-05-24T05:18:12Z,Onsite,https://www.adzuna.com/details/5214053587?utm_medium=api&utm_source=25f3af84
US,HR Consultant,Beaird Group,"Naperville, DuPage County",83200.0,104000.0,,104000.0,0,HR & Recruitment Jobs,"HR Consultant Pay Rate: $40–$50/hour Hours: Part-time, 5–20 hours per week Beaird Group helps clients drive efficiency, growth, and profitability through accurate data gathering, thorough analysis, and valuable recommendations. While our consulting team focuses on Project Management, Sales and Marketing, and Human Resources, we’re currently seeking an experienced HR Consultant to support our clients with a wide range of HR needs. This part-time role is ideal for a self-starter who is both strat…",2025-05-24T05:18:06Z,Onsite,https://www.adzuna.com/details/5214053570?utm_medium=api&utm_source=25f3af84
US,Medical Practice Clinical Manager,Memorial Regional Health,"Craig, Moffat County",79580.0,119371.0,,119371.0,0,Healthcare & Nursing Jobs,"This position will oversee the Rapid Care Clinic and the Specialty Clinic Essential Functions and Basic Duties Operational Management Oversee day-to-day clinic operations, including staffing, scheduling, and workflow optimization. Develop and implement policies, procedures, and best practices to ensure operational efficiency and compliance with regulatory standards. Monitor clinic performance metrics and implement improvement initiatives to meet organizational goals. Clinical Support Collaborat…",2025-05-24T05:17:59Z,Onsite,https://www.adzuna.com/details/5214053552?utm_medium=api&utm_source=25f3af84
US,First Responder/EMR,MedFleet,"Citrus Hills, Citrus County",35360.0,39520.0,,39520.0,0,Healthcare & Nursing Jobs,Are you at least half way through EMT school or have you finished but not taken your NREMT yet? Do you need to re-take the exam? Join our team and work as an Emergency Medical Responder and gain valuable experience working on an ambulance with an EMT. ATI (A Division of MedFleet)'s Clinical Services team will also provide exam review assistance to help you prepare for your NREMT! EMR/FIRST RESPONDER -Assist the EMT with the preparation of the patient for transport -Operates an ambulance vehicle…,2025-05-24T05:17:55Z,Onsite,https://www.adzuna.com/details/5214053527?utm_medium=api&utm_source=25f3af84
US,Staff CAM / IPT Lead,Northrop Grumman,"Woodland Hills, Los Angeles County",171000.0,256400.0,,256400.0,0,Engineering Jobs,"RELOCATION ASSISTANCE: Relocation assistance may be available CLEARANCE TYPE: Secret TRAVEL: Yes, 10% of the Time Description At Northrop Grumman, our employees have incredible opportunities to work on revolutionary systems that impact people's lives around the world today, and for generations to come. Our pioneering and inventive spirit has enabled us to be at the forefront of many technological advancements in our nation's history - from the first flight across the Atlantic Ocean, to stealth …",2025-05-24T05:17:54Z,Onsite,https://www.adzuna.com/details/5214053517?utm_medium=api&utm_source=25f3af84
US,(USA) Area Manager - Floor (grocery),Walmart,"Monroe, Walton County",65500.0,98000.0,,98000.0,0,Manufacturing Jobs,Position Summary What you'll do Communicate with or to individuals or groups verbally andor in writing eg customers suppliers associates Implement the business plan for area of responsibility by communicating goals and managing staffing and scheduling assigning duties and coordinating workloads in order to achieve facility goals eg production quality safety Monitor and manage productivity of area of responsibility by preparing reviewing andor analyzing business reports Maintain quality and safe…,2025-05-24T05:17:45Z,Onsite,https://www.adzuna.com/details/5214053483?utm_medium=api&utm_source=25f3af84
US,Registered Nurse RN Med Surg Surgical,AdventHealth Daytona Beach,"Holly Hill, Volusia County",73653.76,73653.76,,73653.76,1,Healthcare & Nursing Jobs,"The expertise and experiences you’ll need to succeed\: Minimum qualifications \: Graduate of school of nursing with a minimum of an Associate of Science degree or diploma. Active Florida RN license required or active multi-state RN license. Current AHA Advanced Life Support (ACLS), Pediatric Advanced Life Support (PALS), NPR, S.T.A.B.L.E. and/or Emergency Nurses Trauma Nursing Core Class (TNCC) Certifications may be required upon hire for certain departments. Refer to facility policy. Preferred…",2025-05-24T05:17:42Z,Onsite,https://www.adzuna.com/details/5214053463?utm_medium=api&utm_source=25f3af84
US,"Staff Analyst, Sales Commissions",Angi,"Texas, US",150000.0,200000.0,,200000.0,0,Sales Jobs,"At Angi®, we’ve had one simple mission for 30 years: get jobs done well. We make it happen by connecting homeowners with reliable pros who have the skills they need — and connecting pros with homeowners who have the jobs they want. Angi at a glance: A new homeowner turns to Angi every second Our network has 150,000 skilled pros in 50 service categories 150,000,000 projects brought to Angi (and counting) Why join Angi: Angi® is defining the future of the home services industry, creating an envir…",2025-05-24T05:17:42Z,Onsite,https://www.adzuna.com/details/5214053464?utm_medium=api&utm_source=25f3af84
US,Starbucks Barista,Target Corporation,"Buena Park, Orange County",43693.29,43693.29,,43693.29,1,Hospitality & Catering Jobs,"Starting Hourly Rate / Salario por Hora Inicial: $20.00 USD per hour ALL ABOUT TARGET Working at Target means helping all families discover the joy of everyday life. We bring that vision to life through our values and culture. Learn more about Target here. ALL ABOUT FOOD & BEVERAGE The Food & Beverage team enables a consistent experience for our guests by ensuring product is fresh, in stock, available and accurately priced and signed on the sales floor. They are experts of operations, process a…",2025-05-24T05:17:41Z,Onsite,https://www.adzuna.com/details/5214053460?utm_medium=api&utm_source=25f3af84
US,Customer Support Center Risk Analyst I,Seacoast Bank Careers,"Lake Mary, Seminole County",58849.04,58849.04,,58849.04,1,Accounting & Finance Jobs,"JOB SUMMARY: This role is responsible for gathering, analyzing, comparing, and maintaining data associated with key risk indicators as part of First Line of Defense monitoring for the Customer Support Center Design metrics, reporting, trending, to identify strengths/weakness, as well as future opportunities. On an on-going basis, this position supports the evolution of First Line of Defense to meet the Organization’s evolving business needs. Consistently gains the confidence and trust of others…",2025-05-24T05:17:36Z,Onsite,https://www.adzuna.com/details/5214053438?utm_medium=api&utm_source=25f3af84
US,FP&A Analyst,Lithic,"New York, US",100000.0,135000.0,,135000.0,0,Accounting & Finance Jobs,"Lithic creates card issuing and payment infrastructure for technology companies that just works. We help some of the world’s fastest-growing digital banks, fintech companies, and software companies process billions in transactions annually. Lithic is looking to hire an strong Financial Planning & Analysis (“FP&A”) Analyst who will be an integral part of Lithic’s Finance team supporting its financial planning, forecasting and decision support activities. As a FP&A Analyst, you will be supporting…",2025-05-24T05:17:27Z,Onsite,https://www.adzuna.com/details/5214053411?utm_medium=api&utm_source=25f3af84
US,Order Operations Specialist,Lucid Motors,"Phoenix, Maricopa County",58240.0,68640.0,,68640.0,0,Admin Jobs,"Leading the future in luxury electric and mobility At Lucid, we set out to introduce the most captivating, luxury electric vehicles that elevate the human experience and transcend the perceived limitations of space, performance, and intelligence. Vehicles that are intuitive, liberating, and designed for the future of mobility. We plan to lead in this new era of luxury electric by returning to the fundamentals of great design – where every decision we make is in service of the individual and env…",2025-05-24T05:17:27Z,Onsite,https://www.adzuna.com/details/5214053417?utm_medium=api&utm_source=25f3af84
US,Grain Receiver Mixer Assistant,Vitakraft Sun Seed,"Weston, Wood County",33166.89,33166.89,,33166.89,1,Logistics & Warehouse Jobs,"Vitakraft Sun Seed, Inc. has an immediate opening for a Grain Receiver at the Weston, OH location. This position is responsible for ensuring the efficient unloading of bulk grain deliveries and proper movement of bins. The Grain Receiver maintains high standards of safety, cleanliness, and food quality, while minimizing downtime and preventing cross contamination. As part of our team, you'll be joining a dynamic and learning-driven organization committed to relentless improvement and excellence…",2025-05-24T05:17:25Z,Onsite,https://www.adzuna.com/details/5214053408?utm_medium=api&utm_source=25f3af84
US,Digital Product Manager II,First Interstate BancSystem,"Billings, Yellowstone County",109855.19,109855.19,,109855.19,1,IT Jobs,"If you are a current FIB employee, please apply through the Career Worklet in the Employee Portal . This position is a hybrid work model ​ and can be located in Billings, MT, Boise, ID, Omaha, NE and Sioux Falls, SD. What’s Important to You We know your career is just one aspect of a meaningful, complex, and demanding life. That’s why we designed our compensation and benefits package to provide employees and their families with as much choice as possible. Generous Paid Time Off (PTO) in additio…",2025-05-24T05:17:24Z,Hybrid,https://www.adzuna.com/details/5214053400?utm_medium=api&utm_source=25f3af84
US,Paramedic,Samaritan Care,"Orrville, Wayne County",47855.98,47855.98,,47855.98,1,Logistics & Warehouse Jobs,"SIGN ON BONUS $10,000 12 HOUR SHIFTS 12 hour rotating shifts on a two week rotating schedule, working four days one week , then three days the next. SUMMARY: Provides advanced life support and basic life support emergency medical care, patient assessment and care, transport services, and other services by performing the following duties. In addition, performs all of the duties of and must meet the qualifications of an Emergency Medical Technician-Paramedic. QUALIFICATION REQUIREMENTS : To perfo…",2025-05-24T05:17:24Z,Onsite,https://www.adzuna.com/details/5214053401?utm_medium=api&utm_source=25f3af84
US,SQL and Power BI Administrator,Dupage Credit Union,"Warrenville, DuPage County",89000.0,100000.0,,100000.0,0,IT Jobs,"At DuPage Credit Union, we are driven by our vision and values, which shape our culture and guide us in everything we do. These values reflect what we stand for and guide how we operate: Integrity. Innovation. Collaboration. Excellence. Empowerment. By making these values central to all that we do, we can realize our vision of being a financial institution Where Financial Futures Thrive™. We have an exciting opportunity in our Information Technology Department for a SQL and Power BI Administrat…",2025-05-24T05:17:20Z,Onsite,https://www.adzuna.com/details/5214053389?utm_medium=api&utm_source=25f3af84
US,"(USA) Lead Technician, Facility Services, Exterior Services",Walmart,"Burlington, Middlesex County",60320.0,116480.0,,116480.0,0,Manufacturing Jobs,Position Summary What you'll do Leads and participates in teams by using and sharing resources information and tools Identifies customer needs and business priorities Coordinates and executes work assignments Provides advice feedback and support to ensure timelines and work quality are achieved Models and helps team members adapt to change or new challenges Supervises associates by assigning duties communicating goals providing feedback and followup and monitoring performance Teaches and suppor…,2025-05-24T05:17:16Z,Onsite,https://www.adzuna.com/details/5214053375?utm_medium=api&utm_source=25f3af84
US,Social Media & Content Strategist,EarthDaily Analytics,"Remote, Coos County",80000.0,120000.0,,120000.0,0,"PR, Advertising & Marketing Jobs","About EarthDaily EarthDaily is revolutionizing the way we understand and monitor our planet. Through cutting-edge Earth Observation (EO) technology and geospatial analytics, we provide unparalleled insights for industries ranging from agriculture to mining, insurance, and government intelligence. Our mission is to build the world’s most advanced change detection system to capture, analyze, and interpret global shifts in near real-time. Purpose and Accountability The Marketing Social Media and C…",2025-05-24T05:17:14Z,Remote,https://www.adzuna.com/details/5214053371?utm_medium=api&utm_source=25f3af84
US,Cloud Infrastructure Engineer (Azure),BDO USA,"Dutton, Kent County",115000.0,130000.0,,130000.0,0,IT Jobs,"Description Job Summary: The Cloud Infrastructure Engineer is responsible for designing, provisioning, securing, automating, monitoring, and maintaining all Cloud based components such as: Networks, Firewalls, Servers, Storage, Microsoft Entra, and their related subsystems. Job Duties: Designs, provisions, secures, automates, monitors, and maintains all cloud infrastructure components Creates and maintains cloud standards and documentation Monitors, analyzes, troubleshoots, and resolves perform…",2025-05-24T05:17:06Z,Onsite,https://www.adzuna.com/details/5214053342?utm_medium=api&utm_source=25f3af84
US,Construction - Billboard Installer,Lamar Advertising,"Victoria, Victoria County",35360.0,37440.0,,37440.0,0,Trade & Construction Jobs,"Would you like to see a different part of your city every day from a bird’s eye view? This job is action-packed, and we provide all the training and equipment to start your full-time career. Our Lamar office in Victoria, TX, is now hiring a new Operations crew member to help us bring outdoor advertising campaigns to life for brands in Victoria, Texas, and the surrounding areas. The purpose of this entry-level, full-time position is to install and maintain billboards, including installation of a…",2025-05-24T05:17:05Z,Onsite,https://www.adzuna.com/details/5214053340?utm_medium=api&utm_source=25f3af84
US,Production Planner I,Duquesne,"Duquesne, Allegheny County",45128.1,45128.1,,45128.1,1,Logistics & Warehouse Jobs,"JOB SUMMARY: The Production Planner I is responsible for scheduling and coordinating the efficient production of finished goods to meet customer demand. This role supports production planning activities by reviewing and adjusting inventory levels as needed, working with other departments to ensure customer satisfaction, and maintaining accurate inventory records. Additionally, the Production Planner I helps analyze product demand, trends, and forecasts, making recommendations to adjust inventor…",2025-05-24T05:17:04Z,Onsite,https://www.adzuna.com/details/5214053335?utm_medium=api&utm_source=25f3af84
US,Executive Director of Human Resources,Splendora Independent School District,US,97893.0,135000.0,,135000.0,0,HR & Recruitment Jobs,"Position Type: Administration Date Posted: 5/20/2025 Location: District Wide Job Title: Executive Director of Human Resources Status: Exempt Term: 223 Days Salary Range: $97,893-$135,000 Primary Purpose: Responsible for supporting the Deputy Superintendent in overall management of the district’s human resources function. Supports the strategic planning and implementation of human resources programs to include professional and auxiliary staffing, wage and salary administration, leave administrat…",2025-05-24T05:17:02Z,Onsite,https://www.adzuna.com/details/5214053330?utm_medium=api&utm_source=25f3af84
US,Packer,Mill Rock Packaging,"Woodland, Yolo County",43680.0,47840.0,,47840.0,0,Manufacturing Jobs,"Job Details Woodland, CA $21.00 - $23.00 Hourly None Day Description Get to know us. Mill Rock Packaging (MRP), a quickly growing U.S.- based packaging company and a market leader in the design, engineering and production of high-end, sustainable, and customized graphic paperboard, folding carton and commercial printing products. MRP serves customers in various industries including consumer staples, food and beverage, technology, pharmaceuticals, health, beauty and more. Check us out at www.mil…",2025-05-24T05:16:59Z,Onsite,https://www.adzuna.com/details/5214053301?utm_medium=api&utm_source=25f3af84
US,Reliability Engineer,Davis Strategic Innovations,"Huntsville, Madison County",5.0,,,5.0,0,Engineering Jobs,"Job Description Reliability Engineer Huntsville, AL – Full-Time, On-Site – Active Secret Required Mission Drive system-level reliability, availability, and maintainability (RAM) by leading FMECA, FRACAS, and fault-tree analysis (FTA) throughout the product life-cycle. Key Responsibilities Own the reliability program: Plan, execute, and maintain FMECA, FTA, reliability predictions, and growth curves in accordance with MIL-STD-1629A, IEC 60812, and contract RAM requirements. Lead FRACAS execution…",2025-05-24T05:16:58Z,Onsite,https://www.adzuna.com/details/5214053289?utm_medium=api&utm_source=25f3af84
US,Project Bid Coordinator,WCM White Cap Management,"Des Moines, Polk County",58519.86,58519.86,,58519.86,1,Engineering Jobs,"A position at White Cap isn’t your ordinary job. You’ll work in an exciting and diverse environment, meet interesting people, and have a variety of career opportunities. The White Cap family is committed to Building Trust on Every Job. We do this by being deeply knowledgeable, fully capable, and always dependable, and our associates are the driving force behind this commitment. Job Summary Responsible for providing seamless execution of projects by providing administrative support for projects …",2025-05-24T05:16:55Z,Onsite,https://www.adzuna.com/details/5214053278?utm_medium=api&utm_source=25f3af84
US,Systems - Loads and Dynamics Engineer,Stoke Space,"Kent, King County",144100.0,240100.0,,240100.0,0,Engineering Jobs,"A thriving economy in space is needed to make life on Earth more vibrant, sustainable, and equitable. Space technology will enable global access to information, solutions to climate change, answers to global food security, products that transform healthcare, clean energy production, and more. Today, rocket launch options are slow, expensive, and unreliable. Stoke is building the world’s most efficient fully and rapidly reusable rocket designed to fly daily that will radically increase access to…",2025-05-24T05:16:52Z,Onsite,https://www.adzuna.com/details/5214053258?utm_medium=api&utm_source=25f3af84
US,Registered Nurse Labor and Delivery FT Nights,AdventHealth Central Florida,"Aloma, Orange County",73197.83,73197.83,,73197.83,1,Healthcare & Nursing Jobs,The expertise and experiences you’ll need to succeed: Minimum qualifications: Bachelor’s degree in Nursing Minimum of six (6) months of experience Current valid State of Florida or multistate license as a Registered Nurse Basic Life Support (BLS) Certification EKG competency testing Preferred qualifications: Minimum of 1 year of nursing experience Professional Certification AdventHealth Winter Park Labor & Delivery All the benefits and perks you need for you and your family: Nights Differential…,2025-05-24T05:16:49Z,Onsite,https://www.adzuna.com/details/5214053244?utm_medium=api&utm_source=25f3af84
US,Safety Manager,Ryder,US,79318.84,79318.84,,79318.84,1,Logistics & Warehouse Jobs,"Job Seekers can review the Job Applicant Privacy Policy by clicking here . Job Description : W e are immediately hiring for a Safety Manager to join our Laurel Hill, NC (28351) team. Apply here today to speak with a Recruiter about the position and perks of joining our Ryder Team. 68k - 75k (DOE) yearly salary  benefits and PTO Location: Laurel Hill, NC (28351) Safety management and oversight experience within a warehouse or distribution space 6am - 2pm Monday - Friday When Fortune 500 business…",2025-05-24T05:16:48Z,Onsite,https://www.adzuna.com/details/5214053242?utm_medium=api&utm_source=25f3af84
US,Senior Staff Software Engineer,Datadog,"New York City, New York",177677.38,177677.38,,177677.38,1,IT Jobs,"About Datadog: We're on a mission to build the best platform in the world for engineers to understand and scale their systems, applications, and teams. We operate at high scale—trillions of data points per day—providing always-on alerting, metrics visualization, logs, and application tracing for tens of thousands of companies. Our engineering culture values pragmatism, honesty, and simplicity to solve hard problems the right way. The Opportunity: Datadog’s Senior Staff Engineers are technical l…",2025-05-24T05:16:43Z,Onsite,https://www.adzuna.com/details/5214053216?utm_medium=api&utm_source=25f3af84
US,Client Onboarding - Vice President,JPMorganChase,"Charlotte, Mecklenburg County",123813.06,123813.06,,123813.06,1,Accounting & Finance Jobs,"Description ﻿Join JP Morgan Chase as a Client Onboarding Vice President and lead the charge in delivering exceptional treasury product implementations for our global clients. Leverage your project management expertise to create seamless onboarding experiences, build strong relationships, and drive innovation within a diverse and dynamic team. Elevate your career with endless growth opportunities and make a meaningful impact in the world of finance. As a Client Onboarding Vice President at JPMor…",2025-05-24T05:16:30Z,Onsite,https://www.adzuna.com/details/5214053182?utm_medium=api&utm_source=25f3af84
US,"Navigator, Bi-Lingual Neighborhood",Feeding Tampa Bay,"Clair Mel, Hillsborough County",41700.0,43010.0,,43010.0,0,Healthcare & Nursing Jobs,"POSITION TITLE: Bilingual Neighborhood Navigator REPORTS TO: Assistant Director of Empowerment Services DEPARTMENT: Operations CLASSIFICATION: Onsite -9:30 am - 6:00 pm Monday - Friday; ; some evenings and weekends required STATUS: Hourly SALARY RANGE: $41,700 - $43,010 COMPANY OVERVIEW Focused on uplifting our neighbors toward long-term sustainability, Feeding Tampa Bay nourishes human potential by providing access to food and then leveraging that access to connect those we serve with empoweri…",2025-05-24T05:16:28Z,Onsite,https://www.adzuna.com/details/5214053175?utm_medium=api&utm_source=25f3af84
US,"Assistant Store Manager - Overland Plaza, St. Louis, MO",DTLR,"Franklin, Hancock County",35973.01,35973.01,,35973.01,1,Retail Jobs,"Come work for us! We are looking for dedicated employees to join our team to help our customers have the best experience possible every time they enter a DTLR store. Our employees are key to our success. POSITION SUMMARY: The primary purpose of the Assistant Store Manager is to Assist the Store Manager in upholding the daily store operations of a retail store ensuring maximum sales and profitability through merchandising execution, managing expenses and inventory, training and development of th…",2025-05-24T05:16:23Z,Onsite,https://www.adzuna.com/details/5214053165?utm_medium=api&utm_source=25f3af84
US,Actuarial Analyst Sr,"National Union Fire Insurance Company of Pittsburgh, Pa.","Chicago, Cook County",100000.0,125000.0,,125000.0,0,Accounting & Finance Jobs,"Who we are American International Group, Inc. (AIG) is a leading global insurance organization. Building on 100 years of experience, today AIG member companies provide a wide range of property casualty insurance, retirement solutions, and other financial services to customers in more than 80 countries and jurisdictions. These diverse offerings include products and services that help businesses and individuals protect their assets, manage risks and provide for retirement security. Get to know th…",2025-05-24T05:16:22Z,Onsite,https://www.adzuna.com/details/5214053164?utm_medium=api&utm_source=25f3af84
US,Generative AI Engineer,Equifax,"Alpharetta, Fulton County",120710.56,120710.56,,120710.56,1,IT Jobs,"Equifax is where you can power your possible. If you want to achieve your true potential, chart new paths, develop new skills, collaborate with bright minds, and make a meaningful impact, we want to hear from you. We seek a dynamic and driven individual with a strong technical foundation to serve as a Generative AI Engineer. You will leverage our data, technology, and analytics to build LLM pipelines that generate actionable insights for our business and customers. This key position involves wo…",2025-05-24T05:16:20Z,Onsite,https://www.adzuna.com/details/5214053159?utm_medium=api&utm_source=25f3af84
US,Quality Inspector,Marmon Holdings,"Bellows Falls, Windham County",65218.4,65218.4,,65218.4,1,Scientific & QA Jobs,"Sonnax Transmission Company As a part of the global industrial organization Marmon Holdings—which is backed by Berkshire Hathaway— you’ll be doing things that matter, leading at every level, and winning a better way. We’re committed to making a positive impact on the world, providing you with diverse learning and working opportunities, and fostering a culture where everyone’s empowered to be their best. The Quality Inspector performs accurate, repeatable inspection of Sonnax products to Sonnax …",2025-05-24T05:16:19Z,Onsite,https://www.adzuna.com/details/5214053149?utm_medium=api&utm_source=25f3af84
US,Student Nurse - PRN Nights - Site Float Pool - Fairfield Hospital,Bon Secours Mercy Health,"Fairfield, Butler County",43562.4,43562.4,,43562.4,1,Healthcare & Nursing Jobs,"Thank you for considering a career at Mercy Health! S cheduled Weekly Hours: 0.01 Work Shift: Evenings/Nights (United States of America) Summary of Primary Function/General Purpose of Position The Student Nurse provides direct patient care under the guidance of the Registered Nurse or designated healthcare professional in accordance with federal, state, and local regulations and within the policies, procedures, and guidelines of Bon Secours Mercy Health. Essential Job Functions Under direction …",2025-05-24T05:16:19Z,Onsite,https://www.adzuna.com/details/5214053152?utm_medium=api&utm_source=25f3af84
US,Ivanti Service Management (ISM) Administrator,Greenberg Traurig,"Phoenix, Maricopa County",95026.78,95026.78,,95026.78,1,IT Jobs,"Greenberg Traurig (GT), a global law firm with locations across the world in 15 countries, has an exciting employment opportunity for you. We offer competitive compensation and an excellent benefits package, along with the opportunity to work within an innovative and collaborative environment. Join our Technology Team as an Ivanti Service Management (ISM) Administrator located in various offices. We are seeking a professional who thrives in a fast-paced, deadline-driven environment. The ideal c…",2025-05-24T05:16:16Z,Onsite,https://www.adzuna.com/details/5214053139?utm_medium=api&utm_source=25f3af84
US,Care Coordinator,Strive Health,"Cleveland, Cuyahoga County",46280.0,52000.0,,52000.0,0,Healthcare & Nursing Jobs,"What We Strive For At Strive Health, we’re driven by a purpose: transforming the broken kidney care system. Through early identification, engagement, and comprehensive coordinated care, we significantly improve outcomes for people with kidney disease, reducing emergency dialysis and inpatient utilization . Our high-touch care model integrates with local providers and uses predictive data to identify and support at-risk patients along their entire care journey. We embrace diversity, celebrate su…",2025-05-24T05:16:06Z,Onsite,https://www.adzuna.com/details/5214053098?utm_medium=api&utm_source=25f3af84
US,"Customer Engineer II, Platform, Google Cloud",Google,"Cambridge, Middlesex County",125000.0,183000.0,,183000.0,0,Sales Jobs,"Minimum qualifications: Bachelor's degree or equivalent practical experience. 6 years of experience with cloud native architecture in a customer-facing or support role. Experience with cloud engineering, on-premise engineering, virtualization, or containerization platforms. Experience engaging with, and presenting to, technical stakeholders and executive leaders. Preferred qualifications: Experience in migrating applications and services to cloud platforms. Experience with security concepts suc…",2025-05-24T05:16:04Z,Onsite,https://www.adzuna.com/details/5214053083?utm_medium=api&utm_source=25f3af84
US,Calibration Technician - Level 1,Trescal,"Garfield, Cuyahoga County",81052.91,81052.91,,81052.91,1,Engineering Jobs,"Trescal is a growing company, looking for new talent to join our organization! We are the premier independent calibration, repair, and asset services provider in the U.S. We provide our customers single-source, cost-effective, best-in-class solutions. Our team is comprised of talented professionals who excel at providing industry leading calibration, repair and asset management services to our customers. As an employee at Trescal, you will join a people-centric company with an incredible cultur…",2025-05-24T05:16:04Z,Onsite,https://www.adzuna.com/details/5214053082?utm_medium=api&utm_source=25f3af84
US,Warehouse Receiver,Performance Food Group,"Johnson City, Washington County",37993.34,37993.34,,37993.34,1,Logistics & Warehouse Jobs,"Schedule: Monday-Friday, Start at 7am We Deliver the Goods: Competitive pay and benefits, including Day 1 Health & Wellness Benefits, Employee Stock Purchase Plan, 401K Employer Matching, Education Assistance, Paid Time Off, and much more Growth opportunities performing essential work to support America’s food distribution system Safe and inclusive working environment, including culture of rewards, recognition, and respect Position Summary: Oversee the receiving dock area to receive, inspect, i…",2025-05-24T05:15:56Z,Onsite,https://www.adzuna.com/details/5214053045?utm_medium=api&utm_source=25f3af84
US,"Sr. Business Analyst, Sales Analytics",Lucid Motors,"Phoenix, Maricopa County",168040.2,168040.2,,168040.2,1,Sales Jobs,"Leading the future in luxury electric and mobility At Lucid, we set out to introduce the most captivating, luxury electric vehicles that elevate the human experience and transcend the perceived limitations of space, performance, and intelligence. Vehicles that are intuitive, liberating, and designed for the future of mobility. We plan to lead in this new era of luxury electric by returning to the fundamentals of great design – where every decision we make is in service of the individual and env…",2025-05-24T05:15:56Z,Onsite,https://www.adzuna.com/details/5214053048?utm_medium=api&utm_source=25f3af84
US,"Territory Account Manager – Milwaukee, WI",Telix Pharmaceuticals,"Milwaukee, Milwaukee County",81385.2,81385.2,,81385.2,1,Sales Jobs,"See Yourself at Telix As a Territory Account Manager, you will play a pivotal role in driving sales and maintaining strong relationships with clients within your assigned territory. Your primary responsibilities will include prospecting new business opportunities, managing existing accounts, and ensuring the successful promotion and sales of our radiopharmaceutical products. This role requires a combination of strategic thinking, relationship-building skills, and a deep understanding of the rad…",2025-05-24T05:15:53Z,Onsite,https://www.adzuna.com/details/5214053040?utm_medium=api&utm_source=25f3af84
US,Child Welfare Assistant,Oklahoma Human Services,"Summitt, Muskogee County",29600.0,34999.0,,34999.0,0,Healthcare & Nursing Jobs,"Child Welfare Assistant This position is located in Muskogee, Oklahoma. Annual Salary: Level I H16A - $29,600.55  Full State Employee Benefits Level II H16B - $31,819.20  Full State Employee Benefits Level III H16C - $34,999.65  Full State Employee Benefits Travel is extensive. Must possess a valid driver's license and must maintain required car insurance. Minimum Qualifications Child Welfare Assistant I Education and Experience requirements at this level consist of six months of experience in …",2025-05-24T05:15:47Z,Onsite,https://www.adzuna.com/details/5214053009?utm_medium=api&utm_source=25f3af84
US,"Senior Manager, Program Strategy",Alliance for Young Artists & Writers,"Prince, Manhattan",77500.0,82500.0,,82500.0,0,IT Jobs,"PLEASE NOTE: candidates must apply directly via the Scholastic Inc. site ; applications submitted via Bamboo HR will not be reviewed. About the Alliance for Young Artists & Writers The Alliance for Young Artists & Writers is a 501(c)(3) nonprofit organization whose mission is to identify teens with exceptional artistic and literary talent and present their remarkable work to the world through the Scholastic Art & Writing Awards. The Awards give students opportunities for recognition, exhibition…",2025-05-24T05:15:45Z,Onsite,https://www.adzuna.com/details/5214053006?utm_medium=api&utm_source=25f3af84
US,Senior Technical Supervisor,Fuyao Glass America Inc,"West Carrollton, Montgomery County",72166.37,72166.37,,72166.37,1,Manufacturing Jobs,"POSITION DUTIES SUMMARY: Improve product quality, enhance effectiveness, efficiency and overall performance of the process and system. Train employees in knowledge and skills for manufacturing positions. Organize technological personnel to maintain and improve equipment in the working area. Monitor the operational conditions to ensure the people, equipment and resources are ready to produce. Supervise the team to ensure it is operating according to quality requirements and improve product quali…",2025-05-24T05:15:40Z,Onsite,https://www.adzuna.com/details/5214052973?utm_medium=api&utm_source=25f3af84
US,Director of Release Engineering,Arine,"San Francisco, California",210000.0,240000.0,,240000.0,0,IT Jobs,"Based in San Francisco, Arine is a rapidly growing healthcare technology and clinical services company with a mission to ensure individuals receive the safest and most effective treatments for their unique and evolving healthcare needs. Frequently, medications cause more harm than good. Incorrect drugs and doses costs the US healthcare system over $528 billion in waste, avoidable harm, and hospitalizations each year. Arine is redefining what excellent healthcare looks like by solving these issu…",2025-05-24T05:15:39Z,Onsite,https://www.adzuna.com/details/5214052968?utm_medium=api&utm_source=25f3af84
US,Technical Recruiter,MORSE Corp,"Cambridge, Middlesex County",61572.66,61572.66,,61572.66,1,HR & Recruitment Jobs,"MORSE Corp is an employee owned, small business based in Cambridge, MA, Arlington, VA, and Seattle, WA with a history of fielding cutting-edge technology. MORSE boasts a specially selected team of scientists, engineers, and software developers to deliver best-in-class technical solutions that solve difficult multidisciplinary problems faced by the US National Security Ecosystem. JOB SUMMARY MORSE Corp is seeking a Technical Recruiter to join our Talent Acquisition team in all aspects of recruit…",2025-05-24T05:15:35Z,Onsite,https://www.adzuna.com/details/5214052952?utm_medium=api&utm_source=25f3af84
US,Specialty Area Schools_ Lead Teacher Special Education- Pre-K (Early Learning Academy) 2025-2026,DeKalb County School District,US,59149.28,59149.28,,59149.28,1,Teaching Jobs,Position Type: Teachers/ Lead Teacher Special Education (LTSE) Date Posted: 5/15/2025 Location: Early Learning Center Early Learning Academy School is seeking a Lead Teacher Special Education. The ideal candidate should be able to work in both a collaborative and resource/pullout position. The candidate should be highly qualified in all content areas and be familiar with preparing Individualized Education Plans (IEP) for students. They must work cooperatively with general education teachers and…,2025-05-24T05:15:20Z,Onsite,https://www.adzuna.com/details/5214052899?utm_medium=api&utm_source=25f3af84
US,Special Education Teacher - SET ( Social Emotional Therapeutic Classroom),Pekin Public Schools District 108,"Pekin, Tazewell County",70286.88,70286.88,,70286.88,1,Teaching Jobs,Position Type: Special Services/ Special Education Teacher SET (Social Emotional Therapeutic) Date Posted: 5/20/2025 Location: Washington Intermediate School Date Available: 08/13/2025 PEKIN PUBLIC SCHOOLS DISTRICT 108 ANNOUNCES THE FOLLOWING VACANCIES FOR THE 2025-2026 SCHOOL YEAR: SPECIAL EDUCATION TEACHER -SET (Social Emotional Therapeutic) Classroom WASHINGTON INTERMEDIATE SCHOOL Grades 4-6 QUALIFICATIONS: Certification: *State of Illinois Professional Educator License - endorsed in Learnin…,2025-05-24T05:15:17Z,Onsite,https://www.adzuna.com/details/5214052883?utm_medium=api&utm_source=25f3af84
US,Outside Sales Professional,RNA Rentokil North America,"Durant, Bryan County",55145.71,55145.71,,55145.71,1,Sales Jobs,"Benefits Start Day 1 for Full-Time Colleagues - No Waiting Period! For more information about our benefits, see below! We are proud to be a member of the Rentokil family of companies, the global leader in Pest Control and other services across more than 90 countries. We pride ourselves on being a trusted partner to many of the world's leading brands and serve consumer and business customers across multiple industries. We are extremely proud of our legacy of excellence and constantly work to ful…",2025-05-24T05:15:07Z,Onsite,https://www.adzuna.com/details/5214052856?utm_medium=api&utm_source=25f3af84
US,Employee Benefits Account Manager,LEI Cross Financial Corp,"Portland, Multnomah County",64735.31,64735.31,,64735.31,1,Accounting & Finance Jobs,"The Cross Family of Agencies welcomes you. We need your talent and expertise. TITLE: ACCOUNT MANAGER DIVISION: EMPLOYEE BENEFITS REPORTS TO: STATUS: FULL-TIME; EXEMPT POSITION PURPOSE Initial point of contact for employer groups/employees on escalated service related issues. Foster long term relationships between Cross Insurance, our clients and their employees. Develop and maintain a positive relationship and rapport with each insurance carrier to satisfy our clients’ needs and facilitate the …",2025-05-24T05:15:03Z,Onsite,https://www.adzuna.com/details/5214052847?utm_medium=api&utm_source=25f3af84
US,Entry Level Field Testing Technician,Intertek,"Two Story, Apache County",59990.62,59990.62,,59990.62,1,Scientific & QA Jobs,"Description Entry Level Testing Technician – Phoenix, Arizona Intertek, a leading provider of quality and safety solutions to many of the world’s top-recognized brands and companies, is actively seeking a Testing Technician to join our Building Science Solutions team in Phoenix, Arizona . This is a fantastic opportunity to grow a versatile career in the building enclosure testing industry! Intertek's Building and Construction division is a suite of Intertek brands that are industry leaders acro…",2025-05-24T05:14:56Z,Onsite,https://www.adzuna.com/details/5214052833?utm_medium=api&utm_source=25f3af84
US,Registered Nurse - RN - Home Health,Act for Health,US,74880.0,80080.0,,80080.0,0,Healthcare & Nursing Jobs,"Make a Difference on Your Own Schedule and Terms! Hiring Registered Nurses in Tennessee Professional Case Management, the leader in home healthcare, is now hiring RN’s to provide in-home healthcare services to help those who have served our country! Benefit from one-on-one patient relationships and from the satisfaction of enhancing clients’ health, quality of life and peace of mind. You make your own schedule - that leaves you with time to attend school, travel, volunteer or to enjoy activitie…",2025-05-24T05:14:50Z,Onsite,https://www.adzuna.com/details/5214052818?utm_medium=api&utm_source=25f3af84
US,"Associate Director, Space",Anduril Industries,"Costa Mesa, Orange County",168000.0,252000.0,,252000.0,0,IT Jobs,"ABOUT THE TEAM Anduril's Space team is dedicated to expanding our AI-powered capabilities into the final frontier, enhancing Space Domain Awareness, Space Control, and Command and Control for U.S. military and allied partners. We're developing fully integrated hardware and software systems, including Lattice for Space Missions and modular payloads, to address growing threats in space and ensure our Guardians maintain a decisive advantage in this contested warfighting domain. ABOUT THE ROLE We a…",2025-05-24T05:14:38Z,Onsite,https://www.adzuna.com/details/5214052776?utm_medium=api&utm_source=25f3af84
US,Reports Engineer/Fledgling Data Scientist – Poly Clearance Required!,Praxis Engineering,"Mc Lean, Fairfax County",79560.0,175074.0,,175074.0,0,IT Jobs,"Reports Engineer/Fledgling Data Scientist – Poly Clearance Required! Praxis is a prime contractor performing on a High Performance Computing (HPC) contract in support of a restricted customer and a select mission partners. This contract provides advanced computing capabilities for executing scientific, data science and AI/ML workloads. The team provides infrastructures to enables innovation in support of high fidelity, advanced analytics and model development by delivering the highest quality t…",2025-05-24T05:14:37Z,Onsite,https://www.adzuna.com/details/5214052775?utm_medium=api&utm_source=25f3af84
US,Head of Consumer Lending Compliance,City National Bank,"New York City, New York",111750.44,111750.44,,111750.44,1,Accounting & Finance Jobs,"*HEAD OF CONSUMER LENDING COMPLIANCE* WHAT IS THE OPPORTUNITY? The Head of Consumer Lending Compliance will act in a compliance advisory role supporting consumer banking on matters of regulatory compliance. The role will be responsible for managing and maintaining assigned areas of the compliance program including monitoring business area compliance with applicable laws, rules, and regulations, and ensuring effective controls are in place to mitigate compliance risk. Additionally, the role will…",2025-05-24T05:14:35Z,Onsite,https://www.adzuna.com/land/ad/5214052762?se=0tzoJYE48BGok_8BQXcHCQ&utm_medium=api&utm_source=25f3af84&v=C9AB00B49977FED7D688C870FF17532E42E94708
US,"Manager, IS III - Commercial Lending Technology",City National Bank,"Los Angeles, Los Angeles County",121150.66,121150.66,,121150.66,1,IT Jobs,"*Manager, Information Systems (IS) III - Commercial Lending Technology* *WHAT IS THE OPPORTUNITY?* The Senior Vice President, Commercial Lending Technology directs, manages and coordinates resources to meet Commercial loan data processing and/or systems objectives, including design, implementation, on-going maintenance, enhancements and account management activities for Commercial Lending Technology and across partner groups. Directly and through subordinates, manages projects and directs staff…",2025-05-24T05:14:35Z,Onsite,https://www.adzuna.com/land/ad/5214052754?se=0tzoJYE48BGok_8BQXcHCQ&utm_medium=api&utm_source=25f3af84&v=C92DAD7A31520712193EDDCDCAB2476C4176CBF9
US,Sewing Supervisor,Williams-Sonoma,"Booneville, Prentiss County",37917.9,37917.9,,37917.9,1,Logistics & Warehouse Jobs,"About Williams-Sonoma DC - Booneville, MS Since it was founded in 1956, Williams - Sonoma has grown from Chuck Williams’ single store in Sonoma, CA into one of the largest retailers in the country, with some best known and most beloved brands in home furnishings, including Williams – Sonoma, Pottery Barn and West Elm. Our Distribution Centers serve as vital connections between factories and our retail, online and mail-order customers around the world. The Supply Chain environment is dynamic and…",2025-05-24T05:14:34Z,Onsite,https://www.adzuna.com/details/5214052743?utm_medium=api&utm_source=25f3af84
US,Sr. Systems Administrator,RTX,"Tucson, Pima County",0.0,130000.0,,130000.0,0,IT Jobs,"Date Posted: 2025-04-11 Country: United States of America Location: AZ848: RMS AP Bldg 848 1151 East Hermans Road Building 848, Tucson, AZ, 85756 USA Position Role Type: Onsite U.S. Citizen, U.S. Person, or Immigration Status Requirements: Security Clearance: Secret - Current Sr. Systems Administrator - Tucson, AZ, must have active secret clearance, we offer relocation. At Raytheon, the foundation of everything we do is rooted in our values and a higher calling – to help our nation and allies d…",2025-05-24T05:14:34Z,Onsite,https://www.adzuna.com/details/5214052744?utm_medium=api&utm_source=25f3af84
US,Sr. Principal Microelectronics Product Engineer,RTX,"Andover, Essex County",0.0,250000.0,,250000.0,0,Engineering Jobs,"Date Posted: 2025-05-20 Country: United States of America Location: MA102: Andover MA 362 Lowell Plymouth 362 Lowell Street Plymouth, Andover, MA, 01810 USA Position Role Type: Onsite U.S. Citizen, U.S. Person, or Immigration Status Requirements: U.S. citizenship is required, as only U.S. citizens are authorized to access information under this program/contract. Security Clearance: DoD Clearance: Secret At Raytheon, the foundation of everything we do is rooted in our values and a higher calling…",2025-05-24T05:14:33Z,Onsite,https://www.adzuna.com/details/5214052740?utm_medium=api&utm_source=25f3af84
US,IT Support Specialist - Intermediate,AdventHealth Information Technology,"Orlando, Orange County",41409.78,41409.78,,41409.78,1,IT Jobs,The expertise and experience you’ll need to succeed\: KNOWLEDGE AND SKILLS REQUIRED: • Knowledge and experience with various Internet Browsers. • Proficient with Microsoft Office suite. • Proficient with current Microsoft and Mac operating systems. • Proficient at device imaging process. • Advanced knowledge of mobile devices hardware. • Skilled with projects and time tracking processes. • Demonstrates advanced technical troubleshooting and problem-solving skills. • Knowledgeable of workstation…,2025-05-24T05:14:05Z,Onsite,https://www.adzuna.com/details/5214052688?utm_medium=api&utm_source=25f3af84
US,"VP, Platform Reliability Engineer",Jefferies Financial Group,"Jersey City, Hudson County",150000.0,200000.0,,200000.0,0,IT Jobs,"Description We are seeking a Vice President, technologist within Platform Reliability Engineering and Management team to leverage SRE principles and practices. This role requires a multi-skilled professional with strong technical leadership, people management skills to deliver critical services ensuring Jefferies operates a highly stable, reliable, and resilient front-to-back plant. Key Responsibilities: Provide technical leadership to high performing global team and provide oversight in plant …",2025-05-24T05:13:54Z,Onsite,https://www.adzuna.com/details/5214052671?utm_medium=api&utm_source=25f3af84
US,Master Planner,Godiva Chocolatier,US,76120.09,76120.09,,76120.09,1,Manufacturing Jobs,"Want to help us bring happiness to the world? Want to join an ambitious and fast growing global biscuits and confectionery business investing heavily in iconic global brands, infrastructure and people? Then this is the place for you. As proud bakers and chocolatiers and custodians of iconic global brands, we don’t compromise on the quality of ingredients in our products or on the people we hire. We are looking for entrepreneurial spirits who share our passion for bringing happiness to our consu…",2025-05-24T05:13:49Z,Onsite,https://www.adzuna.com/details/5214052657?utm_medium=api&utm_source=25f3af84
US,Pharmacist - 2nd Shift,Polaris Pharmacy Services,"Houston Lake, Platte County",94930.41,94930.41,,94930.41,1,Healthcare & Nursing Jobs,"Job Details Polaris Pharmacy Services of Missouri LLC - Riverside, MO Full Time Night Shift Pharmaceutical Description PHARMACIST WHO WE ARE Polaris Pharmacy Services is an industry leader in both Long-Term Care and Post-Acute Care settings. Founded in 2015, we are locally and independently owned with pharmacies across the country. We are proud to offer competitive benefits and industry pay as well as the opportunity for career advancement to all our team members. OVERVIEW The Pharmacist is res…",2025-05-24T05:13:49Z,Onsite,https://www.adzuna.com/details/5214052656?utm_medium=api&utm_source=25f3af84
US,Major Gifts Director,Midwest Food Bank,"Ossami Lake, Tazewell County",90000.0,120000.0,,120000.0,0,Charity & Voluntary Jobs,Are you passionate about building meaningful relationships to fuel a mission that makes a real impact? Be the Bridge Between Donors and Impact Make a lasting impact through the power of generosity. Midwest Food Bank is seeking a dedicated Major Gifts Director to build transformational donor relationships and expand support for our mission to fight hunger and share Christ’s love across Illinois. Primary Location Flexibility & Regional Collaboration The Major Gifts Director role may be based prim…,2025-05-24T05:13:44Z,Onsite,https://www.adzuna.com/details/5214052643?utm_medium=api&utm_source=25f3af84
US,Medical Assistant II - Family Medicine Clinic (Chicago-Ravenswood),Advocate Health and Hospitals Corporation,"Chicago, Cook County",46800.0,70200.0,,70200.0,0,Healthcare & Nursing Jobs,"Department: 01120 AMG Chicago Ravenswood Ave - Family Medicine Status: Full time Benefits Eligible: Yes Hou rs Per Week: 40 Schedule Details/Additional Information: Clinic Hours Monday & Friday - 8:00a-5:00p Tuesday, Wednesday, Thursday - 8:00a-7:00p Saturday - 8:00a-noon The Medical Assistants are typically scheduled 15-30 minutes before opening and after closing. They usually work one late evening per week and 1-2 Saturday per month depending on the needs of the clinic, though usually only on…",2025-05-24T05:13:41Z,Onsite,https://www.adzuna.com/details/5214052634?utm_medium=api&utm_source=25f3af84
US,Product Marketing Manager (Code Security),Sonar,"Geneva, Kane County",124112.16,124112.16,,124112.16,1,IT Jobs,"Why should I Apply: At Sonar, we’re a group of brilliant, motivated, and driven professionals working hard to help organizations build responsible, secure, high-quality code quickly and systematically. We build solutions that don’t just solve symptoms of problems – we fix problems at the source – source code, to be specific. We have a dynamic culture with employees worldwide and hub offices in the USA, Switzerland, the UK, Singapore, and Germany. We believe team members should have the opportun…",2025-05-24T05:13:29Z,Onsite,https://www.adzuna.com/details/5214052604?utm_medium=api&utm_source=25f3af84
US,Special Education Inclusion Teacher (SY25-26),UP Education Network,"Dorchester Center, Suffolk County",83488.02,83488.02,,83488.02,1,Teaching Jobs,"Special Education Inclusion Teacher (SY25-26) G rade Level: K1-8 Start Date: August 2025 Locations: Dorchester About UP Education Network UP Education Network is a non-profit school success organization that addresses inequities in public school systems. UP provides differentiated support to historically under resourced schools through a partnership with districts and the state. Since opening its doors in 2010, UP Education Network has focused on taking the lowest-performing schools in Massachu…",2025-05-24T05:13:27Z,Onsite,https://www.adzuna.com/details/5214052599?utm_medium=api&utm_source=25f3af84
US,Payer Manager,AdventHealth Corporate,"Forest, Seminole County",102688.11,102688.11,,102688.11,1,IT Jobs,"The expertise and experiences you’ll need to succeed: High School Grad or Equiv Required 4 of experience in managed care, hospital revenue cycle/patient financial services or healthcare insurance /provider relations related background Required Certification in PB Resolute Epic Contract Management Required Preferred Qualifications: Bachelor's in business or healthcare administration or related field Preferred 5 in healthcare, hospital revenue cycle or payer/provider relations Preferred Microsoft…",2025-05-24T05:13:27Z,Onsite,https://www.adzuna.com/details/5214052600?utm_medium=api&utm_source=25f3af84
US,Cyber Incident Responder,Paysafe Group,US,143756.4,143756.4,,143756.4,1,IT Jobs,"Paysafe is a leading payments platform with an extensive track record of serving merchants and consumers in the global entertainment sectors. Its core purpose is to enable businesses and consumers to connect and transact seamlessly through industry-leading capabilities in payment processing, digital wallet, and online cash solutions. With 29 years of online payment experience, an annualized transactional volume of $152 billion in 2024, and approximately 3,000 employees located in 12 countries, …",2025-05-24T05:13:26Z,Onsite,https://www.adzuna.com/details/5214052539?utm_medium=api&utm_source=25f3af84
US,Sales Enablement Specialist,Paysafe Group,US,90724.93,90724.93,,90724.93,1,IT Jobs,"About Paysafe Paysafe is a leading payments platform with an extensive track record of serving merchants and consumers in the global entertainment sectors. Its core purpose is to enable businesses and consumers to connect and transact seamlessly through industry-leading capabilities in payment processing, digital wallet, and online cash solutions. With 29 years of online payment experience, an annualized transactional volume of $152 billion in 2024, and approximately 3,300 employees located in …",2025-05-24T05:13:26Z,Onsite,https://www.adzuna.com/details/5214052592?utm_medium=api&utm_source=25f3af84
US,Data Architect (Sr. Specialist/Specialist),Inter-American Development Bank,"Washington, Washington, D.C.",119231.67,119231.67,,119231.67,1,IT Jobs,"Inter-American Development Bank We improve lives The IDB Group is a community of diverse, versatile, and passionate people who come together on a journey to improve lives in Latin America and the Caribbean. Our people find purpose and do what they love in an inclusive, collaborative, agile, and rewarding environment. About this position We are looking for an analytical, technically proficient and communicative data architect to join the Regional and Sectoral Data Group within our Research Depar…",2025-05-24T05:13:23Z,Onsite,https://www.adzuna.com/details/5214052468?utm_medium=api&utm_source=25f3af84
US,Associate Director of Institutional Research,Shenandoah University,"Winchester City, Virginia",80098.45,80098.45,,80098.45,1,Admin Jobs,"The Department of Institutional Research and Assessment is seeking applicants for an Associate Director of Institutional Research. This is a fulltime, benefitted position located in the Feltner Building in downtown Winchester, VA. The overall responsibility of the Associate Director, reporting to the Director, Institutional Research and Assessment, is to provide dynamic and effective leadership to manage university-wide institutional research efforts, evaluation, and program review functions to…",2025-05-24T05:13:08Z,Onsite,https://www.adzuna.com/details/5214052381?utm_medium=api&utm_source=25f3af84
US,Design Engineer II (Hybrid-Puerto Rico),RTX,"San Antonio, Aguadilla",67235.54,67235.54,,67235.54,1,Engineering Jobs,"Date Posted: 2025-05-08 Country: United States of America Location: HPR01: Collins Puerto Rico- Aguadilla Road 110 North Km 28.8 San Antonio Industrial Park, Aguadilla, PR, 00603 USA Position Role Type: Hybrid U.S. Citizen, U.S. Person, or Immigration Status Requirements: U.S. citizenship is required, as only U.S. citizens are authorized to access information under this program/contract. Security Clearance: None/Not Required Join Collins Aerospace as a Design Engineer. In this role, you will su…",2025-05-24T05:12:56Z,Hybrid,https://www.adzuna.com/details/5214052358?utm_medium=api&utm_source=25f3af84
US,Director of Operations,Tandem Foods,"Fox Chapel, Allegheny County",149237.72,149237.72,,149237.72,1,Manufacturing Jobs,"Job Details Pittsburgh, PA - Pittsburgh, PA Description The Director of Operations oversees all aspects of operations and provides leadership to the plant managers across multiple sites in a campus environment. Overall responsibility for Production, Maintenance, Personnel Scheduling, and Safety, as well as associated responsibilities in Warehouse Operations, Quality Assurance, Human Resources, Commercialization and other related areas. The Director of Operations is also responsible for establis…",2025-05-24T05:12:48Z,Onsite,https://www.adzuna.com/details/5214052342?utm_medium=api&utm_source=25f3af84
US,Civil Engineer I,Michael Baker International,"Mercerville, Mercer County",99112.0,136047.0,,136047.0,0,Engineering Jobs,"Description Company Name : Michael Baker International, Inc. Job Location : 300 American Metro Blvd., Suite 154, Hamilton, NJ 08619 Job title : Civil Engineer I Minimum Salary : $99,112 – $136,047 Education: Bachelor’s degree in Civil Engineering or a related field. Requires a Professional Engineer (PE) license. SOC Code: 17-2051.01 SOC Occupation Title: Transportation Engineers Duration : Regular Hire Work week : Full-time Supervision Experience Required : No Travel Required: No Experience: 4 …",2025-05-24T05:12:27Z,Onsite,https://www.adzuna.com/details/5214052291?utm_medium=api&utm_source=25f3af84
US,Senior Maintenance Technician (Nights),Nature's Bakery,"Salt Lake County, Utah",53666.74,53666.74,,53666.74,1,Engineering Jobs,"As a shift Senior Mechanical Technician, you will apply knowledge of electrical and mechanical principles in determining equipment malfunctions and apply skills in restoring equipment to support all areas of manufacturing plant in a safe manner . The Sr MT will be responsible for maintaining meet industry standards while ensuring compliance with all regulatory agencies, including but not limited to OSHA, FDA, EPA and Local Government. The Sr MT primary role will be responsible to maintain, inst…",2025-05-24T05:12:00Z,Onsite,https://www.adzuna.com/details/5214052250?utm_medium=api&utm_source=25f3af84
US,Service Desk Analyst II,Concentric,"Toledo, Lucas County",40751.22,40751.22,,40751.22,1,IT Jobs,"Full-time Description Concentric is the first national industrial power services organization delivering forklift and critical power as well as maintenance solutions that ensure uninterrupted, sustainable facility power. The company’s signature solutions, Guaranteed POWER® and Perpetual POWER® are industry firsts, improving reliability, sustainability, and safety to solve the power problem for facility leaders. Concentric helps data centers, distributors, manufacturers, utilities, communication…",2025-05-24T05:11:59Z,Onsite,https://www.adzuna.com/details/5214052249?utm_medium=api&utm_source=25f3af84
US,Patient Services Representative,Clemson Eye,"Simpsonville, Greenville County",47343.43,47343.43,,47343.43,1,Admin Jobs,"Full-time Description Clemson Eye, an affiliate of Eye Health America, is a growing, multi-specialty ophthalmology practice. Our focus is on excellence in patient care and creating an exceptional customer/patient experience. We are always seeking great people who aren't just searching for a job but looking to make a difference. Hours vary depending on doctors’ schedules; Must be available Monday through Friday. Opening and closing shifts rotate. *Overtime may be required. Must be willing to tra…",2025-05-24T05:11:37Z,Onsite,https://www.adzuna.com/details/5214052195?utm_medium=api&utm_source=25f3af84
US,School Psychologist (Grades PK-12),Bartholomew Consolidated School Corporation,US,75816.45,75816.45,,75816.45,1,Teaching Jobs,"Position Type: Certified Special Education/ Special Education Date Posted: 5/22/2025 Location: Administration Building Date Available: 08/04/2025 Closing Date: TBA School Psychologist (Grades PK -12) Position Purpose Under the general supervision of the Director of Special Education/Designee, to assist students, teachers and parents in enabling students to derive the fullest potential educational experience from school by promoting positive self esteem and resilience, and providing suggested me…",2025-05-24T05:11:36Z,Onsite,https://www.adzuna.com/details/5214052190?utm_medium=api&utm_source=25f3af84
US,Clinical Psychologist,LifeStance Health,"Portland, Cumberland County",145000.0,155000.0,,155000.0,0,Healthcare & Nursing Jobs,"At LifeStance Health, we believe in a truly healthy society where mental and physical healthcare are unified to make lives better. Our mission is to help people lead healthier, more fulfilling lives by improving access to trusted, affordable, and personalized mental healthcare. Everywhere. Every day. It’s a lofty goal; we know. But we make it happen with the best team in behavioral health. Thank you for taking the time to explore a career with us. As the fastest growing behavioral health practi…",2025-05-24T05:11:35Z,Onsite,https://www.adzuna.com/details/5214052188?utm_medium=api&utm_source=25f3af84
US,Sheriff Sergeant I,Henry County Government,"Mcdonough, Henry County",68941.0,106858.0,,106858.0,0,Admin Jobs,"Description The purpose of this position is to assist in supervising daily operations and staff on an assigned shift of an assigned unit within a division of the Sheriff's Office. Incumbents are assigned to one of the following units: Jail, Support Services, Field Operations, or Special Investigations. Duties will vary according to area assignment. This is the first of the three level Sheriff Sergeant series. Examples of Duties Supervises, directs, and evaluates assigned staff; develops and ove…",2025-05-24T05:11:31Z,Onsite,https://www.adzuna.com/details/5214052175?utm_medium=api&utm_source=25f3af84
US,Compliance Analyst Pharmacy and 340B Program,Lee Health,"Fort Myers, Lee County",60031.38,60031.38,,60031.38,1,Accounting & Finance Jobs,"Department: Pharmacy - Corp Work Type: Full Time Shift: Shift 1 Minimum to Midpoint Pay Rate: $23.26 - $30.24 / hour Summary The 340b Compliance Data Analyst is responsible for the day to day operational oversight of the 340b discount drug program at Lee Health. Primary responsibilities of this role include 1) maintain accurate drug data base to assure proper 340b drug dispensation accumulations; 2) Implement processes to prevent duplicate discounts for 340b drug purchases, and 3) maintain a st…",2025-05-24T05:11:18Z,Onsite,https://www.adzuna.com/details/5214052037?utm_medium=api&utm_source=25f3af84
US,Sales Representative II (Bronx),MetroPlusHealth,"Prince, Manhattan",63265.88,63265.88,,63265.88,1,Sales Jobs,"Empower. Unite. Care. MetroPlusHealth is committed to empowering New Yorkers by uniting communities through care. We believe that Health care is a right, not a privilege. If you have compassion and a collaborative spirit, work with us. You can come to work being proud of what you do every day. About NYC Health  Hospitals MetroPlus Health provides the highest quality healthcare services to residents of Bronx, Brooklyn, Manhattan, Queens and Staten Island through a comprehensive list of products,…",2025-05-24T05:11:15Z,Onsite,https://www.adzuna.com/details/5214052025?utm_medium=api&utm_source=25f3af84
US,Fulfillment Center Associate -Pleasant Prairie,Kroger,"Pleasant Prairie, Kenosha County",43911.39,43911.39,,43911.39,1,Logistics & Warehouse Jobs,"Description Seamlessly fill customer orders throughout the Fulfillment Center in a fast-paced environment. Responsible for the quality of the customer orders within the inbound, outbound, and dispatch operational work areas. Demonstrate the company's core values of respect, honesty, integrity, diversity, inclusion and safety. Responsibilities INBOUND- Receive and transfer goods from suppliers into totes OUTBOUND- Pick and pack customer orders in an ambient, chill, or freezer environment DISPATC…",2025-05-24T05:11:04Z,Onsite,https://www.adzuna.com/details/5214051996?utm_medium=api&utm_source=25f3af84
US,Senior Social Services Coordinator,KIND,"San Francisco, California",78483.31,78483.31,,78483.31,1,Healthcare & Nursing Jobs,"About KIND Kids in Need of Defense (KIND) is a global leader in the protection of unaccompanied and separated children who are forcibly displaced from their countries of origin. Launched in 2008, KIND champions a world in which every child’s rights and well-being are protected throughout their journey to safety. Building on its extensive programming and successful model in the United States, KIND is expanding in the Americas and Europe to bring its experience to bear in working with unaccompani…",2025-05-24T05:11:01Z,Onsite,https://www.adzuna.com/details/5214051986?utm_medium=api&utm_source=25f3af84
US,Janitor Lead Hebbronville,PCSI Careers,"Laredo, Webb County",30957.9,30957.9,,30957.9,1,Domestic help & Cleaning Jobs,"PCSI is looking for a Janitor Lead at the Hebbronville Border Patrol Station! The janitor lead performs a variety of janitorial functions in a variety of skilled and semi-skilled craft trades to support assigned contract. This position will report to the project manager and is based in Hebbronville, Texas. Typical work hours will be Monday to Friday 4:30pm-1:30am PCSI is an AbilityOne employer—as such, individuals and veterans with disabilities may be prioritized based on role. Documentation ma…",2025-05-24T05:10:51Z,Onsite,https://www.adzuna.com/details/5214051971?utm_medium=api&utm_source=25f3af84
US,Thermal Hardware Engineer (Starship Heat Shield),SpaceX,"Cape Canaveral, Brevard County",95310.05,95310.05,,95310.05,1,Engineering Jobs,"SpaceX was founded under the belief that a future where humanity is out exploring the stars is fundamentally more exciting than one where we are not. Today SpaceX is actively developing the technologies to make this possible, with the ultimate goal of enabling human life on Mars. THERMAL HARDWARE ENGINEER (STARSHIP HEAT SHIELD) SpaceX is currently seeking talented individuals for a Thermal Hardware Engineer position on the Starship Heat Shield Engineering team. You will have the opportunity to …",2025-05-24T05:10:16Z,Onsite,https://www.adzuna.com/details/5214051904?utm_medium=api&utm_source=25f3af84
US,Technical Customer Support Specialist,Fortive,"Wade Hampton, Greenville County",39783.5,39783.5,,39783.5,1,Customer Services Jobs,"Description Gordian is the leading provider of Building Intelligence™ Solutions, delivering unrivaled insights, robust technology, and comprehensive expertise that fuel customers’ success during every phase of the building lifecycle. Gordian created Job Order Contracting (JOC) and the industry-standard RSMeans Data, empowering organizations to optimize capital investments, improve project performance, and minimize long-term operating expenses. This role supports all internal and external users …",2025-05-24T05:10:11Z,Onsite,https://www.adzuna.com/details/5214051883?utm_medium=api&utm_source=25f3af84
US,PA - Academic - 15414893,UT Southwestern Medical Center,"Village, Dallas",60063.56,60063.56,,60063.56,1,Healthcare & Nursing Jobs,"To promote, provide and maintain patient care in association with collaborating/ delegating physician(s) and in partnership with a multi-disciplinary healthcare team; consistent with Texas Board of Nursing authorization for clinical practice area and patient population. BENEFITS UT Southwestern is proud to offer a competitive and comprehensive benefits package to eligible employees. Our benefits are designed to support your overall wellbeing, and include: • PPO medical plan, available day one a…",2025-05-24T05:10:03Z,Onsite,https://www.adzuna.com/details/5214051858?utm_medium=api&utm_source=25f3af84
US,Bilingual Office and Accounting Assistant,The Contractor Consultants,"Colton, San Bernardino County",35360.0,41600.0,,41600.0,0,Accounting & Finance Jobs,"Join KASA Construction Inc. as an Bilingual Office and Accounting Assistant Job Title: Bilingual Office and Accounting Assistant Company Name: KASA Construction Inc. Salary: $17.00 - $20.00 per hour, depending on experience Full Job Description KASA Construction Inc., one of Southern California's leading heavy-civil construction and engineering companies, is seeking a highly organized and motivated Bilingual Office and Accounting Assistant to join our team. This role is essential in providing s…",2025-05-24T05:09:38Z,Onsite,https://www.adzuna.com/details/5214051799?utm_medium=api&utm_source=25f3af84
US,Clinical RN Coord-Float,UC Health,"Cincinnati, Hamilton County",112025.31,112025.31,,112025.31,1,Healthcare & Nursing Jobs,"Description At UC Health, we're proud to have the best and brightest teams and clinicians collaborating toward our common purpose: to advance healing and reduce suffering. As the region's adult academic health system, we strive for innovation and provide world-class care for not only our community, but patients from all over the world. Join our team and you'll be able to develop your skills, grow your career, build relationships with your peers and patients, and help us be a source of hope for …",2025-05-24T05:09:36Z,Onsite,https://www.adzuna.com/details/5214051791?utm_medium=api&utm_source=25f3af84
US,Software Engineer I,"Caredx, Inc.","Brisbane, San Mateo County",88196.57,88196.57,,88196.57,1,IT Jobs,"CareDx, Inc. is a leading precision medicine solutions company focused on the discovery, development, and commercialization of clinically differentiated, high-value healthcare solutions for transplant patients and caregivers. CareDx offers products, testing services, and digital healthcare solutions along the pre- and post-transplant patient journey, and is the leading provider of genomics-based information for transplant patients. We are looking for a motivated and detail-oriented junior Softw…",2025-05-24T05:09:29Z,Onsite,https://www.adzuna.com/details/5214051777?utm_medium=api&utm_source=25f3af84
US,Bulk Folder,Vestis,"Forada, Stearns County",26707.0,39998.0,,39998.0,0,Manufacturing Jobs,"Overview: Performs work as part of a team in an industrial laundry facility. Responsible for the safe, expeditious, and accurate handling of merchandise into and/or out of the laundry facility. • Responsibilities/Essential Functions: Essential duties and responsibilities of the position include but are not limited to: Stages cart in lift table, secures safety chain, and raises the table; Folds linen, aprons, towels, table napkins, and/or fender/seat covers; Identifies and segregates merchandise…",2025-05-24T05:09:24Z,Onsite,https://www.adzuna.com/details/5214051766?utm_medium=api&utm_source=25f3af84
US,Senior Mechanical Engineer – Structural Engineer,RTX,"Marlborough, Middlesex County",0.0,164000.0,,164000.0,0,Engineering Jobs,"Date Posted: 2025-05-15 Country: United States of America Location: MA801: Marlborough, MA 1001 Boston Post Road Building 2, Marlborough, MA, 01752 USA Position Role Type: Onsite U.S. Citizen, U.S. Person, or Immigration Status Requirements: The ability to obtain and maintain a U.S. government issued security clearance is required.​ U.S. citizenship is required, as only U.S. citizens are eligible for a security clearance Security Clearance: DoD Clearance: Secret At Raytheon, the foundation of e…",2025-05-24T05:09:17Z,Onsite,https://www.adzuna.com/details/5214051744?utm_medium=api&utm_source=25f3af84
US,Senior GraphQL Engineer (Security),Amplitude,"San Francisco, California",161000.0,266000.0,,266000.0,0,IT Jobs,"Amplitude is the leading digital analytics platform that helps companies unlock the power of their products. Over 4,000 customers, including Atlassian, NBCUniversal, Under Armour, Shopify, and Jersey Mike’s, rely on Amplitude to gain self-service visibility into the entire customer journey. Amplitude guides companies every step of the way as they capture data they can trust, uncover clear insights about customer behavior, and take faster action. When teams understand how people are using their …",2025-05-24T05:09:06Z,Onsite,https://www.adzuna.com/details/5214051720?utm_medium=api&utm_source=25f3af84
US,"Associate Director, Strategic Engagement",Whitworth University,"Shadle Garland, Spokane County",48984.0,51292.0,,51292.0,0,"PR, Advertising & Marketing Jobs","Position Summary Whitworth University is seeking an Associate Director of Strategic Engagement to lead in fostering meaningful connections between the institution and its alumni, parents, and the broader community. Responsibilities include managing relationships with alumni and parents across various regions, developing vocation-oriented programs, and overseeing regional and affinity groups. This role involves organizing special events such as the President’s Leadership Forum, driving digital e…",2025-05-24T05:09:02Z,Onsite,https://www.adzuna.com/details/5214051712?utm_medium=api&utm_source=25f3af84
US,Farm Technician,Dallas College,"Cedar Valley, Cedar County",34914.19,34914.19,,34914.19,1,Teaching Jobs,"All Job Postings will close at 12:01 a.m. CT on the specified Closing Date. To view the job posting closing date please return to the search for jobs page. Weekly Work Hours 19.5 Compensation Range N01-Hourly Hourly Rate $22.06 Hourly FLSA United States of America (Non-Exempt) Position Type Staff Position Summary Responsible for providing day-to-day farm operations in support of instructional programs. This position will be working with the Veterinary Technology Department Required Knowledge, S…",2025-05-24T05:09:01Z,Onsite,https://www.adzuna.com/details/5214051703?utm_medium=api&utm_source=25f3af84
US,Patient Service Representative,IHC Health Services,"American Fork, Utah County",36067.0,46883.0,,46883.0,0,Customer Services Jobs,"Job Description: The Patient Service Representative (PSR) serves as the first connection between Intermountain and patients. This role embodies Intermountain values and focuses on establishing collaborative relationships with patients and fellow caregivers to deliver the highest level of customer/patient satisfaction. The PSR ensures a superior customer experience by identifying and resolving patient needs related to patient intake and care, which may include greeting and checking-in/out patien…",2025-05-24T05:09:01Z,Onsite,https://www.adzuna.com/details/5214051704?utm_medium=api&utm_source=25f3af84
US,Hourly Positions at CookUnity Inc,CookUnity,"Seattle, King County",43180.0,45260.0,,45260.0,0,Hospitality & Catering Jobs,"About CookUnity Food has lost its soul to modern convenience. And with it, has lost the power to nourish, inspire, and connect us. So in 2018, CookUnity was founded as the first-of-its-kind platform that connects the world with the source of truly great food: chefs. Today, CookUnity delivers 35 million meals a year from the industry’s best chefs to homes all over the country. Fresh. Ready-to-eat. And crafted with the passion that nourishes body and soul. Unwilling to stop there, CookUnity is ex…",2025-05-24T05:08:59Z,Onsite,https://www.adzuna.com/details/5214051699?utm_medium=api&utm_source=25f3af84
US,Senior Case Manager/SSVF - Gloucester/Camden Counties,Diocese of Camden,"Camden, Camden County",66780.36,66780.36,,66780.36,1,IT Jobs,"S e nior Ca s e Manager/SSVF - Glouc es ter/Camden Counties SUMMARY: This position provides SSVF Case Management services to Veteran households to develop and achieve individual stabilization plans. This role will operate across Cumberland and Salem Counties and meet with Veterans in the office and the field. DUTIES AND RESPONSIBILITIES: Case Management including assessing client needs, develop a Housing Stability Plan, administer and provide Temporary Financial Assistance as needed. Provide cl…",2025-05-24T05:08:59Z,Onsite,https://www.adzuna.com/details/5214051696?utm_medium=api&utm_source=25f3af84
US,Product Management Analyst,Xylem,"Morrisville, Wake County",63600.0,101800.0,,101800.0,0,"PR, Advertising & Marketing Jobs","Xylem is a Fortune 500 global water solutions company dedicated to advancing sustainable impact and empowering the people who make water work every day. As a leading water technology company with 23,000 employees operating in over 150 countries, Xylem is at the forefront of addressing the world's most critical water challenges. We invite passionate individuals to join our team, dedicated to exceeding customer expectations through innovative and sustainable solutions. The Role: The Product Manag…",2025-05-24T05:08:54Z,Onsite,https://www.adzuna.com/details/5214051688?utm_medium=api&utm_source=25f3af84
US,Full Time Teller- Francis Scott Key Mall Branch/ Frederick MD,M&T Bank,"Frederick, Frederick County",39520.0,58947.0,,58947.0,0,Customer Services Jobs,"Overview: Specializes in our branch customer experience through digital engagement, lobby management, transactional processing and retail servicing interactions. Processes a variety of financial transactions in an accurate and efficient manner. Primary Responsibilities: Adhere to the established customer service standards and provide a differentiated experience by understanding customer needs and delivering solutions in moments that matter most to them. Educate our customers through shoulder-to…",2025-05-24T05:08:53Z,Onsite,https://www.adzuna.com/details/5214051686?utm_medium=api&utm_source=25f3af84
US,Registered Nurse - (Advanced Delivery Unit) ROTATING,The Nemours Foundation,"Wilmington, New Hanover County",94085.27,94085.27,,94085.27,1,Healthcare & Nursing Jobs,"Description The primary role of the Registered Nurse is to implement the patient care delivery model for the patient and their family. The registered nurse is responsible and accountable for assessing, planning, providing and evaluating, the care provided to assigned patients Position Responsibilities Clinical Judgment : Independently develops, implements, evaluates, and modifies clinical practice to meet individual patient and family needs Collects and interprets complex patient data. Focuses …",2025-05-24T05:08:49Z,Onsite,https://www.adzuna.com/details/5214051676?utm_medium=api&utm_source=25f3af84
US,Vision Center Manager NL 1,Walmart,"Devine, Medina County",50960.0,70720.0,,70720.0,0,Retail Jobs,Position Summary What you'll do Drives sales in the Vision Center by ensuring effective merchandise presentation including accurate and competitive pricing proper signing and instock and inventory levels budgeting and forecasting sales and assessing economic trends and community needs Models enforces and provides direction and guidance to Associates on proper CustomerMember service approaches and techniques to ensure CustomerMember needs complaints and issues are successfully resolved within Co…,2025-05-24T05:08:44Z,Onsite,https://www.adzuna.com/details/5214051653?utm_medium=api&utm_source=25f3af84
US,"Specialist 3, Business Development",Comcast,US,86778.3,86778.3,,86778.3,1,IT Jobs,"Comcast Business offers a suite of Connectivity, Communications, Networking, Cybersecurity, Wireless, and Managed Solutions to help global organizations of all sizes prepare for what’s next. Powered by the nation’s largest Gig-speed broadband network and backed by 24/7 customer support, Comcast Business is the nation’s largest technology provider to small businesses and one of the leading service providers to the Enterprise market. Comcast Business has been consistently recognized by industry a…",2025-05-24T05:08:40Z,Onsite,https://www.adzuna.com/details/5214051641?utm_medium=api&utm_source=25f3af84
US,Data Entry Customer Service,Sales Bizlab,"Pineville, Mecklenburg County",53248.0,72800.0,,72800.0,0,Customer Services Jobs,"About Sales Bizlab At Sales Bizlab is seeking a friendly and professional Data Entry Customer Service to join our team. The ideal candidate will be the first point of contact for visitors and callers, providing excellent customer service and administrative support. This role requires strong communication skills, a welcoming demeanor, and the ability to manage multiple tasks efficiently. We are seeking a meticulous and detail-oriented Data Entry Customer Service representative to join our dynami…",2025-05-24T05:08:39Z,Onsite,https://www.adzuna.com/details/5214051639?utm_medium=api&utm_source=25f3af84
US,Nutrition Services Aide - Server,Sholom Community Alliance,"Lilydale, Dakota County",33280.0,35360.0,,35360.0,0,Hospitality & Catering Jobs,"SUMMARY The Nutrition Services Aide – Server, serves food in the Skilled Nursing Facilities, Assisted Living or Independent Living dining rooms. This position has contact with staff, residents and volunteers in the kitchen area and Dining Room. PRIMARY RESPONSIBILITIES Provide excellent customer service to residents during meal times, greeting residents with a smile. presenting foods of the day and offer alternatives, taking orders and serving food. * Assisted Living and Independent living dini…",2025-05-24T05:08:21Z,Onsite,https://www.adzuna.com/details/5214051600?utm_medium=api&utm_source=25f3af84
US,Process & Mechanical Designer Co-op/Intern,Re:Build Manufacturing,"Rochester, Monroe County",64282.89,64282.89,,64282.89,1,Engineering Jobs,"About Re:Build Optimation Re:Build Optimation delivers custom process equipment globally, focusing on precision, reliability, and innovation. In Re:Build Manufacturing, we demonstrate the strength of a national industrial powerhouse while preserving the agility and personalized service of a specialized firm. Our services cater to industries across traditional and green energy, chemicals, pharmaceuticals, food & beverage, glass, and advanced manufacturing, delivering tailored solutions to boost …",2025-05-24T05:08:21Z,Onsite,https://www.adzuna.com/details/5214051601?utm_medium=api&utm_source=25f3af84
US,Admin Support,"Community Solutions for Children, Families and Individuals","Gilroy, Santa Clara County",41277.89,41277.89,,41277.89,1,Admin Jobs,"POSITION TITLE: Admin Support JOB CLASSIFICATION: Regular, Full-Time, Non-Exempt, Union, Benefitted REPORTING RELATIONSHIP: Billing Manager SUMMARY: Since its founding as a teen drop-in center in 1972, Community Solutions (CS) has grown in both depth and breadth of services in response to the growing and changing needs in the community. As one of the most comprehensive nonprofit human services agencies in Santa Clara County and the surrounding areas, CS provides prevention, intervention, treatm…",2025-05-24T05:08:21Z,Onsite,https://www.adzuna.com/details/5214051603?utm_medium=api&utm_source=25f3af84
