date,company,job_title,location,skills,salary_min,salary_max,work_year,experience_level,employment_type,salary,salary_currency,salary_in_usd,employee_residence,remote_ratio,company_location,company_size
2025-05-15 10:00:03+00:00,Notabene,data engineer,,"['frontend', 'design', 'crypto', 'cryptocurrency', 'system', 'front-end', 'security', 'full-stack', 'technical', 'support', 'software', 'growth', 'code', 'web', 'manager', 'financial', 'fintech', 'typescript', 'lead', 'junior', 'reliability', 'engineer', 'engineering', 'digital nomad']",70000,110000,2020,SE,FT,85000,GBP,109024,GB,50,GB,M
2025-05-15 10:00:03+00:00,Notabene,data engineer,,"['frontend', 'design', 'crypto', 'cryptocurrency', 'system', 'front-end', 'security', 'full-stack', 'technical', 'support', 'software', 'growth', 'code', 'web', 'manager', 'financial', 'fintech', 'typescript', 'lead', 'junior', 'reliability', 'engineer', 'engineering', 'digital nomad']",70000,110000,2020,SE,FT,125000,USD,125000,NZ,50,NZ,S
2025-05-15 10:00:03+00:00,Notabene,data engineer,,"['frontend', 'design', 'crypto', 'cryptocurrency', 'system', 'front-end', 'security', 'full-stack', 'technical', 'support', 'software', 'growth', 'code', 'web', 'manager', 'financial', 'fintech', 'typescript', 'lead', 'junior', 'reliability', 'engineer', 'engineering', 'digital nomad']",70000,110000,2020,EN,FT,4450000,JPY,41689,JP,100,JP,S
2025-05-15 10:00:03+00:00,Notabene,data engineer,,"['frontend', 'design', 'crypto', 'cryptocurrency', 'system', 'front-end', 'security', 'full-stack', 'technical', 'support', 'software', 'growth', 'code', 'web', 'manager', 'financial', 'fintech', 'typescript', 'lead', 'junior', 'reliability', 'engineer', 'engineering', 'digital nomad']",70000,110000,2020,SE,FT,100000,EUR,114047,PL,100,GB,S
2025-05-15 10:00:03+00:00,Notabene,data engineer,,"['frontend', 'design', 'crypto', 'cryptocurrency', 'system', 'front-end', 'security', 'full-stack', 'technical', 'support', 'software', 'growth', 'code', 'web', 'manager', 'financial', 'fintech', 'typescript', 'lead', 'junior', 'reliability', 'engineer', 'engineering', 'digital nomad']",70000,110000,2020,MI,FT,56000,USD,56000,PT,100,US,M
2025-05-15 10:00:03+00:00,Notabene,data engineer,,"['frontend', 'design', 'crypto', 'cryptocurrency', 'system', 'front-end', 'security', 'full-stack', 'technical', 'support', 'software', 'growth', 'code', 'web', 'manager', 'financial', 'fintech', 'typescript', 'lead', 'junior', 'reliability', 'engineer', 'engineering', 'digital nomad']",70000,110000,2020,SE,FT,42000,EUR,47899,GR,50,GR,L
2025-05-15 10:00:03+00:00,Notabene,data engineer,,"['frontend', 'design', 'crypto', 'cryptocurrency', 'system', 'front-end', 'security', 'full-stack', 'technical', 'support', 'software', 'growth', 'code', 'web', 'manager', 'financial', 'fintech', 'typescript', 'lead', 'junior', 'reliability', 'engineer', 'engineering', 'digital nomad']",70000,110000,2020,SE,FT,720000,MXN,33511,MX,0,MX,S
2025-05-15 10:00:03+00:00,Notabene,data engineer,,"['frontend', 'design', 'crypto', 'cryptocurrency', 'system', 'front-end', 'security', 'full-stack', 'technical', 'support', 'software', 'growth', 'code', 'web', 'manager', 'financial', 'fintech', 'typescript', 'lead', 'junior', 'reliability', 'engineer', 'engineering', 'digital nomad']",70000,110000,2020,MI,FT,51999,EUR,59303,DE,100,DE,S
2025-05-15 10:00:03+00:00,Notabene,data engineer,,"['frontend', 'design', 'crypto', 'cryptocurrency', 'system', 'front-end', 'security', 'full-stack', 'technical', 'support', 'software', 'growth', 'code', 'web', 'manager', 'financial', 'fintech', 'typescript', 'lead', 'junior', 'reliability', 'engineer', 'engineering', 'digital nomad']",70000,110000,2020,EN,FT,70000,USD,70000,US,100,US,L
2025-05-15 10:00:03+00:00,Notabene,data engineer,,"['frontend', 'design', 'crypto', 'cryptocurrency', 'system', 'front-end', 'security', 'full-stack', 'technical', 'support', 'software', 'growth', 'code', 'web', 'manager', 'financial', 'fintech', 'typescript', 'lead', 'junior', 'reliability', 'engineer', 'engineering', 'digital nomad']",70000,110000,2020,MI,FT,65000,EUR,74130,AT,50,AT,L
2025-05-15 10:00:03+00:00,Notabene,data engineer,,"['frontend', 'design', 'crypto', 'cryptocurrency', 'system', 'front-end', 'security', 'full-stack', 'technical', 'support', 'software', 'growth', 'code', 'web', 'manager', 'financial', 'fintech', 'typescript', 'lead', 'junior', 'reliability', 'engineer', 'engineering', 'digital nomad']",70000,110000,2020,EX,FT,70000,EUR,79833,ES,50,ES,L
2025-05-15 10:00:03+00:00,Notabene,data engineer,,"['frontend', 'design', 'crypto', 'cryptocurrency', 'system', 'front-end', 'security', 'full-stack', 'technical', 'support', 'software', 'growth', 'code', 'web', 'manager', 'financial', 'fintech', 'typescript', 'lead', 'junior', 'reliability', 'engineer', 'engineering', 'digital nomad']",70000,110000,2020,MI,FT,106000,USD,106000,US,100,US,L
2025-05-15 10:00:03+00:00,Notabene,data engineer,,"['frontend', 'design', 'crypto', 'cryptocurrency', 'system', 'front-end', 'security', 'full-stack', 'technical', 'support', 'software', 'growth', 'code', 'web', 'manager', 'financial', 'fintech', 'typescript', 'lead', 'junior', 'reliability', 'engineer', 'engineering', 'digital nomad']",70000,110000,2020,MI,FT,88000,GBP,112872,GB,50,GB,L
2025-05-15 10:00:03+00:00,Notabene,data engineer,,"['frontend', 'design', 'crypto', 'cryptocurrency', 'system', 'front-end', 'security', 'full-stack', 'technical', 'support', 'software', 'growth', 'code', 'web', 'manager', 'financial', 'fintech', 'typescript', 'lead', 'junior', 'reliability', 'engineer', 'engineering', 'digital nomad']",70000,110000,2020,EN,PT,14000,EUR,15966,DE,100,DE,S
2025-05-15 10:00:03+00:00,Notabene,data engineer,,"['frontend', 'design', 'crypto', 'cryptocurrency', 'system', 'front-end', 'security', 'full-stack', 'technical', 'support', 'software', 'growth', 'code', 'web', 'manager', 'financial', 'fintech', 'typescript', 'lead', 'junior', 'reliability', 'engineer', 'engineering', 'digital nomad']",70000,110000,2020,SE,FT,188000,USD,188000,US,100,US,L
2025-05-15 10:00:03+00:00,Notabene,data engineer,,"['frontend', 'design', 'crypto', 'cryptocurrency', 'system', 'front-end', 'security', 'full-stack', 'technical', 'support', 'software', 'growth', 'code', 'web', 'manager', 'financial', 'fintech', 'typescript', 'lead', 'junior', 'reliability', 'engineer', 'engineering', 'digital nomad']",70000,110000,2020,MI,FT,61500,EUR,70139,FR,50,FR,L
2025-05-15 10:00:03+00:00,Notabene,data engineer,,"['frontend', 'design', 'crypto', 'cryptocurrency', 'system', 'front-end', 'security', 'full-stack', 'technical', 'support', 'software', 'growth', 'code', 'web', 'manager', 'financial', 'fintech', 'typescript', 'lead', 'junior', 'reliability', 'engineer', 'engineering', 'digital nomad']",70000,110000,2020,EN,FT,48000,EUR,54742,PK,100,DE,L
2025-05-15 10:00:03+00:00,Notabene,data engineer,,"['frontend', 'design', 'crypto', 'cryptocurrency', 'system', 'front-end', 'security', 'full-stack', 'technical', 'support', 'software', 'growth', 'code', 'web', 'manager', 'financial', 'fintech', 'typescript', 'lead', 'junior', 'reliability', 'engineer', 'engineering', 'digital nomad']",70000,110000,2020,SE,FL,60000,USD,60000,RU,100,US,S
2025-05-15 10:00:03+00:00,Notabene,data engineer,,"['frontend', 'design', 'crypto', 'cryptocurrency', 'system', 'front-end', 'security', 'full-stack', 'technical', 'support', 'software', 'growth', 'code', 'web', 'manager', 'financial', 'fintech', 'typescript', 'lead', 'junior', 'reliability', 'engineer', 'engineering', 'digital nomad']",70000,110000,2020,MI,FT,110000,USD,110000,US,100,US,L
2025-05-15 10:00:03+00:00,Notabene,data engineer,,"['frontend', 'design', 'crypto', 'cryptocurrency', 'system', 'front-end', 'security', 'full-stack', 'technical', 'support', 'software', 'growth', 'code', 'web', 'manager', 'financial', 'fintech', 'typescript', 'lead', 'junior', 'reliability', 'engineer', 'engineering', 'digital nomad']",70000,110000,2020,MI,FT,130800,USD,130800,ES,100,US,M
2025-05-15 10:00:03+00:00,Notabene,data engineer,,"['frontend', 'design', 'crypto', 'cryptocurrency', 'system', 'front-end', 'security', 'full-stack', 'technical', 'support', 'software', 'growth', 'code', 'web', 'manager', 'financial', 'fintech', 'typescript', 'lead', 'junior', 'reliability', 'engineer', 'engineering', 'digital nomad']",70000,110000,2021,MI,CT,270000,USD,270000,US,100,US,L
2025-05-15 10:00:03+00:00,Notabene,data engineer,,"['frontend', 'design', 'crypto', 'cryptocurrency', 'system', 'front-end', 'security', 'full-stack', 'technical', 'support', 'software', 'growth', 'code', 'web', 'manager', 'financial', 'fintech', 'typescript', 'lead', 'junior', 'reliability', 'engineer', 'engineering', 'digital nomad']",70000,110000,2021,MI,FT,140000,USD,140000,US,100,US,L
2025-05-15 10:00:03+00:00,Notabene,data engineer,,"['frontend', 'design', 'crypto', 'cryptocurrency', 'system', 'front-end', 'security', 'full-stack', 'technical', 'support', 'software', 'growth', 'code', 'web', 'manager', 'financial', 'fintech', 'typescript', 'lead', 'junior', 'reliability', 'engineer', 'engineering', 'digital nomad']",70000,110000,2021,MI,FT,110000,PLN,28476,PL,100,PL,L
2025-05-15 10:00:03+00:00,Notabene,data engineer,,"['frontend', 'design', 'crypto', 'cryptocurrency', 'system', 'front-end', 'security', 'full-stack', 'technical', 'support', 'software', 'growth', 'code', 'web', 'manager', 'financial', 'fintech', 'typescript', 'lead', 'junior', 'reliability', 'engineer', 'engineering', 'digital nomad']",70000,110000,2021,SE,FT,276000,USD,276000,US,0,US,L
2025-05-15 10:00:03+00:00,Notabene,data engineer,,"['frontend', 'design', 'crypto', 'cryptocurrency', 'system', 'front-end', 'security', 'full-stack', 'technical', 'support', 'software', 'growth', 'code', 'web', 'manager', 'financial', 'fintech', 'typescript', 'lead', 'junior', 'reliability', 'engineer', 'engineering', 'digital nomad']",70000,110000,2021,MI,FT,120000,SGD,89294,SG,50,SG,L
2025-05-15 10:00:03+00:00,Notabene,data engineer,,"['frontend', 'design', 'crypto', 'cryptocurrency', 'system', 'front-end', 'security', 'full-stack', 'technical', 'support', 'software', 'growth', 'code', 'web', 'manager', 'financial', 'fintech', 'typescript', 'lead', 'junior', 'reliability', 'engineer', 'engineering', 'digital nomad']",70000,110000,2021,EN,FT,70000,USD,70000,US,100,US,M
2025-05-15 10:00:03+00:00,Notabene,data engineer,,"['frontend', 'design', 'crypto', 'cryptocurrency', 'system', 'front-end', 'security', 'full-stack', 'technical', 'support', 'software', 'growth', 'code', 'web', 'manager', 'financial', 'fintech', 'typescript', 'lead', 'junior', 'reliability', 'engineer', 'engineering', 'digital nomad']",70000,110000,2021,MI,FT,81000,EUR,95746,DE,100,US,S
2025-05-15 10:00:03+00:00,Notabene,data engineer,,"['frontend', 'design', 'crypto', 'cryptocurrency', 'system', 'front-end', 'security', 'full-stack', 'technical', 'support', 'software', 'growth', 'code', 'web', 'manager', 'financial', 'fintech', 'typescript', 'lead', 'junior', 'reliability', 'engineer', 'engineering', 'digital nomad']",70000,110000,2021,SE,FT,150000,USD,150000,US,100,US,L
2025-05-15 10:00:03+00:00,Notabene,data engineer,,"['frontend', 'design', 'crypto', 'cryptocurrency', 'system', 'front-end', 'security', 'full-stack', 'technical', 'support', 'software', 'growth', 'code', 'web', 'manager', 'financial', 'fintech', 'typescript', 'lead', 'junior', 'reliability', 'engineer', 'engineering', 'digital nomad']",70000,110000,2021,SE,FT,115000,USD,115000,US,100,US,S
2025-05-15 10:00:03+00:00,Notabene,data engineer,,"['frontend', 'design', 'crypto', 'cryptocurrency', 'system', 'front-end', 'security', 'full-stack', 'technical', 'support', 'software', 'growth', 'code', 'web', 'manager', 'financial', 'fintech', 'typescript', 'lead', 'junior', 'reliability', 'engineer', 'engineering', 'digital nomad']",70000,110000,2021,SE,FT,150000,USD,150000,US,100,US,M
2025-05-15 10:00:03+00:00,Notabene,data engineer,,"['frontend', 'design', 'crypto', 'cryptocurrency', 'system', 'front-end', 'security', 'full-stack', 'technical', 'support', 'software', 'growth', 'code', 'web', 'manager', 'financial', 'fintech', 'typescript', 'lead', 'junior', 'reliability', 'engineer', 'engineering', 'digital nomad']",70000,110000,2021,EN,FT,2250000,INR,30428,IN,100,IN,L
2025-05-15 10:00:03+00:00,Notabene,data engineer,,"['frontend', 'design', 'crypto', 'cryptocurrency', 'system', 'front-end', 'security', 'full-stack', 'technical', 'support', 'software', 'growth', 'code', 'web', 'manager', 'financial', 'fintech', 'typescript', 'lead', 'junior', 'reliability', 'engineer', 'engineering', 'digital nomad']",70000,110000,2021,SE,FT,82500,GBP,113476,GB,100,GB,M
2025-05-15 10:00:03+00:00,Notabene,data engineer,,"['frontend', 'design', 'crypto', 'cryptocurrency', 'system', 'front-end', 'security', 'full-stack', 'technical', 'support', 'software', 'growth', 'code', 'web', 'manager', 'financial', 'fintech', 'typescript', 'lead', 'junior', 'reliability', 'engineer', 'engineering', 'digital nomad']",70000,110000,2021,SE,FT,75000,GBP,103160,GB,100,GB,S
2025-05-15 10:00:03+00:00,Notabene,data engineer,,"['frontend', 'design', 'crypto', 'cryptocurrency', 'system', 'front-end', 'security', 'full-stack', 'technical', 'support', 'software', 'growth', 'code', 'web', 'manager', 'financial', 'fintech', 'typescript', 'lead', 'junior', 'reliability', 'engineer', 'engineering', 'digital nomad']",70000,110000,2021,MI,FT,38400,EUR,45391,NL,100,NL,L
2025-05-15 10:00:03+00:00,Notabene,data engineer,,"['frontend', 'design', 'crypto', 'cryptocurrency', 'system', 'front-end', 'security', 'full-stack', 'technical', 'support', 'software', 'growth', 'code', 'web', 'manager', 'financial', 'fintech', 'typescript', 'lead', 'junior', 'reliability', 'engineer', 'engineering', 'digital nomad']",70000,110000,2021,MI,FT,34000,EUR,40189,GR,100,GR,M
2025-05-15 10:00:03+00:00,Notabene,data engineer,,"['frontend', 'design', 'crypto', 'cryptocurrency', 'system', 'front-end', 'security', 'full-stack', 'technical', 'support', 'software', 'growth', 'code', 'web', 'manager', 'financial', 'fintech', 'typescript', 'lead', 'junior', 'reliability', 'engineer', 'engineering', 'digital nomad']",70000,110000,2021,MI,FT,200000,USD,200000,US,100,US,L
2025-05-15 10:00:03+00:00,Notabene,data engineer,,"['frontend', 'design', 'crypto', 'cryptocurrency', 'system', 'front-end', 'security', 'full-stack', 'technical', 'support', 'software', 'growth', 'code', 'web', 'manager', 'financial', 'fintech', 'typescript', 'lead', 'junior', 'reliability', 'engineer', 'engineering', 'digital nomad']",70000,110000,2021,MI,FT,60000,USD,60000,ES,50,RO,M
2025-05-15 10:00:03+00:00,Notabene,data engineer,,"['frontend', 'design', 'crypto', 'cryptocurrency', 'system', 'front-end', 'security', 'full-stack', 'technical', 'support', 'software', 'growth', 'code', 'web', 'manager', 'financial', 'fintech', 'typescript', 'lead', 'junior', 'reliability', 'engineer', 'engineering', 'digital nomad']",70000,110000,2021,SE,FT,200000,USD,200000,US,100,US,M
2025-05-15 10:00:03+00:00,Notabene,data engineer,,"['frontend', 'design', 'crypto', 'cryptocurrency', 'system', 'front-end', 'security', 'full-stack', 'technical', 'support', 'software', 'growth', 'code', 'web', 'manager', 'financial', 'fintech', 'typescript', 'lead', 'junior', 'reliability', 'engineer', 'engineering', 'digital nomad']",70000,110000,2021,SE,FT,24000,USD,24000,BR,100,BR,M
2025-05-15 10:00:03+00:00,Notabene,data engineer,,"['frontend', 'design', 'crypto', 'cryptocurrency', 'system', 'front-end', 'security', 'full-stack', 'technical', 'support', 'software', 'growth', 'code', 'web', 'manager', 'financial', 'fintech', 'typescript', 'lead', 'junior', 'reliability', 'engineer', 'engineering', 'digital nomad']",70000,110000,2021,MI,FT,7000000,JPY,63711,JP,50,JP,S
2025-05-15 10:00:03+00:00,Notabene,data engineer,,"['frontend', 'design', 'crypto', 'cryptocurrency', 'system', 'front-end', 'security', 'full-stack', 'technical', 'support', 'software', 'growth', 'code', 'web', 'manager', 'financial', 'fintech', 'typescript', 'lead', 'junior', 'reliability', 'engineer', 'engineering', 'digital nomad']",70000,110000,2021,MI,FT,8500000,JPY,77364,JP,50,JP,S
2025-05-15 10:00:03+00:00,Notabene,data engineer,,"['frontend', 'design', 'crypto', 'cryptocurrency', 'system', 'front-end', 'security', 'full-stack', 'technical', 'support', 'software', 'growth', 'code', 'web', 'manager', 'financial', 'fintech', 'typescript', 'lead', 'junior', 'reliability', 'engineer', 'engineering', 'digital nomad']",70000,110000,2021,SE,FT,150000,USD,150000,US,0,US,L
2025-05-15 10:00:03+00:00,Notabene,data engineer,,"['frontend', 'design', 'crypto', 'cryptocurrency', 'system', 'front-end', 'security', 'full-stack', 'technical', 'support', 'software', 'growth', 'code', 'web', 'manager', 'financial', 'fintech', 'typescript', 'lead', 'junior', 'reliability', 'engineer', 'engineering', 'digital nomad']",70000,110000,2021,MI,FT,100000,USD,100000,US,100,US,L
2025-05-15 10:00:03+00:00,Notabene,data engineer,,"['frontend', 'design', 'crypto', 'cryptocurrency', 'system', 'front-end', 'security', 'full-stack', 'technical', 'support', 'software', 'growth', 'code', 'web', 'manager', 'financial', 'fintech', 'typescript', 'lead', 'junior', 'reliability', 'engineer', 'engineering', 'digital nomad']",70000,110000,2021,MI,FT,90000,USD,90000,US,100,US,L
2025-05-15 10:00:03+00:00,Notabene,data engineer,,"['frontend', 'design', 'crypto', 'cryptocurrency', 'system', 'front-end', 'security', 'full-stack', 'technical', 'support', 'software', 'growth', 'code', 'web', 'manager', 'financial', 'fintech', 'typescript', 'lead', 'junior', 'reliability', 'engineer', 'engineering', 'digital nomad']",70000,110000,2021,SE,FT,153000,USD,153000,US,100,US,L
2025-05-15 10:00:03+00:00,Notabene,data engineer,,"['frontend', 'design', 'crypto', 'cryptocurrency', 'system', 'front-end', 'security', 'full-stack', 'technical', 'support', 'software', 'growth', 'code', 'web', 'manager', 'financial', 'fintech', 'typescript', 'lead', 'junior', 'reliability', 'engineer', 'engineering', 'digital nomad']",70000,110000,2021,SE,FT,160000,USD,160000,BR,100,US,S
2025-05-15 10:00:03+00:00,Notabene,data engineer,,"['frontend', 'design', 'crypto', 'cryptocurrency', 'system', 'front-end', 'security', 'full-stack', 'technical', 'support', 'software', 'growth', 'code', 'web', 'manager', 'financial', 'fintech', 'typescript', 'lead', 'junior', 'reliability', 'engineer', 'engineering', 'digital nomad']",70000,110000,2021,SE,FT,159500,CAD,127221,CA,50,CA,L
2025-05-15 10:00:03+00:00,Notabene,data engineer,,"['frontend', 'design', 'crypto', 'cryptocurrency', 'system', 'front-end', 'security', 'full-stack', 'technical', 'support', 'software', 'growth', 'code', 'web', 'manager', 'financial', 'fintech', 'typescript', 'lead', 'junior', 'reliability', 'engineer', 'engineering', 'digital nomad']",70000,110000,2021,MI,FT,24000,EUR,28369,MT,50,MT,L
2025-05-15 10:00:03+00:00,Notabene,data engineer,,"['frontend', 'design', 'crypto', 'cryptocurrency', 'system', 'front-end', 'security', 'full-stack', 'technical', 'support', 'software', 'growth', 'code', 'web', 'manager', 'financial', 'fintech', 'typescript', 'lead', 'junior', 'reliability', 'engineer', 'engineering', 'digital nomad']",70000,110000,2021,EN,FT,80000,USD,80000,US,100,US,L
2025-05-15 10:00:03+00:00,Notabene,data engineer,,"['frontend', 'design', 'crypto', 'cryptocurrency', 'system', 'front-end', 'security', 'full-stack', 'technical', 'support', 'software', 'growth', 'code', 'web', 'manager', 'financial', 'fintech', 'typescript', 'lead', 'junior', 'reliability', 'engineer', 'engineering', 'digital nomad']",70000,110000,2021,MI,FT,150000,USD,150000,US,100,US,L
2025-05-15 10:00:03+00:00,Notabene,data engineer,,"['frontend', 'design', 'crypto', 'cryptocurrency', 'system', 'front-end', 'security', 'full-stack', 'technical', 'support', 'software', 'growth', 'code', 'web', 'manager', 'financial', 'fintech', 'typescript', 'lead', 'junior', 'reliability', 'engineer', 'engineering', 'digital nomad']",70000,110000,2021,MI,FT,170000,USD,170000,US,100,US,L
2025-05-15 10:00:03+00:00,Notabene,data engineer,,"['frontend', 'design', 'crypto', 'cryptocurrency', 'system', 'front-end', 'security', 'full-stack', 'technical', 'support', 'software', 'growth', 'code', 'web', 'manager', 'financial', 'fintech', 'typescript', 'lead', 'junior', 'reliability', 'engineer', 'engineering', 'digital nomad']",70000,110000,2021,MI,FT,60000,GBP,82528,GB,100,GB,L
2025-05-15 10:00:03+00:00,Notabene,data engineer,,"['frontend', 'design', 'crypto', 'cryptocurrency', 'system', 'front-end', 'security', 'full-stack', 'technical', 'support', 'software', 'growth', 'code', 'web', 'manager', 'financial', 'fintech', 'typescript', 'lead', 'junior', 'reliability', 'engineer', 'engineering', 'digital nomad']",70000,110000,2021,SE,FT,174000,USD,174000,US,100,US,L
2025-05-15 10:00:03+00:00,Notabene,data engineer,,"['frontend', 'design', 'crypto', 'cryptocurrency', 'system', 'front-end', 'security', 'full-stack', 'technical', 'support', 'software', 'growth', 'code', 'web', 'manager', 'financial', 'fintech', 'typescript', 'lead', 'junior', 'reliability', 'engineer', 'engineering', 'digital nomad']",70000,110000,2021,MI,FT,1672000,INR,22611,IN,0,IN,L
2025-05-15 10:00:03+00:00,Notabene,data engineer,,"['frontend', 'design', 'crypto', 'cryptocurrency', 'system', 'front-end', 'security', 'full-stack', 'technical', 'support', 'software', 'growth', 'code', 'web', 'manager', 'financial', 'fintech', 'typescript', 'lead', 'junior', 'reliability', 'engineer', 'engineering', 'digital nomad']",70000,110000,2021,MI,FT,22000,EUR,26005,RO,0,US,L
2025-05-15 10:00:03+00:00,Notabene,data engineer,,"['frontend', 'design', 'crypto', 'cryptocurrency', 'system', 'front-end', 'security', 'full-stack', 'technical', 'support', 'software', 'growth', 'code', 'web', 'manager', 'financial', 'fintech', 'typescript', 'lead', 'junior', 'reliability', 'engineer', 'engineering', 'digital nomad']",70000,110000,2021,MI,FT,4000,USD,4000,IR,100,IR,M
2025-05-15 10:00:03+00:00,Notabene,data engineer,,"['frontend', 'design', 'crypto', 'cryptocurrency', 'system', 'front-end', 'security', 'full-stack', 'technical', 'support', 'software', 'growth', 'code', 'web', 'manager', 'financial', 'fintech', 'typescript', 'lead', 'junior', 'reliability', 'engineer', 'engineering', 'digital nomad']",70000,110000,2021,SE,FT,65000,EUR,76833,RO,50,GB,S
2025-05-15 10:00:03+00:00,Notabene,data engineer,,"['frontend', 'design', 'crypto', 'cryptocurrency', 'system', 'front-end', 'security', 'full-stack', 'technical', 'support', 'software', 'growth', 'code', 'web', 'manager', 'financial', 'fintech', 'typescript', 'lead', 'junior', 'reliability', 'engineer', 'engineering', 'digital nomad']",70000,110000,2021,MI,FT,18000,USD,18000,MD,0,MD,S
2025-05-15 10:00:03+00:00,Notabene,data engineer,,"['frontend', 'design', 'crypto', 'cryptocurrency', 'system', 'front-end', 'security', 'full-stack', 'technical', 'support', 'software', 'growth', 'code', 'web', 'manager', 'financial', 'fintech', 'typescript', 'lead', 'junior', 'reliability', 'engineer', 'engineering', 'digital nomad']",70000,110000,2021,SE,FT,165000,USD,165000,US,0,US,M
2025-05-15 10:00:03+00:00,Notabene,data engineer,,"['frontend', 'design', 'crypto', 'cryptocurrency', 'system', 'front-end', 'security', 'full-stack', 'technical', 'support', 'software', 'growth', 'code', 'web', 'manager', 'financial', 'fintech', 'typescript', 'lead', 'junior', 'reliability', 'engineer', 'engineering', 'digital nomad']",70000,110000,2021,MI,FL,20000,USD,20000,IT,0,US,L
2025-05-15 10:00:03+00:00,Notabene,data engineer,,"['frontend', 'design', 'crypto', 'cryptocurrency', 'system', 'front-end', 'security', 'full-stack', 'technical', 'support', 'software', 'growth', 'code', 'web', 'manager', 'financial', 'fintech', 'typescript', 'lead', 'junior', 'reliability', 'engineer', 'engineering', 'digital nomad']",70000,110000,2021,MI,FT,48000,GBP,66022,HK,50,GB,S
2025-05-15 10:00:03+00:00,Notabene,data engineer,,"['frontend', 'design', 'crypto', 'cryptocurrency', 'system', 'front-end', 'security', 'full-stack', 'technical', 'support', 'software', 'growth', 'code', 'web', 'manager', 'financial', 'fintech', 'typescript', 'lead', 'junior', 'reliability', 'engineer', 'engineering', 'digital nomad']",70000,110000,2021,EN,FT,435000,INR,5882,IN,0,CH,L
2025-05-15 10:00:03+00:00,Notabene,data engineer,,"['frontend', 'design', 'crypto', 'cryptocurrency', 'system', 'front-end', 'security', 'full-stack', 'technical', 'support', 'software', 'growth', 'code', 'web', 'manager', 'financial', 'fintech', 'typescript', 'lead', 'junior', 'reliability', 'engineer', 'engineering', 'digital nomad']",70000,110000,2021,SE,FT,185000,USD,185000,US,100,US,L
2025-05-15 10:00:03+00:00,Notabene,data engineer,,"['frontend', 'design', 'crypto', 'cryptocurrency', 'system', 'front-end', 'security', 'full-stack', 'technical', 'support', 'software', 'growth', 'code', 'web', 'manager', 'financial', 'fintech', 'typescript', 'lead', 'junior', 'reliability', 'engineer', 'engineering', 'digital nomad']",70000,110000,2021,EN,PT,180000,DKK,28609,DK,50,DK,S
2025-05-15 10:00:03+00:00,Notabene,data engineer,,"['frontend', 'design', 'crypto', 'cryptocurrency', 'system', 'front-end', 'security', 'full-stack', 'technical', 'support', 'software', 'growth', 'code', 'web', 'manager', 'financial', 'fintech', 'typescript', 'lead', 'junior', 'reliability', 'engineer', 'engineering', 'digital nomad']",70000,110000,2021,EN,FT,1200000,INR,16228,IN,100,IN,L
2025-05-15 10:00:03+00:00,Notabene,data engineer,,"['frontend', 'design', 'crypto', 'cryptocurrency', 'system', 'front-end', 'security', 'full-stack', 'technical', 'support', 'software', 'growth', 'code', 'web', 'manager', 'financial', 'fintech', 'typescript', 'lead', 'junior', 'reliability', 'engineer', 'engineering', 'digital nomad']",70000,110000,2021,SE,FT,256000,USD,256000,US,100,US,S
2025-05-15 10:00:03+00:00,Notabene,data engineer,,"['frontend', 'design', 'crypto', 'cryptocurrency', 'system', 'front-end', 'security', 'full-stack', 'technical', 'support', 'software', 'growth', 'code', 'web', 'manager', 'financial', 'fintech', 'typescript', 'lead', 'junior', 'reliability', 'engineer', 'engineering', 'digital nomad']",70000,110000,2021,SE,FT,200000,USD,200000,US,100,US,L
2025-05-15 10:00:03+00:00,Notabene,data engineer,,"['frontend', 'design', 'crypto', 'cryptocurrency', 'system', 'front-end', 'security', 'full-stack', 'technical', 'support', 'software', 'growth', 'code', 'web', 'manager', 'financial', 'fintech', 'typescript', 'lead', 'junior', 'reliability', 'engineer', 'engineering', 'digital nomad']",70000,110000,2021,MI,FT,180000,USD,180000,US,100,US,L
2025-05-15 10:00:03+00:00,Notabene,data engineer,,"['frontend', 'design', 'crypto', 'cryptocurrency', 'system', 'front-end', 'security', 'full-stack', 'technical', 'support', 'software', 'growth', 'code', 'web', 'manager', 'financial', 'fintech', 'typescript', 'lead', 'junior', 'reliability', 'engineer', 'engineering', 'digital nomad']",70000,110000,2021,EN,FT,1600000,INR,21637,IN,50,IN,M
2025-05-15 10:00:03+00:00,Notabene,data engineer,,"['frontend', 'design', 'crypto', 'cryptocurrency', 'system', 'front-end', 'security', 'full-stack', 'technical', 'support', 'software', 'growth', 'code', 'web', 'manager', 'financial', 'fintech', 'typescript', 'lead', 'junior', 'reliability', 'engineer', 'engineering', 'digital nomad']",70000,110000,2021,MI,FT,110000,USD,110000,US,100,US,L
2025-05-15 10:00:03+00:00,Notabene,data engineer,,"['frontend', 'design', 'crypto', 'cryptocurrency', 'system', 'front-end', 'security', 'full-stack', 'technical', 'support', 'software', 'growth', 'code', 'web', 'manager', 'financial', 'fintech', 'typescript', 'lead', 'junior', 'reliability', 'engineer', 'engineering', 'digital nomad']",70000,110000,2021,MI,FT,52500,GBP,72212,GB,50,GB,L
2025-05-15 10:00:03+00:00,Notabene,data engineer,,"['frontend', 'design', 'crypto', 'cryptocurrency', 'system', 'front-end', 'security', 'full-stack', 'technical', 'support', 'software', 'growth', 'code', 'web', 'manager', 'financial', 'fintech', 'typescript', 'lead', 'junior', 'reliability', 'engineer', 'engineering', 'digital nomad']",70000,110000,2021,MI,FT,108000,TRY,12103,TR,0,TR,M
2025-05-15 10:00:03+00:00,Notabene,data engineer,,"['frontend', 'design', 'crypto', 'cryptocurrency', 'system', 'front-end', 'security', 'full-stack', 'technical', 'support', 'software', 'growth', 'code', 'web', 'manager', 'financial', 'fintech', 'typescript', 'lead', 'junior', 'reliability', 'engineer', 'engineering', 'digital nomad']",70000,110000,2021,SE,FT,70000,GBP,96282,GB,50,GB,L
2025-05-15 10:00:03+00:00,Notabene,data engineer,,"['frontend', 'design', 'crypto', 'cryptocurrency', 'system', 'front-end', 'security', 'full-stack', 'technical', 'support', 'software', 'growth', 'code', 'web', 'manager', 'financial', 'fintech', 'typescript', 'lead', 'junior', 'reliability', 'engineer', 'engineering', 'digital nomad']",70000,110000,2021,EX,FT,600000,USD,600000,US,100,US,L
2025-05-15 10:00:03+00:00,Notabene,data engineer,,"['frontend', 'design', 'crypto', 'cryptocurrency', 'system', 'front-end', 'security', 'full-stack', 'technical', 'support', 'software', 'growth', 'code', 'web', 'manager', 'financial', 'fintech', 'typescript', 'lead', 'junior', 'reliability', 'engineer', 'engineering', 'digital nomad']",70000,110000,2021,SE,FT,125000,CAD,99703,CA,50,CA,M
2025-05-15 10:00:03+00:00,Notabene,data engineer,,"['frontend', 'design', 'crypto', 'cryptocurrency', 'system', 'front-end', 'security', 'full-stack', 'technical', 'support', 'software', 'growth', 'code', 'web', 'manager', 'financial', 'fintech', 'typescript', 'lead', 'junior', 'reliability', 'engineer', 'engineering', 'digital nomad']",70000,110000,2021,MI,FT,200000,USD,200000,US,100,US,L
2025-05-15 10:00:03+00:00,Notabene,data engineer,,"['frontend', 'design', 'crypto', 'cryptocurrency', 'system', 'front-end', 'security', 'full-stack', 'technical', 'support', 'software', 'growth', 'code', 'web', 'manager', 'financial', 'fintech', 'typescript', 'lead', 'junior', 'reliability', 'engineer', 'engineering', 'digital nomad']",70000,110000,2021,SE,FT,160000,USD,160000,PR,50,US,S
2025-05-15 10:00:03+00:00,Notabene,data engineer,,"['frontend', 'design', 'crypto', 'cryptocurrency', 'system', 'front-end', 'security', 'full-stack', 'technical', 'support', 'software', 'growth', 'code', 'web', 'manager', 'financial', 'fintech', 'typescript', 'lead', 'junior', 'reliability', 'engineer', 'engineering', 'digital nomad']",70000,110000,2021,MI,FT,93150,USD,93150,US,0,US,M
2025-05-15 10:00:03+00:00,Notabene,data engineer,,"['frontend', 'design', 'crypto', 'cryptocurrency', 'system', 'front-end', 'security', 'full-stack', 'technical', 'support', 'software', 'growth', 'code', 'web', 'manager', 'financial', 'fintech', 'typescript', 'lead', 'junior', 'reliability', 'engineer', 'engineering', 'digital nomad']",70000,110000,2021,MI,FT,111775,USD,111775,US,0,US,M
2025-05-15 10:00:03+00:00,Notabene,data engineer,,"['frontend', 'design', 'crypto', 'cryptocurrency', 'system', 'front-end', 'security', 'full-stack', 'technical', 'support', 'software', 'growth', 'code', 'web', 'manager', 'financial', 'fintech', 'typescript', 'lead', 'junior', 'reliability', 'engineer', 'engineering', 'digital nomad']",70000,110000,2021,MI,FT,250000,TRY,28016,TR,100,TR,M
2025-05-15 10:00:03+00:00,Notabene,data engineer,,"['frontend', 'design', 'crypto', 'cryptocurrency', 'system', 'front-end', 'security', 'full-stack', 'technical', 'support', 'software', 'growth', 'code', 'web', 'manager', 'financial', 'fintech', 'typescript', 'lead', 'junior', 'reliability', 'engineer', 'engineering', 'digital nomad']",70000,110000,2021,EN,FT,55000,EUR,65013,DE,50,DE,M
2025-05-15 10:00:03+00:00,Notabene,data engineer,,"['frontend', 'design', 'crypto', 'cryptocurrency', 'system', 'front-end', 'security', 'full-stack', 'technical', 'support', 'software', 'growth', 'code', 'web', 'manager', 'financial', 'fintech', 'typescript', 'lead', 'junior', 'reliability', 'engineer', 'engineering', 'digital nomad']",70000,110000,2021,EN,FT,72500,USD,72500,US,100,US,L
2025-05-15 10:00:03+00:00,Notabene,data engineer,,"['frontend', 'design', 'crypto', 'cryptocurrency', 'system', 'front-end', 'security', 'full-stack', 'technical', 'support', 'software', 'growth', 'code', 'web', 'manager', 'financial', 'fintech', 'typescript', 'lead', 'junior', 'reliability', 'engineer', 'engineering', 'digital nomad']",70000,110000,2021,SE,FT,102000,BRL,18907,BR,0,BR,M
2025-05-15 10:00:03+00:00,Notabene,data engineer,,"['frontend', 'design', 'crypto', 'cryptocurrency', 'system', 'front-end', 'security', 'full-stack', 'technical', 'support', 'software', 'growth', 'code', 'web', 'manager', 'financial', 'fintech', 'typescript', 'lead', 'junior', 'reliability', 'engineer', 'engineering', 'digital nomad']",70000,110000,2021,MI,FT,112000,USD,112000,US,100,US,L
2025-05-15 10:00:03+00:00,Notabene,data engineer,,"['frontend', 'design', 'crypto', 'cryptocurrency', 'system', 'front-end', 'security', 'full-stack', 'technical', 'support', 'software', 'growth', 'code', 'web', 'manager', 'financial', 'fintech', 'typescript', 'lead', 'junior', 'reliability', 'engineer', 'engineering', 'digital nomad']",70000,110000,2021,MI,PT,59000,EUR,69741,NL,100,NL,L
2025-05-15 10:00:03+00:00,Notabene,data engineer,,"['frontend', 'design', 'crypto', 'cryptocurrency', 'system', 'front-end', 'security', 'full-stack', 'technical', 'support', 'software', 'growth', 'code', 'web', 'manager', 'financial', 'fintech', 'typescript', 'lead', 'junior', 'reliability', 'engineer', 'engineering', 'digital nomad']",70000,110000,2022,SE,FT,135000,USD,135000,US,100,US,M
2025-05-15 10:00:03+00:00,Notabene,data engineer,,"['frontend', 'design', 'crypto', 'cryptocurrency', 'system', 'front-end', 'security', 'full-stack', 'technical', 'support', 'software', 'growth', 'code', 'web', 'manager', 'financial', 'fintech', 'typescript', 'lead', 'junior', 'reliability', 'engineer', 'engineering', 'digital nomad']",70000,110000,2022,MI,FT,170000,USD,170000,US,100,US,M
2025-05-15 10:00:03+00:00,Notabene,data engineer,,"['frontend', 'design', 'crypto', 'cryptocurrency', 'system', 'front-end', 'security', 'full-stack', 'technical', 'support', 'software', 'growth', 'code', 'web', 'manager', 'financial', 'fintech', 'typescript', 'lead', 'junior', 'reliability', 'engineer', 'engineering', 'digital nomad']",70000,110000,2022,MI,FT,150000,USD,150000,US,100,US,M
2025-05-15 10:00:03+00:00,Notabene,data engineer,,"['frontend', 'design', 'crypto', 'cryptocurrency', 'system', 'front-end', 'security', 'full-stack', 'technical', 'support', 'software', 'growth', 'code', 'web', 'manager', 'financial', 'fintech', 'typescript', 'lead', 'junior', 'reliability', 'engineer', 'engineering', 'digital nomad']",70000,110000,2022,EN,FT,40000,GBP,52351,GB,100,GB,M
2025-05-15 10:00:03+00:00,Notabene,data engineer,,"['frontend', 'design', 'crypto', 'cryptocurrency', 'system', 'front-end', 'security', 'full-stack', 'technical', 'support', 'software', 'growth', 'code', 'web', 'manager', 'financial', 'fintech', 'typescript', 'lead', 'junior', 'reliability', 'engineer', 'engineering', 'digital nomad']",70000,110000,2022,EX,FT,242000,USD,242000,US,100,US,M
2025-05-15 10:00:03+00:00,Notabene,data engineer,,"['frontend', 'design', 'crypto', 'cryptocurrency', 'system', 'front-end', 'security', 'full-stack', 'technical', 'support', 'software', 'growth', 'code', 'web', 'manager', 'financial', 'fintech', 'typescript', 'lead', 'junior', 'reliability', 'engineer', 'engineering', 'digital nomad']",70000,110000,2022,EX,FT,200000,USD,200000,US,100,US,M
2025-05-15 10:00:03+00:00,Notabene,data engineer,,"['frontend', 'design', 'crypto', 'cryptocurrency', 'system', 'front-end', 'security', 'full-stack', 'technical', 'support', 'software', 'growth', 'code', 'web', 'manager', 'financial', 'fintech', 'typescript', 'lead', 'junior', 'reliability', 'engineer', 'engineering', 'digital nomad']",70000,110000,2022,MI,FT,60000,GBP,78526,GB,0,GB,M
2025-05-15 10:00:03+00:00,Notabene,data engineer,,"['frontend', 'design', 'crypto', 'cryptocurrency', 'system', 'front-end', 'security', 'full-stack', 'technical', 'support', 'software', 'growth', 'code', 'web', 'manager', 'financial', 'fintech', 'typescript', 'lead', 'junior', 'reliability', 'engineer', 'engineering', 'digital nomad']",70000,110000,2022,MI,FT,40000,GBP,52351,GB,0,GB,M
2025-05-15 10:00:03+00:00,Notabene,data engineer,,"['frontend', 'design', 'crypto', 'cryptocurrency', 'system', 'front-end', 'security', 'full-stack', 'technical', 'support', 'software', 'growth', 'code', 'web', 'manager', 'financial', 'fintech', 'typescript', 'lead', 'junior', 'reliability', 'engineer', 'engineering', 'digital nomad']",70000,110000,2022,EN,FT,35000,GBP,45807,GB,100,GB,M
2025-05-15 10:00:03+00:00,Notabene,data engineer,,"['frontend', 'design', 'crypto', 'cryptocurrency', 'system', 'front-end', 'security', 'full-stack', 'technical', 'support', 'software', 'growth', 'code', 'web', 'manager', 'financial', 'fintech', 'typescript', 'lead', 'junior', 'reliability', 'engineer', 'engineering', 'digital nomad']",70000,110000,2022,SE,FT,181940,USD,181940,US,0,US,M
2025-05-15 10:00:03+00:00,Notabene,data engineer,,"['frontend', 'design', 'crypto', 'cryptocurrency', 'system', 'front-end', 'security', 'full-stack', 'technical', 'support', 'software', 'growth', 'code', 'web', 'manager', 'financial', 'fintech', 'typescript', 'lead', 'junior', 'reliability', 'engineer', 'engineering', 'digital nomad']",70000,110000,2022,SE,FT,132320,USD,132320,US,0,US,M
2025-05-15 10:00:03+00:00,Notabene,data engineer,,"['frontend', 'design', 'crypto', 'cryptocurrency', 'system', 'front-end', 'security', 'full-stack', 'technical', 'support', 'software', 'growth', 'code', 'web', 'manager', 'financial', 'fintech', 'typescript', 'lead', 'junior', 'reliability', 'engineer', 'engineering', 'digital nomad']",70000,110000,2022,SE,FT,220110,USD,220110,US,0,US,M
2025-05-15 10:00:03+00:00,Notabene,data engineer,,"['frontend', 'design', 'crypto', 'cryptocurrency', 'system', 'front-end', 'security', 'full-stack', 'technical', 'support', 'software', 'growth', 'code', 'web', 'manager', 'financial', 'fintech', 'typescript', 'lead', 'junior', 'reliability', 'engineer', 'engineering', 'digital nomad']",70000,110000,2022,SE,FT,160080,USD,160080,US,0,US,M
2025-05-15 10:00:03+00:00,Notabene,data engineer,,"['frontend', 'design', 'crypto', 'cryptocurrency', 'system', 'front-end', 'security', 'full-stack', 'technical', 'support', 'software', 'growth', 'code', 'web', 'manager', 'financial', 'fintech', 'typescript', 'lead', 'junior', 'reliability', 'engineer', 'engineering', 'digital nomad']",70000,110000,2022,SE,FT,165400,USD,165400,US,100,US,M
2025-05-15 10:00:03+00:00,Notabene,data engineer,,"['frontend', 'design', 'crypto', 'cryptocurrency', 'system', 'front-end', 'security', 'full-stack', 'technical', 'support', 'software', 'growth', 'code', 'web', 'manager', 'financial', 'fintech', 'typescript', 'lead', 'junior', 'reliability', 'engineer', 'engineering', 'digital nomad']",70000,110000,2022,SE,FT,132320,USD,132320,US,100,US,M
2025-05-15 10:00:03+00:00,Notabene,data engineer,,"['frontend', 'design', 'crypto', 'cryptocurrency', 'system', 'front-end', 'security', 'full-stack', 'technical', 'support', 'software', 'growth', 'code', 'web', 'manager', 'financial', 'fintech', 'typescript', 'lead', 'junior', 'reliability', 'engineer', 'engineering', 'digital nomad']",70000,110000,2022,SE,FT,243900,USD,243900,US,100,US,M
2025-05-15 10:00:03+00:00,Notabene,data engineer,,"['frontend', 'design', 'crypto', 'cryptocurrency', 'system', 'front-end', 'security', 'full-stack', 'technical', 'support', 'software', 'growth', 'code', 'web', 'manager', 'financial', 'fintech', 'typescript', 'lead', 'junior', 'reliability', 'engineer', 'engineering', 'digital nomad']",70000,110000,2022,SE,FT,128875,USD,128875,US,100,US,M
2025-05-15 10:00:03+00:00,Notabene,data engineer,,"['frontend', 'design', 'crypto', 'cryptocurrency', 'system', 'front-end', 'security', 'full-stack', 'technical', 'support', 'software', 'growth', 'code', 'web', 'manager', 'financial', 'fintech', 'typescript', 'lead', 'junior', 'reliability', 'engineer', 'engineering', 'digital nomad']",70000,110000,2022,SE,FT,93700,USD,93700,US,100,US,M
2025-05-15 10:00:03+00:00,Notabene,data engineer,,"['frontend', 'design', 'crypto', 'cryptocurrency', 'system', 'front-end', 'security', 'full-stack', 'technical', 'support', 'software', 'growth', 'code', 'web', 'manager', 'financial', 'fintech', 'typescript', 'lead', 'junior', 'reliability', 'engineer', 'engineering', 'digital nomad']",70000,110000,2022,SE,FT,156600,USD,156600,US,100,US,M
2025-05-15 10:00:03+00:00,Notabene,data engineer,,"['frontend', 'design', 'crypto', 'cryptocurrency', 'system', 'front-end', 'security', 'full-stack', 'technical', 'support', 'software', 'growth', 'code', 'web', 'manager', 'financial', 'fintech', 'typescript', 'lead', 'junior', 'reliability', 'engineer', 'engineering', 'digital nomad']",70000,110000,2022,SE,FT,108800,USD,108800,US,0,US,M
2025-05-15 10:00:03+00:00,Notabene,data engineer,,"['frontend', 'design', 'crypto', 'cryptocurrency', 'system', 'front-end', 'security', 'full-stack', 'technical', 'support', 'software', 'growth', 'code', 'web', 'manager', 'financial', 'fintech', 'typescript', 'lead', 'junior', 'reliability', 'engineer', 'engineering', 'digital nomad']",70000,110000,2022,SE,FT,113000,USD,113000,US,0,US,L
2025-05-15 10:00:03+00:00,Notabene,data engineer,,"['frontend', 'design', 'crypto', 'cryptocurrency', 'system', 'front-end', 'security', 'full-stack', 'technical', 'support', 'software', 'growth', 'code', 'web', 'manager', 'financial', 'fintech', 'typescript', 'lead', 'junior', 'reliability', 'engineer', 'engineering', 'digital nomad']",70000,110000,2022,SE,FT,60000,GBP,78526,GB,0,GB,M
2025-05-15 10:00:03+00:00,Notabene,data engineer,,"['frontend', 'design', 'crypto', 'cryptocurrency', 'system', 'front-end', 'security', 'full-stack', 'technical', 'support', 'software', 'growth', 'code', 'web', 'manager', 'financial', 'fintech', 'typescript', 'lead', 'junior', 'reliability', 'engineer', 'engineering', 'digital nomad']",70000,110000,2022,SE,FT,50000,GBP,65438,GB,0,GB,M
2025-05-15 10:00:03+00:00,Notabene,data engineer,,"['frontend', 'design', 'crypto', 'cryptocurrency', 'system', 'front-end', 'security', 'full-stack', 'technical', 'support', 'software', 'growth', 'code', 'web', 'manager', 'financial', 'fintech', 'typescript', 'lead', 'junior', 'reliability', 'engineer', 'engineering', 'digital nomad']",70000,110000,2022,SE,FT,192400,USD,192400,CA,100,CA,M
2025-05-15 10:00:03+00:00,Notabene,data engineer,,"['frontend', 'design', 'crypto', 'cryptocurrency', 'system', 'front-end', 'security', 'full-stack', 'technical', 'support', 'software', 'growth', 'code', 'web', 'manager', 'financial', 'fintech', 'typescript', 'lead', 'junior', 'reliability', 'engineer', 'engineering', 'digital nomad']",70000,110000,2022,SE,FT,90700,USD,90700,CA,100,CA,M
2025-05-15 10:00:03+00:00,Notabene,data engineer,,"['frontend', 'design', 'crypto', 'cryptocurrency', 'system', 'front-end', 'security', 'full-stack', 'technical', 'support', 'software', 'growth', 'code', 'web', 'manager', 'financial', 'fintech', 'typescript', 'lead', 'junior', 'reliability', 'engineer', 'engineering', 'digital nomad']",70000,110000,2022,SE,FT,160000,USD,160000,US,0,US,L
2025-05-15 10:00:03+00:00,Notabene,data engineer,,"['frontend', 'design', 'crypto', 'cryptocurrency', 'system', 'front-end', 'security', 'full-stack', 'technical', 'support', 'software', 'growth', 'code', 'web', 'manager', 'financial', 'fintech', 'typescript', 'lead', 'junior', 'reliability', 'engineer', 'engineering', 'digital nomad']",70000,110000,2022,SE,FT,136000,USD,136000,US,0,US,M
2025-05-15 10:00:03+00:00,Notabene,data engineer,,"['frontend', 'design', 'crypto', 'cryptocurrency', 'system', 'front-end', 'security', 'full-stack', 'technical', 'support', 'software', 'growth', 'code', 'web', 'manager', 'financial', 'fintech', 'typescript', 'lead', 'junior', 'reliability', 'engineer', 'engineering', 'digital nomad']",70000,110000,2022,MI,FT,50000,EUR,54957,GR,0,GR,M
2025-05-15 10:00:03+00:00,Notabene,data engineer,,"['frontend', 'design', 'crypto', 'cryptocurrency', 'system', 'front-end', 'security', 'full-stack', 'technical', 'support', 'software', 'growth', 'code', 'web', 'manager', 'financial', 'fintech', 'typescript', 'lead', 'junior', 'reliability', 'engineer', 'engineering', 'digital nomad']",70000,110000,2022,MI,FT,50000,EUR,54957,GR,0,GR,M
2025-05-15 10:00:03+00:00,Notabene,data engineer,,"['frontend', 'design', 'crypto', 'cryptocurrency', 'system', 'front-end', 'security', 'full-stack', 'technical', 'support', 'software', 'growth', 'code', 'web', 'manager', 'financial', 'fintech', 'typescript', 'lead', 'junior', 'reliability', 'engineer', 'engineering', 'digital nomad']",70000,110000,2022,EX,FT,150000,CAD,118187,CA,100,CA,S
2025-05-15 10:00:03+00:00,Notabene,data engineer,,"['frontend', 'design', 'crypto', 'cryptocurrency', 'system', 'front-end', 'security', 'full-stack', 'technical', 'support', 'software', 'growth', 'code', 'web', 'manager', 'financial', 'fintech', 'typescript', 'lead', 'junior', 'reliability', 'engineer', 'engineering', 'digital nomad']",70000,110000,2022,SE,FT,165400,USD,165400,US,100,US,M
2025-05-15 10:00:03+00:00,Notabene,data engineer,,"['frontend', 'design', 'crypto', 'cryptocurrency', 'system', 'front-end', 'security', 'full-stack', 'technical', 'support', 'software', 'growth', 'code', 'web', 'manager', 'financial', 'fintech', 'typescript', 'lead', 'junior', 'reliability', 'engineer', 'engineering', 'digital nomad']",70000,110000,2022,SE,FT,208775,USD,208775,US,100,US,M
2025-05-15 10:00:03+00:00,Notabene,data engineer,,"['frontend', 'design', 'crypto', 'cryptocurrency', 'system', 'front-end', 'security', 'full-stack', 'technical', 'support', 'software', 'growth', 'code', 'web', 'manager', 'financial', 'fintech', 'typescript', 'lead', 'junior', 'reliability', 'engineer', 'engineering', 'digital nomad']",70000,110000,2022,SE,FT,147800,USD,147800,US,100,US,M
2025-05-15 10:00:03+00:00,Notabene,data engineer,,"['frontend', 'design', 'crypto', 'cryptocurrency', 'system', 'front-end', 'security', 'full-stack', 'technical', 'support', 'software', 'growth', 'code', 'web', 'manager', 'financial', 'fintech', 'typescript', 'lead', 'junior', 'reliability', 'engineer', 'engineering', 'digital nomad']",70000,110000,2022,SE,FT,136994,USD,136994,US,100,US,M
2025-05-15 10:00:03+00:00,Notabene,data engineer,,"['frontend', 'design', 'crypto', 'cryptocurrency', 'system', 'front-end', 'security', 'full-stack', 'technical', 'support', 'software', 'growth', 'code', 'web', 'manager', 'financial', 'fintech', 'typescript', 'lead', 'junior', 'reliability', 'engineer', 'engineering', 'digital nomad']",70000,110000,2022,SE,FT,101570,USD,101570,US,100,US,M
2025-05-15 10:00:03+00:00,Notabene,data engineer,,"['frontend', 'design', 'crypto', 'cryptocurrency', 'system', 'front-end', 'security', 'full-stack', 'technical', 'support', 'software', 'growth', 'code', 'web', 'manager', 'financial', 'fintech', 'typescript', 'lead', 'junior', 'reliability', 'engineer', 'engineering', 'digital nomad']",70000,110000,2022,SE,FT,132320,USD,132320,US,100,US,M
2025-05-15 10:00:03+00:00,Notabene,data engineer,,"['frontend', 'design', 'crypto', 'cryptocurrency', 'system', 'front-end', 'security', 'full-stack', 'technical', 'support', 'software', 'growth', 'code', 'web', 'manager', 'financial', 'fintech', 'typescript', 'lead', 'junior', 'reliability', 'engineer', 'engineering', 'digital nomad']",70000,110000,2022,SE,FT,155000,USD,155000,US,100,US,M
2025-05-15 10:00:03+00:00,Notabene,data engineer,,"['frontend', 'design', 'crypto', 'cryptocurrency', 'system', 'front-end', 'security', 'full-stack', 'technical', 'support', 'software', 'growth', 'code', 'web', 'manager', 'financial', 'fintech', 'typescript', 'lead', 'junior', 'reliability', 'engineer', 'engineering', 'digital nomad']",70000,110000,2022,MI,FT,90000,GBP,117789,GB,0,GB,M
2025-05-15 10:00:03+00:00,Notabene,data engineer,,"['frontend', 'design', 'crypto', 'cryptocurrency', 'system', 'front-end', 'security', 'full-stack', 'technical', 'support', 'software', 'growth', 'code', 'web', 'manager', 'financial', 'fintech', 'typescript', 'lead', 'junior', 'reliability', 'engineer', 'engineering', 'digital nomad']",70000,110000,2022,SE,FT,209100,USD,209100,US,100,US,L
2025-05-15 10:00:03+00:00,Notabene,data engineer,,"['frontend', 'design', 'crypto', 'cryptocurrency', 'system', 'front-end', 'security', 'full-stack', 'technical', 'support', 'software', 'growth', 'code', 'web', 'manager', 'financial', 'fintech', 'typescript', 'lead', 'junior', 'reliability', 'engineer', 'engineering', 'digital nomad']",70000,110000,2022,SE,FT,154600,USD,154600,US,100,US,L
2025-05-15 10:00:03+00:00,Notabene,data engineer,,"['frontend', 'design', 'crypto', 'cryptocurrency', 'system', 'front-end', 'security', 'full-stack', 'technical', 'support', 'software', 'growth', 'code', 'web', 'manager', 'financial', 'fintech', 'typescript', 'lead', 'junior', 'reliability', 'engineer', 'engineering', 'digital nomad']",70000,110000,2022,SE,FT,175000,USD,175000,US,100,US,M
2025-05-15 10:00:03+00:00,Notabene,data engineer,,"['frontend', 'design', 'crypto', 'cryptocurrency', 'system', 'front-end', 'security', 'full-stack', 'technical', 'support', 'software', 'growth', 'code', 'web', 'manager', 'financial', 'fintech', 'typescript', 'lead', 'junior', 'reliability', 'engineer', 'engineering', 'digital nomad']",70000,110000,2022,MI,FT,75000,GBP,98158,GB,0,GB,M
2025-05-15 10:00:03+00:00,Notabene,data engineer,,"['frontend', 'design', 'crypto', 'cryptocurrency', 'system', 'front-end', 'security', 'full-stack', 'technical', 'support', 'software', 'growth', 'code', 'web', 'manager', 'financial', 'fintech', 'typescript', 'lead', 'junior', 'reliability', 'engineer', 'engineering', 'digital nomad']",70000,110000,2022,SE,FT,183600,USD,183600,US,100,US,L
2025-05-15 10:00:03+00:00,Notabene,data engineer,,"['frontend', 'design', 'crypto', 'cryptocurrency', 'system', 'front-end', 'security', 'full-stack', 'technical', 'support', 'software', 'growth', 'code', 'web', 'manager', 'financial', 'fintech', 'typescript', 'lead', 'junior', 'reliability', 'engineer', 'engineering', 'digital nomad']",70000,110000,2022,MI,FT,60000,EUR,65949,GR,100,GR,M
2025-05-15 10:00:03+00:00,Notabene,data engineer,,"['frontend', 'design', 'crypto', 'cryptocurrency', 'system', 'front-end', 'security', 'full-stack', 'technical', 'support', 'software', 'growth', 'code', 'web', 'manager', 'financial', 'fintech', 'typescript', 'lead', 'junior', 'reliability', 'engineer', 'engineering', 'digital nomad']",70000,110000,2022,MI,FT,45000,EUR,49461,GR,100,GR,M
2025-05-15 10:00:03+00:00,Notabene,data engineer,,"['frontend', 'design', 'crypto', 'cryptocurrency', 'system', 'front-end', 'security', 'full-stack', 'technical', 'support', 'software', 'growth', 'code', 'web', 'manager', 'financial', 'fintech', 'typescript', 'lead', 'junior', 'reliability', 'engineer', 'engineering', 'digital nomad']",70000,110000,2022,MI,FT,60000,GBP,78526,GB,100,GB,M
2025-05-15 10:00:03+00:00,Notabene,data engineer,,"['frontend', 'design', 'crypto', 'cryptocurrency', 'system', 'front-end', 'security', 'full-stack', 'technical', 'support', 'software', 'growth', 'code', 'web', 'manager', 'financial', 'fintech', 'typescript', 'lead', 'junior', 'reliability', 'engineer', 'engineering', 'digital nomad']",70000,110000,2022,MI,FT,45000,GBP,58894,GB,100,GB,M
2025-05-15 10:00:03+00:00,Notabene,data engineer,,"['frontend', 'design', 'crypto', 'cryptocurrency', 'system', 'front-end', 'security', 'full-stack', 'technical', 'support', 'software', 'growth', 'code', 'web', 'manager', 'financial', 'fintech', 'typescript', 'lead', 'junior', 'reliability', 'engineer', 'engineering', 'digital nomad']",70000,110000,2022,SE,FT,60000,USD,60000,AR,100,MX,L
2025-05-15 10:00:03+00:00,Notabene,data engineer,,"['frontend', 'design', 'crypto', 'cryptocurrency', 'system', 'front-end', 'security', 'full-stack', 'technical', 'support', 'software', 'growth', 'code', 'web', 'manager', 'financial', 'fintech', 'typescript', 'lead', 'junior', 'reliability', 'engineer', 'engineering', 'digital nomad']",70000,110000,2022,MI,FT,63900,USD,63900,US,0,US,M
2025-05-15 10:00:03+00:00,Notabene,data engineer,,"['frontend', 'design', 'crypto', 'cryptocurrency', 'system', 'front-end', 'security', 'full-stack', 'technical', 'support', 'software', 'growth', 'code', 'web', 'manager', 'financial', 'fintech', 'typescript', 'lead', 'junior', 'reliability', 'engineer', 'engineering', 'digital nomad']",70000,110000,2022,MI,FT,82900,USD,82900,US,0,US,M
2025-05-15 10:00:03+00:00,Notabene,data engineer,,"['frontend', 'design', 'crypto', 'cryptocurrency', 'system', 'front-end', 'security', 'full-stack', 'technical', 'support', 'software', 'growth', 'code', 'web', 'manager', 'financial', 'fintech', 'typescript', 'lead', 'junior', 'reliability', 'engineer', 'engineering', 'digital nomad']",70000,110000,2022,SE,FT,100800,USD,100800,US,100,US,L
2025-05-15 10:00:03+00:00,Notabene,data engineer,,"['frontend', 'design', 'crypto', 'cryptocurrency', 'system', 'front-end', 'security', 'full-stack', 'technical', 'support', 'software', 'growth', 'code', 'web', 'manager', 'financial', 'fintech', 'typescript', 'lead', 'junior', 'reliability', 'engineer', 'engineering', 'digital nomad']",70000,110000,2022,MI,FT,45000,EUR,49461,ES,100,ES,M
2025-05-15 10:00:03+00:00,Notabene,data engineer,,"['frontend', 'design', 'crypto', 'cryptocurrency', 'system', 'front-end', 'security', 'full-stack', 'technical', 'support', 'software', 'growth', 'code', 'web', 'manager', 'financial', 'fintech', 'typescript', 'lead', 'junior', 'reliability', 'engineer', 'engineering', 'digital nomad']",70000,110000,2022,MI,FT,80000,EUR,87932,ES,100,ES,M
2025-05-15 10:00:03+00:00,Notabene,data engineer,,"['frontend', 'design', 'crypto', 'cryptocurrency', 'system', 'front-end', 'security', 'full-stack', 'technical', 'support', 'software', 'growth', 'code', 'web', 'manager', 'financial', 'fintech', 'typescript', 'lead', 'junior', 'reliability', 'engineer', 'engineering', 'digital nomad']",70000,110000,2022,MI,FT,70000,EUR,76940,ES,100,ES,M
2025-05-15 10:00:03+00:00,Notabene,data engineer,,"['frontend', 'design', 'crypto', 'cryptocurrency', 'system', 'front-end', 'security', 'full-stack', 'technical', 'support', 'software', 'growth', 'code', 'web', 'manager', 'financial', 'fintech', 'typescript', 'lead', 'junior', 'reliability', 'engineer', 'engineering', 'digital nomad']",70000,110000,2022,MI,FT,80000,GBP,104702,GB,100,GB,M
2025-05-15 10:00:03+00:00,Notabene,data engineer,,"['frontend', 'design', 'crypto', 'cryptocurrency', 'system', 'front-end', 'security', 'full-stack', 'technical', 'support', 'software', 'growth', 'code', 'web', 'manager', 'financial', 'fintech', 'typescript', 'lead', 'junior', 'reliability', 'engineer', 'engineering', 'digital nomad']",70000,110000,2022,MI,FT,70000,GBP,91614,GB,100,GB,M
2025-05-15 10:00:03+00:00,Notabene,data engineer,,"['frontend', 'design', 'crypto', 'cryptocurrency', 'system', 'front-end', 'security', 'full-stack', 'technical', 'support', 'software', 'growth', 'code', 'web', 'manager', 'financial', 'fintech', 'typescript', 'lead', 'junior', 'reliability', 'engineer', 'engineering', 'digital nomad']",70000,110000,2022,MI,FT,60000,EUR,65949,ES,100,ES,M
2025-05-15 10:00:03+00:00,Notabene,data engineer,,"['frontend', 'design', 'crypto', 'cryptocurrency', 'system', 'front-end', 'security', 'full-stack', 'technical', 'support', 'software', 'growth', 'code', 'web', 'manager', 'financial', 'fintech', 'typescript', 'lead', 'junior', 'reliability', 'engineer', 'engineering', 'digital nomad']",70000,110000,2022,MI,FT,80000,EUR,87932,GR,100,GR,M
2025-05-15 10:00:03+00:00,Notabene,data engineer,,"['frontend', 'design', 'crypto', 'cryptocurrency', 'system', 'front-end', 'security', 'full-stack', 'technical', 'support', 'software', 'growth', 'code', 'web', 'manager', 'financial', 'fintech', 'typescript', 'lead', 'junior', 'reliability', 'engineer', 'engineering', 'digital nomad']",70000,110000,2022,MI,FT,75000,GBP,98158,GB,100,GB,M
2025-05-15 10:00:03+00:00,Notabene,data engineer,,"['frontend', 'design', 'crypto', 'cryptocurrency', 'system', 'front-end', 'security', 'full-stack', 'technical', 'support', 'software', 'growth', 'code', 'web', 'manager', 'financial', 'fintech', 'typescript', 'lead', 'junior', 'reliability', 'engineer', 'engineering', 'digital nomad']",70000,110000,2022,MI,FT,60000,GBP,78526,GB,100,GB,M
2025-05-15 10:00:03+00:00,Notabene,data engineer,,"['frontend', 'design', 'crypto', 'cryptocurrency', 'system', 'front-end', 'security', 'full-stack', 'technical', 'support', 'software', 'growth', 'code', 'web', 'manager', 'financial', 'fintech', 'typescript', 'lead', 'junior', 'reliability', 'engineer', 'engineering', 'digital nomad']",70000,110000,2022,MI,FT,70000,EUR,76940,GR,100,GR,M
2025-05-15 10:00:03+00:00,Notabene,data engineer,,"['frontend', 'design', 'crypto', 'cryptocurrency', 'system', 'front-end', 'security', 'full-stack', 'technical', 'support', 'software', 'growth', 'code', 'web', 'manager', 'financial', 'fintech', 'typescript', 'lead', 'junior', 'reliability', 'engineer', 'engineering', 'digital nomad']",70000,110000,2022,SE,FT,209100,USD,209100,US,100,US,L
2025-05-15 10:00:03+00:00,Notabene,data engineer,,"['frontend', 'design', 'crypto', 'cryptocurrency', 'system', 'front-end', 'security', 'full-stack', 'technical', 'support', 'software', 'growth', 'code', 'web', 'manager', 'financial', 'fintech', 'typescript', 'lead', 'junior', 'reliability', 'engineer', 'engineering', 'digital nomad']",70000,110000,2022,SE,FT,154600,USD,154600,US,100,US,L
2025-05-15 10:00:03+00:00,Notabene,data engineer,,"['frontend', 'design', 'crypto', 'cryptocurrency', 'system', 'front-end', 'security', 'full-stack', 'technical', 'support', 'software', 'growth', 'code', 'web', 'manager', 'financial', 'fintech', 'typescript', 'lead', 'junior', 'reliability', 'engineer', 'engineering', 'digital nomad']",70000,110000,2022,SE,FT,180000,USD,180000,US,100,US,M
2025-05-15 10:00:03+00:00,Notabene,data engineer,,"['frontend', 'design', 'crypto', 'cryptocurrency', 'system', 'front-end', 'security', 'full-stack', 'technical', 'support', 'software', 'growth', 'code', 'web', 'manager', 'financial', 'fintech', 'typescript', 'lead', 'junior', 'reliability', 'engineer', 'engineering', 'digital nomad']",70000,110000,2022,EN,FT,20000,EUR,21983,PT,100,PT,L
2025-05-15 10:00:03+00:00,Notabene,data engineer,,"['frontend', 'design', 'crypto', 'cryptocurrency', 'system', 'front-end', 'security', 'full-stack', 'technical', 'support', 'software', 'growth', 'code', 'web', 'manager', 'financial', 'fintech', 'typescript', 'lead', 'junior', 'reliability', 'engineer', 'engineering', 'digital nomad']",70000,110000,2022,SE,FT,80000,USD,80000,US,100,US,M
2025-05-15 10:00:03+00:00,Notabene,data engineer,,"['frontend', 'design', 'crypto', 'cryptocurrency', 'system', 'front-end', 'security', 'full-stack', 'technical', 'support', 'software', 'growth', 'code', 'web', 'manager', 'financial', 'fintech', 'typescript', 'lead', 'junior', 'reliability', 'engineer', 'engineering', 'digital nomad']",70000,110000,2022,EN,FT,125000,USD,125000,US,0,US,M
2025-05-15 10:00:03+00:00,Notabene,data engineer,,"['frontend', 'design', 'crypto', 'cryptocurrency', 'system', 'front-end', 'security', 'full-stack', 'technical', 'support', 'software', 'growth', 'code', 'web', 'manager', 'financial', 'fintech', 'typescript', 'lead', 'junior', 'reliability', 'engineer', 'engineering', 'digital nomad']",70000,110000,2022,MI,FT,240000,CNY,37236,US,50,US,L
2025-05-15 10:00:03+00:00,Notabene,data engineer,,"['frontend', 'design', 'crypto', 'cryptocurrency', 'system', 'front-end', 'security', 'full-stack', 'technical', 'support', 'software', 'growth', 'code', 'web', 'manager', 'financial', 'fintech', 'typescript', 'lead', 'junior', 'reliability', 'engineer', 'engineering', 'digital nomad']",70000,110000,2022,SE,FT,105000,USD,105000,US,100,US,M
2025-05-15 10:00:03+00:00,Notabene,data engineer,,"['frontend', 'design', 'crypto', 'cryptocurrency', 'system', 'front-end', 'security', 'full-stack', 'technical', 'support', 'software', 'growth', 'code', 'web', 'manager', 'financial', 'fintech', 'typescript', 'lead', 'junior', 'reliability', 'engineer', 'engineering', 'digital nomad']",70000,110000,2022,MI,PT,50000,EUR,54957,DE,50,DE,L
2025-05-15 10:00:03+00:00,Notabene,data engineer,,"['frontend', 'design', 'crypto', 'cryptocurrency', 'system', 'front-end', 'security', 'full-stack', 'technical', 'support', 'software', 'growth', 'code', 'web', 'manager', 'financial', 'fintech', 'typescript', 'lead', 'junior', 'reliability', 'engineer', 'engineering', 'digital nomad']",70000,110000,2022,EN,FT,120000,USD,120000,US,100,US,M
2025-05-15 10:00:03+00:00,Notabene,data engineer,,"['frontend', 'design', 'crypto', 'cryptocurrency', 'system', 'front-end', 'security', 'full-stack', 'technical', 'support', 'software', 'growth', 'code', 'web', 'manager', 'financial', 'fintech', 'typescript', 'lead', 'junior', 'reliability', 'engineer', 'engineering', 'digital nomad']",70000,110000,2022,SE,FT,100000,USD,100000,US,100,US,M
2025-05-15 10:00:03+00:00,Notabene,data engineer,,"['frontend', 'design', 'crypto', 'cryptocurrency', 'system', 'front-end', 'security', 'full-stack', 'technical', 'support', 'software', 'growth', 'code', 'web', 'manager', 'financial', 'fintech', 'typescript', 'lead', 'junior', 'reliability', 'engineer', 'engineering', 'digital nomad']",70000,110000,2022,EX,FT,324000,USD,324000,US,100,US,M
2025-05-15 10:00:03+00:00,Notabene,data engineer,,"['frontend', 'design', 'crypto', 'cryptocurrency', 'system', 'front-end', 'security', 'full-stack', 'technical', 'support', 'software', 'growth', 'code', 'web', 'manager', 'financial', 'fintech', 'typescript', 'lead', 'junior', 'reliability', 'engineer', 'engineering', 'digital nomad']",70000,110000,2022,EX,FT,216000,USD,216000,US,100,US,M
2025-05-15 10:00:03+00:00,Notabene,data engineer,,"['frontend', 'design', 'crypto', 'cryptocurrency', 'system', 'front-end', 'security', 'full-stack', 'technical', 'support', 'software', 'growth', 'code', 'web', 'manager', 'financial', 'fintech', 'typescript', 'lead', 'junior', 'reliability', 'engineer', 'engineering', 'digital nomad']",70000,110000,2022,SE,FT,210000,USD,210000,US,100,US,M
2025-05-15 10:00:03+00:00,Notabene,data engineer,,"['frontend', 'design', 'crypto', 'cryptocurrency', 'system', 'front-end', 'security', 'full-stack', 'technical', 'support', 'software', 'growth', 'code', 'web', 'manager', 'financial', 'fintech', 'typescript', 'lead', 'junior', 'reliability', 'engineer', 'engineering', 'digital nomad']",70000,110000,2022,EN,FT,52800,EUR,58035,PK,100,DE,M
2025-05-15 10:00:03+00:00,Notabene,data engineer,,"['frontend', 'design', 'crypto', 'cryptocurrency', 'system', 'front-end', 'security', 'full-stack', 'technical', 'support', 'software', 'growth', 'code', 'web', 'manager', 'financial', 'fintech', 'typescript', 'lead', 'junior', 'reliability', 'engineer', 'engineering', 'digital nomad']",70000,110000,2022,SE,FT,115000,USD,115000,US,100,US,M
2025-05-15 10:00:03+00:00,Notabene,data engineer,,"['frontend', 'design', 'crypto', 'cryptocurrency', 'system', 'front-end', 'security', 'full-stack', 'technical', 'support', 'software', 'growth', 'code', 'web', 'manager', 'financial', 'fintech', 'typescript', 'lead', 'junior', 'reliability', 'engineer', 'engineering', 'digital nomad']",70000,110000,2022,EN,FT,150000,USD,150000,AU,100,AU,S
2025-05-15 10:00:03+00:00,Notabene,data engineer,,"['frontend', 'design', 'crypto', 'cryptocurrency', 'system', 'front-end', 'security', 'full-stack', 'technical', 'support', 'software', 'growth', 'code', 'web', 'manager', 'financial', 'fintech', 'typescript', 'lead', 'junior', 'reliability', 'engineer', 'engineering', 'digital nomad']",70000,110000,2022,EN,FT,65000,USD,65000,US,100,US,S
2025-05-15 10:00:03+00:00,Notabene,data engineer,,"['frontend', 'design', 'crypto', 'cryptocurrency', 'system', 'front-end', 'security', 'full-stack', 'technical', 'support', 'software', 'growth', 'code', 'web', 'manager', 'financial', 'fintech', 'typescript', 'lead', 'junior', 'reliability', 'engineer', 'engineering', 'digital nomad']",70000,110000,2022,MI,FT,62000,EUR,68147,FR,100,FR,M
2025-05-15 10:00:03+00:00,Notabene,data engineer,,"['frontend', 'design', 'crypto', 'cryptocurrency', 'system', 'front-end', 'security', 'full-stack', 'technical', 'support', 'software', 'growth', 'code', 'web', 'manager', 'financial', 'fintech', 'typescript', 'lead', 'junior', 'reliability', 'engineer', 'engineering', 'digital nomad']",70000,110000,2022,EN,FT,10000,USD,10000,PT,100,LU,M
2025-05-15 10:00:03+00:00,Notabene,data engineer,,"['frontend', 'design', 'crypto', 'cryptocurrency', 'system', 'front-end', 'security', 'full-stack', 'technical', 'support', 'software', 'growth', 'code', 'web', 'manager', 'financial', 'fintech', 'typescript', 'lead', 'junior', 'reliability', 'engineer', 'engineering', 'digital nomad']",70000,110000,2022,SE,FT,266400,USD,266400,US,100,US,M
2025-05-15 10:00:03+00:00,Notabene,data engineer,,"['frontend', 'design', 'crypto', 'cryptocurrency', 'system', 'front-end', 'security', 'full-stack', 'technical', 'support', 'software', 'growth', 'code', 'web', 'manager', 'financial', 'fintech', 'typescript', 'lead', 'junior', 'reliability', 'engineer', 'engineering', 'digital nomad']",70000,110000,2022,SE,FT,213120,USD,213120,US,100,US,M
2025-05-15 10:00:03+00:00,Notabene,data engineer,,"['frontend', 'design', 'crypto', 'cryptocurrency', 'system', 'front-end', 'security', 'full-stack', 'technical', 'support', 'software', 'growth', 'code', 'web', 'manager', 'financial', 'fintech', 'typescript', 'lead', 'junior', 'reliability', 'engineer', 'engineering', 'digital nomad']",70000,110000,2022,SE,FT,155000,USD,155000,US,100,US,M
2025-05-15 10:00:03+00:00,Notabene,data engineer,,"['frontend', 'design', 'crypto', 'cryptocurrency', 'system', 'front-end', 'security', 'full-stack', 'technical', 'support', 'software', 'growth', 'code', 'web', 'manager', 'financial', 'fintech', 'typescript', 'lead', 'junior', 'reliability', 'engineer', 'engineering', 'digital nomad']",70000,110000,2022,MI,FT,206699,USD,206699,US,0,US,M
2025-05-15 10:00:03+00:00,Notabene,data engineer,,"['frontend', 'design', 'crypto', 'cryptocurrency', 'system', 'front-end', 'security', 'full-stack', 'technical', 'support', 'software', 'growth', 'code', 'web', 'manager', 'financial', 'fintech', 'typescript', 'lead', 'junior', 'reliability', 'engineer', 'engineering', 'digital nomad']",70000,110000,2022,MI,FT,99100,USD,99100,US,0,US,M
2025-05-15 10:00:03+00:00,Notabene,data engineer,,"['frontend', 'design', 'crypto', 'cryptocurrency', 'system', 'front-end', 'security', 'full-stack', 'technical', 'support', 'software', 'growth', 'code', 'web', 'manager', 'financial', 'fintech', 'typescript', 'lead', 'junior', 'reliability', 'engineer', 'engineering', 'digital nomad']",70000,110000,2022,SE,FT,130000,USD,130000,US,100,US,M
2025-05-15 10:00:03+00:00,Notabene,data engineer,,"['frontend', 'design', 'crypto', 'cryptocurrency', 'system', 'front-end', 'security', 'full-stack', 'technical', 'support', 'software', 'growth', 'code', 'web', 'manager', 'financial', 'fintech', 'typescript', 'lead', 'junior', 'reliability', 'engineer', 'engineering', 'digital nomad']",70000,110000,2022,SE,FT,115000,USD,115000,US,100,US,M
2025-05-15 10:00:03+00:00,Notabene,data engineer,,"['frontend', 'design', 'crypto', 'cryptocurrency', 'system', 'front-end', 'security', 'full-stack', 'technical', 'support', 'software', 'growth', 'code', 'web', 'manager', 'financial', 'fintech', 'typescript', 'lead', 'junior', 'reliability', 'engineer', 'engineering', 'digital nomad']",70000,110000,2022,SE,FT,110500,USD,110500,US,100,US,M
2025-05-15 10:00:03+00:00,Notabene,data engineer,,"['frontend', 'design', 'crypto', 'cryptocurrency', 'system', 'front-end', 'security', 'full-stack', 'technical', 'support', 'software', 'growth', 'code', 'web', 'manager', 'financial', 'fintech', 'typescript', 'lead', 'junior', 'reliability', 'engineer', 'engineering', 'digital nomad']",70000,110000,2022,SE,FT,130000,USD,130000,US,100,US,M
2025-05-15 10:00:03+00:00,Notabene,data engineer,,"['frontend', 'design', 'crypto', 'cryptocurrency', 'system', 'front-end', 'security', 'full-stack', 'technical', 'support', 'software', 'growth', 'code', 'web', 'manager', 'financial', 'fintech', 'typescript', 'lead', 'junior', 'reliability', 'engineer', 'engineering', 'digital nomad']",70000,110000,2022,SE,FT,160000,USD,160000,US,100,US,M
2025-05-15 10:00:03+00:00,Notabene,data engineer,,"['frontend', 'design', 'crypto', 'cryptocurrency', 'system', 'front-end', 'security', 'full-stack', 'technical', 'support', 'software', 'growth', 'code', 'web', 'manager', 'financial', 'fintech', 'typescript', 'lead', 'junior', 'reliability', 'engineer', 'engineering', 'digital nomad']",70000,110000,2022,SE,FT,200100,USD,200100,US,100,US,M
2025-05-15 10:00:03+00:00,Notabene,data engineer,,"['frontend', 'design', 'crypto', 'cryptocurrency', 'system', 'front-end', 'security', 'full-stack', 'technical', 'support', 'software', 'growth', 'code', 'web', 'manager', 'financial', 'fintech', 'typescript', 'lead', 'junior', 'reliability', 'engineer', 'engineering', 'digital nomad']",70000,110000,2022,SE,FT,160000,USD,160000,US,100,US,M
2025-05-15 10:00:03+00:00,Notabene,data engineer,,"['frontend', 'design', 'crypto', 'cryptocurrency', 'system', 'front-end', 'security', 'full-stack', 'technical', 'support', 'software', 'growth', 'code', 'web', 'manager', 'financial', 'fintech', 'typescript', 'lead', 'junior', 'reliability', 'engineer', 'engineering', 'digital nomad']",70000,110000,2022,SE,FT,145000,USD,145000,US,100,US,M
2025-05-15 10:00:03+00:00,Notabene,data engineer,,"['frontend', 'design', 'crypto', 'cryptocurrency', 'system', 'front-end', 'security', 'full-stack', 'technical', 'support', 'software', 'growth', 'code', 'web', 'manager', 'financial', 'fintech', 'typescript', 'lead', 'junior', 'reliability', 'engineer', 'engineering', 'digital nomad']",70000,110000,2022,SE,FT,70500,USD,70500,US,0,US,M
2025-05-15 10:00:03+00:00,Notabene,data engineer,,"['frontend', 'design', 'crypto', 'cryptocurrency', 'system', 'front-end', 'security', 'full-stack', 'technical', 'support', 'software', 'growth', 'code', 'web', 'manager', 'financial', 'fintech', 'typescript', 'lead', 'junior', 'reliability', 'engineer', 'engineering', 'digital nomad']",70000,110000,2022,SE,FT,175100,USD,175100,US,100,US,M
2025-05-15 10:00:03+00:00,Notabene,data engineer,,"['frontend', 'design', 'crypto', 'cryptocurrency', 'system', 'front-end', 'security', 'full-stack', 'technical', 'support', 'software', 'growth', 'code', 'web', 'manager', 'financial', 'fintech', 'typescript', 'lead', 'junior', 'reliability', 'engineer', 'engineering', 'digital nomad']",70000,110000,2022,SE,FT,140250,USD,140250,US,100,US,M
2025-05-15 10:00:03+00:00,Notabene,data engineer,,"['frontend', 'design', 'crypto', 'cryptocurrency', 'system', 'front-end', 'security', 'full-stack', 'technical', 'support', 'software', 'growth', 'code', 'web', 'manager', 'financial', 'fintech', 'typescript', 'lead', 'junior', 'reliability', 'engineer', 'engineering', 'digital nomad']",70000,110000,2022,SE,FT,54000,USD,54000,US,0,US,M
2025-05-15 10:00:03+00:00,Notabene,data engineer,,"['frontend', 'design', 'crypto', 'cryptocurrency', 'system', 'front-end', 'security', 'full-stack', 'technical', 'support', 'software', 'growth', 'code', 'web', 'manager', 'financial', 'fintech', 'typescript', 'lead', 'junior', 'reliability', 'engineer', 'engineering', 'digital nomad']",70000,110000,2022,SE,FT,100000,USD,100000,US,100,US,M
2025-05-15 10:00:03+00:00,Notabene,data engineer,,"['frontend', 'design', 'crypto', 'cryptocurrency', 'system', 'front-end', 'security', 'full-stack', 'technical', 'support', 'software', 'growth', 'code', 'web', 'manager', 'financial', 'fintech', 'typescript', 'lead', 'junior', 'reliability', 'engineer', 'engineering', 'digital nomad']",70000,110000,2022,SE,FT,25000,USD,25000,US,100,US,M
2025-05-15 10:00:03+00:00,Notabene,data engineer,,"['frontend', 'design', 'crypto', 'cryptocurrency', 'system', 'front-end', 'security', 'full-stack', 'technical', 'support', 'software', 'growth', 'code', 'web', 'manager', 'financial', 'fintech', 'typescript', 'lead', 'junior', 'reliability', 'engineer', 'engineering', 'digital nomad']",70000,110000,2022,SE,FT,220110,USD,220110,US,100,US,M
2025-05-15 10:00:03+00:00,Notabene,data engineer,,"['frontend', 'design', 'crypto', 'cryptocurrency', 'system', 'front-end', 'security', 'full-stack', 'technical', 'support', 'software', 'growth', 'code', 'web', 'manager', 'financial', 'fintech', 'typescript', 'lead', 'junior', 'reliability', 'engineer', 'engineering', 'digital nomad']",70000,110000,2022,SE,FT,160080,USD,160080,US,100,US,M
2025-05-15 10:00:03+00:00,Notabene,data engineer,,"['frontend', 'design', 'crypto', 'cryptocurrency', 'system', 'front-end', 'security', 'full-stack', 'technical', 'support', 'software', 'growth', 'code', 'web', 'manager', 'financial', 'fintech', 'typescript', 'lead', 'junior', 'reliability', 'engineer', 'engineering', 'digital nomad']",70000,110000,2022,SE,FT,192564,USD,192564,US,100,US,M
2025-05-15 10:00:03+00:00,Notabene,data engineer,,"['frontend', 'design', 'crypto', 'cryptocurrency', 'system', 'front-end', 'security', 'full-stack', 'technical', 'support', 'software', 'growth', 'code', 'web', 'manager', 'financial', 'fintech', 'typescript', 'lead', 'junior', 'reliability', 'engineer', 'engineering', 'digital nomad']",70000,110000,2022,SE,FT,144854,USD,144854,US,100,US,M
2025-05-15 10:00:03+00:00,Notabene,data engineer,,"['frontend', 'design', 'crypto', 'cryptocurrency', 'system', 'front-end', 'security', 'full-stack', 'technical', 'support', 'software', 'growth', 'code', 'web', 'manager', 'financial', 'fintech', 'typescript', 'lead', 'junior', 'reliability', 'engineer', 'engineering', 'digital nomad']",70000,110000,2022,SE,FT,154000,USD,154000,US,100,US,M
2025-05-15 10:00:03+00:00,Notabene,data engineer,,"['frontend', 'design', 'crypto', 'cryptocurrency', 'system', 'front-end', 'security', 'full-stack', 'technical', 'support', 'software', 'growth', 'code', 'web', 'manager', 'financial', 'fintech', 'typescript', 'lead', 'junior', 'reliability', 'engineer', 'engineering', 'digital nomad']",70000,110000,2022,SE,FT,126000,USD,126000,US,100,US,M
2025-05-15 00:00:20+00:00,Warner Music Inc.,machine learning developer,,"['music', 'design', 'system', 'training', 'software', 'cloud', 'junior', 'engineer', 'engineering', 'full-time', 'digital nomad']",60000,97500,2020,SE,FT,260000,USD,260000,JP,0,JP,S
2025-05-15 00:00:20+00:00,Warner Music Inc.,machine learning developer,,"['music', 'design', 'system', 'training', 'software', 'cloud', 'junior', 'engineer', 'engineering', 'full-time', 'digital nomad']",60000,97500,2020,SE,FT,150000,USD,150000,US,50,US,L
2025-05-15 00:00:20+00:00,Warner Music Inc.,machine learning developer,,"['music', 'design', 'system', 'training', 'software', 'cloud', 'junior', 'engineer', 'engineering', 'full-time', 'digital nomad']",60000,97500,2020,MI,FT,299000,CNY,43331,CN,0,CN,M
2025-05-15 00:00:20+00:00,Warner Music Inc.,machine learning developer,,"['music', 'design', 'system', 'training', 'software', 'cloud', 'junior', 'engineer', 'engineering', 'full-time', 'digital nomad']",60000,97500,2020,SE,FT,157000,CAD,117104,CA,50,CA,L
2025-05-15 00:00:20+00:00,Warner Music Inc.,machine learning developer,,"['music', 'design', 'system', 'training', 'software', 'cloud', 'junior', 'engineer', 'engineering', 'full-time', 'digital nomad']",60000,97500,2020,EN,FT,250000,USD,250000,US,50,US,L
2025-05-15 00:00:20+00:00,Warner Music Inc.,machine learning developer,,"['music', 'design', 'system', 'training', 'software', 'cloud', 'junior', 'engineer', 'engineering', 'full-time', 'digital nomad']",60000,97500,2020,EN,FT,138000,USD,138000,US,100,US,S
2025-05-15 00:00:20+00:00,Warner Music Inc.,machine learning developer,,"['music', 'design', 'system', 'training', 'software', 'cloud', 'junior', 'engineer', 'engineering', 'full-time', 'digital nomad']",60000,97500,2020,MI,FT,44000,EUR,50180,PT,0,PT,M
2025-05-15 00:00:20+00:00,Warner Music Inc.,machine learning developer,,"['music', 'design', 'system', 'training', 'software', 'cloud', 'junior', 'engineer', 'engineering', 'full-time', 'digital nomad']",60000,97500,2020,SE,FT,40000,EUR,45618,HR,100,HR,S
2025-05-15 00:00:20+00:00,Warner Music Inc.,machine learning developer,,"['music', 'design', 'system', 'training', 'software', 'cloud', 'junior', 'engineer', 'engineering', 'full-time', 'digital nomad']",60000,97500,2021,MI,FT,40000,EUR,47282,ES,100,ES,S
2025-05-15 00:00:20+00:00,Warner Music Inc.,machine learning developer,,"['music', 'design', 'system', 'training', 'software', 'cloud', 'junior', 'engineer', 'engineering', 'full-time', 'digital nomad']",60000,97500,2021,SE,FT,80000,EUR,94564,DE,50,DE,L
2025-05-15 00:00:20+00:00,Warner Music Inc.,machine learning developer,,"['music', 'design', 'system', 'training', 'software', 'cloud', 'junior', 'engineer', 'engineering', 'full-time', 'digital nomad']",60000,97500,2021,EN,FT,225000,USD,225000,US,100,US,L
2025-05-15 00:00:20+00:00,Warner Music Inc.,machine learning developer,,"['music', 'design', 'system', 'training', 'software', 'cloud', 'junior', 'engineer', 'engineering', 'full-time', 'digital nomad']",60000,97500,2021,SE,FT,120000,USD,120000,US,50,US,S
2025-05-15 00:00:20+00:00,Warner Music Inc.,machine learning developer,,"['music', 'design', 'system', 'training', 'software', 'cloud', 'junior', 'engineer', 'engineering', 'full-time', 'digital nomad']",60000,97500,2021,EN,FT,20000,USD,20000,IN,100,IN,S
2025-05-15 00:00:20+00:00,Warner Music Inc.,machine learning developer,,"['music', 'design', 'system', 'training', 'software', 'cloud', 'junior', 'engineer', 'engineering', 'full-time', 'digital nomad']",60000,97500,2021,EN,FT,100000,USD,100000,IQ,50,IQ,S
2025-05-15 00:00:20+00:00,Warner Music Inc.,machine learning developer,,"['music', 'design', 'system', 'training', 'software', 'cloud', 'junior', 'engineer', 'engineering', 'full-time', 'digital nomad']",60000,97500,2021,MI,FT,38400,USD,38400,VN,100,US,M
2025-05-15 00:00:20+00:00,Warner Music Inc.,machine learning developer,,"['music', 'design', 'system', 'training', 'software', 'cloud', 'junior', 'engineer', 'engineering', 'full-time', 'digital nomad']",60000,97500,2021,SE,FT,70000,EUR,82744,BE,50,BE,M
2025-05-15 00:00:20+00:00,Warner Music Inc.,machine learning developer,,"['music', 'design', 'system', 'training', 'software', 'cloud', 'junior', 'engineer', 'engineering', 'full-time', 'digital nomad']",60000,97500,2021,MI,FT,423000,USD,423000,US,50,US,L
2025-05-15 00:00:20+00:00,Warner Music Inc.,machine learning developer,,"['music', 'design', 'system', 'training', 'software', 'cloud', 'junior', 'engineer', 'engineering', 'full-time', 'digital nomad']",60000,97500,2021,EN,FT,125000,USD,125000,US,100,US,S
2025-05-15 00:00:20+00:00,Warner Music Inc.,machine learning developer,,"['music', 'design', 'system', 'training', 'software', 'cloud', 'junior', 'engineer', 'engineering', 'full-time', 'digital nomad']",60000,97500,2021,EN,FT,81000,USD,81000,US,50,US,S
2025-05-15 00:00:20+00:00,Warner Music Inc.,machine learning developer,,"['music', 'design', 'system', 'training', 'software', 'cloud', 'junior', 'engineer', 'engineering', 'full-time', 'digital nomad']",60000,97500,2021,MI,FL,12000,USD,12000,PK,50,PK,M
2025-05-15 00:00:20+00:00,Warner Music Inc.,machine learning developer,,"['music', 'design', 'system', 'training', 'software', 'cloud', 'junior', 'engineer', 'engineering', 'full-time', 'digital nomad']",60000,97500,2021,MI,FT,74000,USD,74000,JP,50,JP,S
2025-05-15 00:00:20+00:00,Warner Music Inc.,machine learning developer,,"['music', 'design', 'system', 'training', 'software', 'cloud', 'junior', 'engineer', 'engineering', 'full-time', 'digital nomad']",60000,97500,2021,EN,FT,21844,USD,21844,CO,50,CO,M
2025-05-15 00:00:20+00:00,Warner Music Inc.,machine learning developer,,"['music', 'design', 'system', 'training', 'software', 'cloud', 'junior', 'engineer', 'engineering', 'full-time', 'digital nomad']",60000,97500,2021,SE,FT,1799997,INR,24342,IN,100,IN,L
2025-05-15 00:00:20+00:00,Warner Music Inc.,machine learning developer,,"['music', 'design', 'system', 'training', 'software', 'cloud', 'junior', 'engineer', 'engineering', 'full-time', 'digital nomad']",60000,97500,2021,SE,FT,195000,USD,195000,US,100,US,M
2025-05-15 00:00:20+00:00,Warner Music Inc.,machine learning developer,,"['music', 'design', 'system', 'training', 'software', 'cloud', 'junior', 'engineer', 'engineering', 'full-time', 'digital nomad']",60000,97500,2021,SE,FT,200000,USD,200000,US,100,US,L
2025-05-15 00:00:20+00:00,Warner Music Inc.,machine learning developer,,"['music', 'design', 'system', 'training', 'software', 'cloud', 'junior', 'engineer', 'engineering', 'full-time', 'digital nomad']",60000,97500,2021,MI,FT,21000,EUR,24823,SI,50,SI,L
2025-05-15 00:00:20+00:00,Warner Music Inc.,machine learning developer,,"['music', 'design', 'system', 'training', 'software', 'cloud', 'junior', 'engineer', 'engineering', 'full-time', 'digital nomad']",60000,97500,2021,EN,FT,21000,EUR,24823,DE,50,DE,M
2025-05-15 00:00:20+00:00,Warner Music Inc.,machine learning developer,,"['music', 'design', 'system', 'training', 'software', 'cloud', 'junior', 'engineer', 'engineering', 'full-time', 'digital nomad']",60000,97500,2021,MI,FT,75000,EUR,88654,BE,100,BE,M
2025-05-15 00:00:20+00:00,Warner Music Inc.,machine learning developer,,"['music', 'design', 'system', 'training', 'software', 'cloud', 'junior', 'engineer', 'engineering', 'full-time', 'digital nomad']",60000,97500,2021,MI,FT,180000,PLN,46597,PL,100,PL,L
2025-05-15 00:00:20+00:00,Warner Music Inc.,machine learning developer,,"['music', 'design', 'system', 'training', 'software', 'cloud', 'junior', 'engineer', 'engineering', 'full-time', 'digital nomad']",60000,97500,2021,SE,FT,225000,USD,225000,US,100,CA,L
2025-05-15 00:00:20+00:00,Warner Music Inc.,machine learning developer,,"['music', 'design', 'system', 'training', 'software', 'cloud', 'junior', 'engineer', 'engineering', 'full-time', 'digital nomad']",60000,97500,2021,SE,FT,185000,USD,185000,US,50,US,L
2025-05-15 00:00:20+00:00,Warner Music Inc.,machine learning developer,,"['music', 'design', 'system', 'training', 'software', 'cloud', 'junior', 'engineer', 'engineering', 'full-time', 'digital nomad']",60000,97500,2021,SE,FT,4900000,INR,66265,IN,0,IN,L
2025-05-15 00:00:20+00:00,Warner Music Inc.,machine learning developer,,"['music', 'design', 'system', 'training', 'software', 'cloud', 'junior', 'engineer', 'engineering', 'full-time', 'digital nomad']",60000,97500,2021,EN,FT,85000,USD,85000,NL,100,DE,S
2025-05-15 00:00:20+00:00,Warner Music Inc.,machine learning developer,,"['music', 'design', 'system', 'training', 'software', 'cloud', 'junior', 'engineer', 'engineering', 'full-time', 'digital nomad']",60000,97500,2021,MI,FT,43200,EUR,51064,IT,50,IT,L
2025-05-15 00:00:20+00:00,Warner Music Inc.,machine learning developer,,"['music', 'design', 'system', 'training', 'software', 'cloud', 'junior', 'engineer', 'engineering', 'full-time', 'digital nomad']",60000,97500,2022,SE,FT,189650,USD,189650,US,0,US,M
2025-05-15 00:00:20+00:00,Warner Music Inc.,machine learning developer,,"['music', 'design', 'system', 'training', 'software', 'cloud', 'junior', 'engineer', 'engineering', 'full-time', 'digital nomad']",60000,97500,2022,SE,FT,164996,USD,164996,US,0,US,M
2025-05-15 00:00:20+00:00,Warner Music Inc.,machine learning developer,,"['music', 'design', 'system', 'training', 'software', 'cloud', 'junior', 'engineer', 'engineering', 'full-time', 'digital nomad']",60000,97500,2022,EX,FT,6000000,INR,79039,IN,50,IN,L
2025-05-15 00:00:20+00:00,Warner Music Inc.,machine learning developer,,"['music', 'design', 'system', 'training', 'software', 'cloud', 'junior', 'engineer', 'engineering', 'full-time', 'digital nomad']",60000,97500,2022,EN,FT,28500,GBP,37300,GB,100,GB,L
2025-05-15 00:00:20+00:00,Warner Music Inc.,machine learning developer,,"['music', 'design', 'system', 'training', 'software', 'cloud', 'junior', 'engineer', 'engineering', 'full-time', 'digital nomad']",60000,97500,2022,MI,FT,95000,GBP,124333,GB,0,GB,M
2025-05-15 00:00:20+00:00,Warner Music Inc.,machine learning developer,,"['music', 'design', 'system', 'training', 'software', 'cloud', 'junior', 'engineer', 'engineering', 'full-time', 'digital nomad']",60000,97500,2022,MI,FT,75000,GBP,98158,GB,0,GB,M
2025-05-15 00:00:20+00:00,Warner Music Inc.,machine learning developer,,"['music', 'design', 'system', 'training', 'software', 'cloud', 'junior', 'engineer', 'engineering', 'full-time', 'digital nomad']",60000,97500,2022,MI,FT,80000,EUR,87932,FR,100,DE,M
2025-05-15 00:00:20+00:00,Warner Music Inc.,machine learning developer,,"['music', 'design', 'system', 'training', 'software', 'cloud', 'junior', 'engineer', 'engineering', 'full-time', 'digital nomad']",60000,97500,2022,MI,FT,160000,USD,160000,US,100,US,L
2025-05-15 00:00:20+00:00,Warner Music Inc.,machine learning developer,,"['music', 'design', 'system', 'training', 'software', 'cloud', 'junior', 'engineer', 'engineering', 'full-time', 'digital nomad']",60000,97500,2022,MI,FT,112300,USD,112300,US,100,US,L
2025-05-15 00:00:20+00:00,Warner Music Inc.,machine learning developer,,"['music', 'design', 'system', 'training', 'software', 'cloud', 'junior', 'engineer', 'engineering', 'full-time', 'digital nomad']",60000,97500,2022,SE,FT,189650,USD,189650,US,0,US,M
2025-05-15 00:00:20+00:00,Warner Music Inc.,machine learning developer,,"['music', 'design', 'system', 'training', 'software', 'cloud', 'junior', 'engineer', 'engineering', 'full-time', 'digital nomad']",60000,97500,2022,SE,FT,164996,USD,164996,US,0,US,M
2025-05-15 00:00:20+00:00,Warner Music Inc.,machine learning developer,,"['music', 'design', 'system', 'training', 'software', 'cloud', 'junior', 'engineer', 'engineering', 'full-time', 'digital nomad']",60000,97500,2022,MI,FT,100000,CAD,78791,CA,100,CA,M
2025-05-15 00:00:20+00:00,Warner Music Inc.,machine learning developer,,"['music', 'design', 'system', 'training', 'software', 'cloud', 'junior', 'engineer', 'engineering', 'full-time', 'digital nomad']",60000,97500,2022,MI,FT,120000,USD,120000,US,100,US,S
2025-05-15 00:00:20+00:00,Warner Music Inc.,machine learning developer,,"['music', 'design', 'system', 'training', 'software', 'cloud', 'junior', 'engineer', 'engineering', 'full-time', 'digital nomad']",60000,97500,2022,SE,FT,80000,EUR,87932,DE,0,DE,M
2025-05-15 00:00:20+00:00,Warner Music Inc.,machine learning developer,,"['music', 'design', 'system', 'training', 'software', 'cloud', 'junior', 'engineer', 'engineering', 'full-time', 'digital nomad']",60000,97500,2022,MI,FT,53000,EUR,58255,PT,50,PT,L
2025-05-15 00:00:20+00:00,Warner Music Inc.,machine learning developer,,"['music', 'design', 'system', 'training', 'software', 'cloud', 'junior', 'engineer', 'engineering', 'full-time', 'digital nomad']",60000,97500,2022,SE,FT,220000,USD,220000,US,100,US,M
2025-05-15 00:00:20+00:00,Warner Music Inc.,machine learning developer,,"['music', 'design', 'system', 'training', 'software', 'cloud', 'junior', 'engineer', 'engineering', 'full-time', 'digital nomad']",60000,97500,2022,SE,FT,120000,USD,120000,AE,100,AE,S
2025-05-15 00:00:20+00:00,Warner Music Inc.,machine learning developer,,"['music', 'design', 'system', 'training', 'software', 'cloud', 'junior', 'engineer', 'engineering', 'full-time', 'digital nomad']",60000,97500,2022,SE,FT,65000,USD,65000,AE,100,AE,S
2025-05-15 00:00:20+00:00,Warner Music Inc.,machine learning developer,,"['music', 'design', 'system', 'training', 'software', 'cloud', 'junior', 'engineer', 'engineering', 'full-time', 'digital nomad']",60000,97500,2022,SE,FT,120000,USD,120000,US,100,US,M
2025-05-15 00:00:20+00:00,Warner Music Inc.,machine learning developer,,"['music', 'design', 'system', 'training', 'software', 'cloud', 'junior', 'engineer', 'engineering', 'full-time', 'digital nomad']",60000,97500,2022,EN,CT,29000,EUR,31875,TN,100,CZ,M
2025-05-15 00:00:20+00:00,Warner Music Inc.,machine learning developer,,"['music', 'design', 'system', 'training', 'software', 'cloud', 'junior', 'engineer', 'engineering', 'full-time', 'digital nomad']",60000,97500,2022,SE,FT,100000,CAD,78791,CA,100,CA,M
2025-05-15 00:00:20+00:00,Warner Music Inc.,machine learning developer,,"['music', 'design', 'system', 'training', 'software', 'cloud', 'junior', 'engineer', 'engineering', 'full-time', 'digital nomad']",60000,97500,2022,MI,FT,153000,USD,153000,US,50,US,M
2025-05-15 00:00:20+00:00,Warner Music Inc.,machine learning developer,,"['music', 'design', 'system', 'training', 'software', 'cloud', 'junior', 'engineer', 'engineering', 'full-time', 'digital nomad']",60000,97500,2022,SE,FT,57000,EUR,62651,NL,100,NL,L
2025-05-15 00:00:20+00:00,Warner Music Inc.,machine learning developer,,"['music', 'design', 'system', 'training', 'software', 'cloud', 'junior', 'engineer', 'engineering', 'full-time', 'digital nomad']",60000,97500,2022,MI,FT,121000,AUD,87425,AU,100,AU,L
2025-05-15 00:00:20+00:00,Warner Music Inc.,machine learning developer,,"['music', 'design', 'system', 'training', 'software', 'cloud', 'junior', 'engineer', 'engineering', 'full-time', 'digital nomad']",60000,97500,2022,MI,FT,75000,USD,75000,BO,100,US,L
2025-05-15 00:00:20+00:00,Warner Music Inc.,machine learning developer,,"['music', 'design', 'system', 'training', 'software', 'cloud', 'junior', 'engineer', 'engineering', 'full-time', 'digital nomad']",60000,97500,2022,SE,FT,65000,EUR,71444,IE,100,IE,S
2025-05-15 00:00:20+00:00,Warner Music Inc.,machine learning developer,,"['music', 'design', 'system', 'training', 'software', 'cloud', 'junior', 'engineer', 'engineering', 'full-time', 'digital nomad']",60000,97500,2022,SE,FT,214000,USD,214000,US,100,US,M
2025-05-15 00:00:20+00:00,Warner Music Inc.,machine learning developer,,"['music', 'design', 'system', 'training', 'software', 'cloud', 'junior', 'engineer', 'engineering', 'full-time', 'digital nomad']",60000,97500,2022,SE,FT,192600,USD,192600,US,100,US,M
2025-05-14 00:00:07+00:00,Trial Library,data engineer,"San Francisco, CA","['testing', 'system', 'frontend', 'security', 'python', 'software', 'test', 'code', 'qa', 'typescript', 'api', 'reliability', 'health', 'healthcare', 'engineer', 'engineering', 'backend']",70000,120000,2020,SE,FT,85000,GBP,109024,GB,50,GB,M
2025-05-14 00:00:07+00:00,Trial Library,data engineer,"San Francisco, CA","['testing', 'system', 'frontend', 'security', 'python', 'software', 'test', 'code', 'qa', 'typescript', 'api', 'reliability', 'health', 'healthcare', 'engineer', 'engineering', 'backend']",70000,120000,2020,SE,FT,125000,USD,125000,NZ,50,NZ,S
2025-05-14 00:00:07+00:00,Trial Library,data engineer,"San Francisco, CA","['testing', 'system', 'frontend', 'security', 'python', 'software', 'test', 'code', 'qa', 'typescript', 'api', 'reliability', 'health', 'healthcare', 'engineer', 'engineering', 'backend']",70000,120000,2020,EN,FT,4450000,JPY,41689,JP,100,JP,S
2025-05-14 00:00:07+00:00,Trial Library,data engineer,"San Francisco, CA","['testing', 'system', 'frontend', 'security', 'python', 'software', 'test', 'code', 'qa', 'typescript', 'api', 'reliability', 'health', 'healthcare', 'engineer', 'engineering', 'backend']",70000,120000,2020,SE,FT,100000,EUR,114047,PL,100,GB,S
2025-05-14 00:00:07+00:00,Trial Library,data engineer,"San Francisco, CA","['testing', 'system', 'frontend', 'security', 'python', 'software', 'test', 'code', 'qa', 'typescript', 'api', 'reliability', 'health', 'healthcare', 'engineer', 'engineering', 'backend']",70000,120000,2020,MI,FT,56000,USD,56000,PT,100,US,M
2025-05-14 00:00:07+00:00,Trial Library,data engineer,"San Francisco, CA","['testing', 'system', 'frontend', 'security', 'python', 'software', 'test', 'code', 'qa', 'typescript', 'api', 'reliability', 'health', 'healthcare', 'engineer', 'engineering', 'backend']",70000,120000,2020,SE,FT,42000,EUR,47899,GR,50,GR,L
2025-05-14 00:00:07+00:00,Trial Library,data engineer,"San Francisco, CA","['testing', 'system', 'frontend', 'security', 'python', 'software', 'test', 'code', 'qa', 'typescript', 'api', 'reliability', 'health', 'healthcare', 'engineer', 'engineering', 'backend']",70000,120000,2020,SE,FT,720000,MXN,33511,MX,0,MX,S
2025-05-14 00:00:07+00:00,Trial Library,data engineer,"San Francisco, CA","['testing', 'system', 'frontend', 'security', 'python', 'software', 'test', 'code', 'qa', 'typescript', 'api', 'reliability', 'health', 'healthcare', 'engineer', 'engineering', 'backend']",70000,120000,2020,MI,FT,51999,EUR,59303,DE,100,DE,S
2025-05-14 00:00:07+00:00,Trial Library,data engineer,"San Francisco, CA","['testing', 'system', 'frontend', 'security', 'python', 'software', 'test', 'code', 'qa', 'typescript', 'api', 'reliability', 'health', 'healthcare', 'engineer', 'engineering', 'backend']",70000,120000,2020,EN,FT,70000,USD,70000,US,100,US,L
2025-05-14 00:00:07+00:00,Trial Library,data engineer,"San Francisco, CA","['testing', 'system', 'frontend', 'security', 'python', 'software', 'test', 'code', 'qa', 'typescript', 'api', 'reliability', 'health', 'healthcare', 'engineer', 'engineering', 'backend']",70000,120000,2020,MI,FT,65000,EUR,74130,AT,50,AT,L
2025-05-14 00:00:07+00:00,Trial Library,data engineer,"San Francisco, CA","['testing', 'system', 'frontend', 'security', 'python', 'software', 'test', 'code', 'qa', 'typescript', 'api', 'reliability', 'health', 'healthcare', 'engineer', 'engineering', 'backend']",70000,120000,2020,EX,FT,70000,EUR,79833,ES,50,ES,L
2025-05-14 00:00:07+00:00,Trial Library,data engineer,"San Francisco, CA","['testing', 'system', 'frontend', 'security', 'python', 'software', 'test', 'code', 'qa', 'typescript', 'api', 'reliability', 'health', 'healthcare', 'engineer', 'engineering', 'backend']",70000,120000,2020,MI,FT,106000,USD,106000,US,100,US,L
2025-05-14 00:00:07+00:00,Trial Library,data engineer,"San Francisco, CA","['testing', 'system', 'frontend', 'security', 'python', 'software', 'test', 'code', 'qa', 'typescript', 'api', 'reliability', 'health', 'healthcare', 'engineer', 'engineering', 'backend']",70000,120000,2020,MI,FT,88000,GBP,112872,GB,50,GB,L
2025-05-14 00:00:07+00:00,Trial Library,data engineer,"San Francisco, CA","['testing', 'system', 'frontend', 'security', 'python', 'software', 'test', 'code', 'qa', 'typescript', 'api', 'reliability', 'health', 'healthcare', 'engineer', 'engineering', 'backend']",70000,120000,2020,EN,PT,14000,EUR,15966,DE,100,DE,S
2025-05-14 00:00:07+00:00,Trial Library,data engineer,"San Francisco, CA","['testing', 'system', 'frontend', 'security', 'python', 'software', 'test', 'code', 'qa', 'typescript', 'api', 'reliability', 'health', 'healthcare', 'engineer', 'engineering', 'backend']",70000,120000,2020,SE,FT,188000,USD,188000,US,100,US,L
2025-05-14 00:00:07+00:00,Trial Library,data engineer,"San Francisco, CA","['testing', 'system', 'frontend', 'security', 'python', 'software', 'test', 'code', 'qa', 'typescript', 'api', 'reliability', 'health', 'healthcare', 'engineer', 'engineering', 'backend']",70000,120000,2020,MI,FT,61500,EUR,70139,FR,50,FR,L
2025-05-14 00:00:07+00:00,Trial Library,data engineer,"San Francisco, CA","['testing', 'system', 'frontend', 'security', 'python', 'software', 'test', 'code', 'qa', 'typescript', 'api', 'reliability', 'health', 'healthcare', 'engineer', 'engineering', 'backend']",70000,120000,2020,EN,FT,48000,EUR,54742,PK,100,DE,L
2025-05-14 00:00:07+00:00,Trial Library,data engineer,"San Francisco, CA","['testing', 'system', 'frontend', 'security', 'python', 'software', 'test', 'code', 'qa', 'typescript', 'api', 'reliability', 'health', 'healthcare', 'engineer', 'engineering', 'backend']",70000,120000,2020,SE,FL,60000,USD,60000,RU,100,US,S
2025-05-14 00:00:07+00:00,Trial Library,data engineer,"San Francisco, CA","['testing', 'system', 'frontend', 'security', 'python', 'software', 'test', 'code', 'qa', 'typescript', 'api', 'reliability', 'health', 'healthcare', 'engineer', 'engineering', 'backend']",70000,120000,2020,MI,FT,110000,USD,110000,US,100,US,L
2025-05-14 00:00:07+00:00,Trial Library,data engineer,"San Francisco, CA","['testing', 'system', 'frontend', 'security', 'python', 'software', 'test', 'code', 'qa', 'typescript', 'api', 'reliability', 'health', 'healthcare', 'engineer', 'engineering', 'backend']",70000,120000,2020,MI,FT,130800,USD,130800,ES,100,US,M
2025-05-14 00:00:07+00:00,Trial Library,data engineer,"San Francisco, CA","['testing', 'system', 'frontend', 'security', 'python', 'software', 'test', 'code', 'qa', 'typescript', 'api', 'reliability', 'health', 'healthcare', 'engineer', 'engineering', 'backend']",70000,120000,2021,MI,CT,270000,USD,270000,US,100,US,L
2025-05-14 00:00:07+00:00,Trial Library,data engineer,"San Francisco, CA","['testing', 'system', 'frontend', 'security', 'python', 'software', 'test', 'code', 'qa', 'typescript', 'api', 'reliability', 'health', 'healthcare', 'engineer', 'engineering', 'backend']",70000,120000,2021,MI,FT,140000,USD,140000,US,100,US,L
2025-05-14 00:00:07+00:00,Trial Library,data engineer,"San Francisco, CA","['testing', 'system', 'frontend', 'security', 'python', 'software', 'test', 'code', 'qa', 'typescript', 'api', 'reliability', 'health', 'healthcare', 'engineer', 'engineering', 'backend']",70000,120000,2021,MI,FT,110000,PLN,28476,PL,100,PL,L
2025-05-14 00:00:07+00:00,Trial Library,data engineer,"San Francisco, CA","['testing', 'system', 'frontend', 'security', 'python', 'software', 'test', 'code', 'qa', 'typescript', 'api', 'reliability', 'health', 'healthcare', 'engineer', 'engineering', 'backend']",70000,120000,2021,SE,FT,276000,USD,276000,US,0,US,L
2025-05-14 00:00:07+00:00,Trial Library,data engineer,"San Francisco, CA","['testing', 'system', 'frontend', 'security', 'python', 'software', 'test', 'code', 'qa', 'typescript', 'api', 'reliability', 'health', 'healthcare', 'engineer', 'engineering', 'backend']",70000,120000,2021,MI,FT,120000,SGD,89294,SG,50,SG,L
2025-05-14 00:00:07+00:00,Trial Library,data engineer,"San Francisco, CA","['testing', 'system', 'frontend', 'security', 'python', 'software', 'test', 'code', 'qa', 'typescript', 'api', 'reliability', 'health', 'healthcare', 'engineer', 'engineering', 'backend']",70000,120000,2021,EN,FT,70000,USD,70000,US,100,US,M
2025-05-14 00:00:07+00:00,Trial Library,data engineer,"San Francisco, CA","['testing', 'system', 'frontend', 'security', 'python', 'software', 'test', 'code', 'qa', 'typescript', 'api', 'reliability', 'health', 'healthcare', 'engineer', 'engineering', 'backend']",70000,120000,2021,MI,FT,81000,EUR,95746,DE,100,US,S
2025-05-14 00:00:07+00:00,Trial Library,data engineer,"San Francisco, CA","['testing', 'system', 'frontend', 'security', 'python', 'software', 'test', 'code', 'qa', 'typescript', 'api', 'reliability', 'health', 'healthcare', 'engineer', 'engineering', 'backend']",70000,120000,2021,SE,FT,150000,USD,150000,US,100,US,L
2025-05-14 00:00:07+00:00,Trial Library,data engineer,"San Francisco, CA","['testing', 'system', 'frontend', 'security', 'python', 'software', 'test', 'code', 'qa', 'typescript', 'api', 'reliability', 'health', 'healthcare', 'engineer', 'engineering', 'backend']",70000,120000,2021,SE,FT,115000,USD,115000,US,100,US,S
2025-05-14 00:00:07+00:00,Trial Library,data engineer,"San Francisco, CA","['testing', 'system', 'frontend', 'security', 'python', 'software', 'test', 'code', 'qa', 'typescript', 'api', 'reliability', 'health', 'healthcare', 'engineer', 'engineering', 'backend']",70000,120000,2021,SE,FT,150000,USD,150000,US,100,US,M
2025-05-14 00:00:07+00:00,Trial Library,data engineer,"San Francisco, CA","['testing', 'system', 'frontend', 'security', 'python', 'software', 'test', 'code', 'qa', 'typescript', 'api', 'reliability', 'health', 'healthcare', 'engineer', 'engineering', 'backend']",70000,120000,2021,EN,FT,2250000,INR,30428,IN,100,IN,L
2025-05-14 00:00:07+00:00,Trial Library,data engineer,"San Francisco, CA","['testing', 'system', 'frontend', 'security', 'python', 'software', 'test', 'code', 'qa', 'typescript', 'api', 'reliability', 'health', 'healthcare', 'engineer', 'engineering', 'backend']",70000,120000,2021,SE,FT,82500,GBP,113476,GB,100,GB,M
2025-05-14 00:00:07+00:00,Trial Library,data engineer,"San Francisco, CA","['testing', 'system', 'frontend', 'security', 'python', 'software', 'test', 'code', 'qa', 'typescript', 'api', 'reliability', 'health', 'healthcare', 'engineer', 'engineering', 'backend']",70000,120000,2021,SE,FT,75000,GBP,103160,GB,100,GB,S
2025-05-14 00:00:07+00:00,Trial Library,data engineer,"San Francisco, CA","['testing', 'system', 'frontend', 'security', 'python', 'software', 'test', 'code', 'qa', 'typescript', 'api', 'reliability', 'health', 'healthcare', 'engineer', 'engineering', 'backend']",70000,120000,2021,MI,FT,38400,EUR,45391,NL,100,NL,L
2025-05-14 00:00:07+00:00,Trial Library,data engineer,"San Francisco, CA","['testing', 'system', 'frontend', 'security', 'python', 'software', 'test', 'code', 'qa', 'typescript', 'api', 'reliability', 'health', 'healthcare', 'engineer', 'engineering', 'backend']",70000,120000,2021,MI,FT,34000,EUR,40189,GR,100,GR,M
2025-05-14 00:00:07+00:00,Trial Library,data engineer,"San Francisco, CA","['testing', 'system', 'frontend', 'security', 'python', 'software', 'test', 'code', 'qa', 'typescript', 'api', 'reliability', 'health', 'healthcare', 'engineer', 'engineering', 'backend']",70000,120000,2021,MI,FT,200000,USD,200000,US,100,US,L
2025-05-14 00:00:07+00:00,Trial Library,data engineer,"San Francisco, CA","['testing', 'system', 'frontend', 'security', 'python', 'software', 'test', 'code', 'qa', 'typescript', 'api', 'reliability', 'health', 'healthcare', 'engineer', 'engineering', 'backend']",70000,120000,2021,MI,FT,60000,USD,60000,ES,50,RO,M
2025-05-14 00:00:07+00:00,Trial Library,data engineer,"San Francisco, CA","['testing', 'system', 'frontend', 'security', 'python', 'software', 'test', 'code', 'qa', 'typescript', 'api', 'reliability', 'health', 'healthcare', 'engineer', 'engineering', 'backend']",70000,120000,2021,SE,FT,200000,USD,200000,US,100,US,M
2025-05-14 00:00:07+00:00,Trial Library,data engineer,"San Francisco, CA","['testing', 'system', 'frontend', 'security', 'python', 'software', 'test', 'code', 'qa', 'typescript', 'api', 'reliability', 'health', 'healthcare', 'engineer', 'engineering', 'backend']",70000,120000,2021,SE,FT,24000,USD,24000,BR,100,BR,M
2025-05-14 00:00:07+00:00,Trial Library,data engineer,"San Francisco, CA","['testing', 'system', 'frontend', 'security', 'python', 'software', 'test', 'code', 'qa', 'typescript', 'api', 'reliability', 'health', 'healthcare', 'engineer', 'engineering', 'backend']",70000,120000,2021,MI,FT,7000000,JPY,63711,JP,50,JP,S
2025-05-14 00:00:07+00:00,Trial Library,data engineer,"San Francisco, CA","['testing', 'system', 'frontend', 'security', 'python', 'software', 'test', 'code', 'qa', 'typescript', 'api', 'reliability', 'health', 'healthcare', 'engineer', 'engineering', 'backend']",70000,120000,2021,MI,FT,8500000,JPY,77364,JP,50,JP,S
2025-05-14 00:00:07+00:00,Trial Library,data engineer,"San Francisco, CA","['testing', 'system', 'frontend', 'security', 'python', 'software', 'test', 'code', 'qa', 'typescript', 'api', 'reliability', 'health', 'healthcare', 'engineer', 'engineering', 'backend']",70000,120000,2021,SE,FT,150000,USD,150000,US,0,US,L
2025-05-14 00:00:07+00:00,Trial Library,data engineer,"San Francisco, CA","['testing', 'system', 'frontend', 'security', 'python', 'software', 'test', 'code', 'qa', 'typescript', 'api', 'reliability', 'health', 'healthcare', 'engineer', 'engineering', 'backend']",70000,120000,2021,MI,FT,100000,USD,100000,US,100,US,L
2025-05-14 00:00:07+00:00,Trial Library,data engineer,"San Francisco, CA","['testing', 'system', 'frontend', 'security', 'python', 'software', 'test', 'code', 'qa', 'typescript', 'api', 'reliability', 'health', 'healthcare', 'engineer', 'engineering', 'backend']",70000,120000,2021,MI,FT,90000,USD,90000,US,100,US,L
2025-05-14 00:00:07+00:00,Trial Library,data engineer,"San Francisco, CA","['testing', 'system', 'frontend', 'security', 'python', 'software', 'test', 'code', 'qa', 'typescript', 'api', 'reliability', 'health', 'healthcare', 'engineer', 'engineering', 'backend']",70000,120000,2021,SE,FT,153000,USD,153000,US,100,US,L
2025-05-14 00:00:07+00:00,Trial Library,data engineer,"San Francisco, CA","['testing', 'system', 'frontend', 'security', 'python', 'software', 'test', 'code', 'qa', 'typescript', 'api', 'reliability', 'health', 'healthcare', 'engineer', 'engineering', 'backend']",70000,120000,2021,SE,FT,160000,USD,160000,BR,100,US,S
2025-05-14 00:00:07+00:00,Trial Library,data engineer,"San Francisco, CA","['testing', 'system', 'frontend', 'security', 'python', 'software', 'test', 'code', 'qa', 'typescript', 'api', 'reliability', 'health', 'healthcare', 'engineer', 'engineering', 'backend']",70000,120000,2021,SE,FT,159500,CAD,127221,CA,50,CA,L
2025-05-14 00:00:07+00:00,Trial Library,data engineer,"San Francisco, CA","['testing', 'system', 'frontend', 'security', 'python', 'software', 'test', 'code', 'qa', 'typescript', 'api', 'reliability', 'health', 'healthcare', 'engineer', 'engineering', 'backend']",70000,120000,2021,MI,FT,24000,EUR,28369,MT,50,MT,L
2025-05-14 00:00:07+00:00,Trial Library,data engineer,"San Francisco, CA","['testing', 'system', 'frontend', 'security', 'python', 'software', 'test', 'code', 'qa', 'typescript', 'api', 'reliability', 'health', 'healthcare', 'engineer', 'engineering', 'backend']",70000,120000,2021,EN,FT,80000,USD,80000,US,100,US,L
2025-05-14 00:00:07+00:00,Trial Library,data engineer,"San Francisco, CA","['testing', 'system', 'frontend', 'security', 'python', 'software', 'test', 'code', 'qa', 'typescript', 'api', 'reliability', 'health', 'healthcare', 'engineer', 'engineering', 'backend']",70000,120000,2021,MI,FT,150000,USD,150000,US,100,US,L
2025-05-14 00:00:07+00:00,Trial Library,data engineer,"San Francisco, CA","['testing', 'system', 'frontend', 'security', 'python', 'software', 'test', 'code', 'qa', 'typescript', 'api', 'reliability', 'health', 'healthcare', 'engineer', 'engineering', 'backend']",70000,120000,2021,MI,FT,170000,USD,170000,US,100,US,L
2025-05-14 00:00:07+00:00,Trial Library,data engineer,"San Francisco, CA","['testing', 'system', 'frontend', 'security', 'python', 'software', 'test', 'code', 'qa', 'typescript', 'api', 'reliability', 'health', 'healthcare', 'engineer', 'engineering', 'backend']",70000,120000,2021,MI,FT,60000,GBP,82528,GB,100,GB,L
2025-05-14 00:00:07+00:00,Trial Library,data engineer,"San Francisco, CA","['testing', 'system', 'frontend', 'security', 'python', 'software', 'test', 'code', 'qa', 'typescript', 'api', 'reliability', 'health', 'healthcare', 'engineer', 'engineering', 'backend']",70000,120000,2021,SE,FT,174000,USD,174000,US,100,US,L
2025-05-14 00:00:07+00:00,Trial Library,data engineer,"San Francisco, CA","['testing', 'system', 'frontend', 'security', 'python', 'software', 'test', 'code', 'qa', 'typescript', 'api', 'reliability', 'health', 'healthcare', 'engineer', 'engineering', 'backend']",70000,120000,2021,MI,FT,1672000,INR,22611,IN,0,IN,L
2025-05-14 00:00:07+00:00,Trial Library,data engineer,"San Francisco, CA","['testing', 'system', 'frontend', 'security', 'python', 'software', 'test', 'code', 'qa', 'typescript', 'api', 'reliability', 'health', 'healthcare', 'engineer', 'engineering', 'backend']",70000,120000,2021,MI,FT,22000,EUR,26005,RO,0,US,L
2025-05-14 00:00:07+00:00,Trial Library,data engineer,"San Francisco, CA","['testing', 'system', 'frontend', 'security', 'python', 'software', 'test', 'code', 'qa', 'typescript', 'api', 'reliability', 'health', 'healthcare', 'engineer', 'engineering', 'backend']",70000,120000,2021,MI,FT,4000,USD,4000,IR,100,IR,M
2025-05-14 00:00:07+00:00,Trial Library,data engineer,"San Francisco, CA","['testing', 'system', 'frontend', 'security', 'python', 'software', 'test', 'code', 'qa', 'typescript', 'api', 'reliability', 'health', 'healthcare', 'engineer', 'engineering', 'backend']",70000,120000,2021,SE,FT,65000,EUR,76833,RO,50,GB,S
2025-05-14 00:00:07+00:00,Trial Library,data engineer,"San Francisco, CA","['testing', 'system', 'frontend', 'security', 'python', 'software', 'test', 'code', 'qa', 'typescript', 'api', 'reliability', 'health', 'healthcare', 'engineer', 'engineering', 'backend']",70000,120000,2021,MI,FT,18000,USD,18000,MD,0,MD,S
2025-05-14 00:00:07+00:00,Trial Library,data engineer,"San Francisco, CA","['testing', 'system', 'frontend', 'security', 'python', 'software', 'test', 'code', 'qa', 'typescript', 'api', 'reliability', 'health', 'healthcare', 'engineer', 'engineering', 'backend']",70000,120000,2021,SE,FT,165000,USD,165000,US,0,US,M
2025-05-14 00:00:07+00:00,Trial Library,data engineer,"San Francisco, CA","['testing', 'system', 'frontend', 'security', 'python', 'software', 'test', 'code', 'qa', 'typescript', 'api', 'reliability', 'health', 'healthcare', 'engineer', 'engineering', 'backend']",70000,120000,2021,MI,FL,20000,USD,20000,IT,0,US,L
2025-05-14 00:00:07+00:00,Trial Library,data engineer,"San Francisco, CA","['testing', 'system', 'frontend', 'security', 'python', 'software', 'test', 'code', 'qa', 'typescript', 'api', 'reliability', 'health', 'healthcare', 'engineer', 'engineering', 'backend']",70000,120000,2021,MI,FT,48000,GBP,66022,HK,50,GB,S
2025-05-14 00:00:07+00:00,Trial Library,data engineer,"San Francisco, CA","['testing', 'system', 'frontend', 'security', 'python', 'software', 'test', 'code', 'qa', 'typescript', 'api', 'reliability', 'health', 'healthcare', 'engineer', 'engineering', 'backend']",70000,120000,2021,EN,FT,435000,INR,5882,IN,0,CH,L
2025-05-14 00:00:07+00:00,Trial Library,data engineer,"San Francisco, CA","['testing', 'system', 'frontend', 'security', 'python', 'software', 'test', 'code', 'qa', 'typescript', 'api', 'reliability', 'health', 'healthcare', 'engineer', 'engineering', 'backend']",70000,120000,2021,SE,FT,185000,USD,185000,US,100,US,L
2025-05-14 00:00:07+00:00,Trial Library,data engineer,"San Francisco, CA","['testing', 'system', 'frontend', 'security', 'python', 'software', 'test', 'code', 'qa', 'typescript', 'api', 'reliability', 'health', 'healthcare', 'engineer', 'engineering', 'backend']",70000,120000,2021,EN,PT,180000,DKK,28609,DK,50,DK,S
2025-05-14 00:00:07+00:00,Trial Library,data engineer,"San Francisco, CA","['testing', 'system', 'frontend', 'security', 'python', 'software', 'test', 'code', 'qa', 'typescript', 'api', 'reliability', 'health', 'healthcare', 'engineer', 'engineering', 'backend']",70000,120000,2021,EN,FT,1200000,INR,16228,IN,100,IN,L
2025-05-14 00:00:07+00:00,Trial Library,data engineer,"San Francisco, CA","['testing', 'system', 'frontend', 'security', 'python', 'software', 'test', 'code', 'qa', 'typescript', 'api', 'reliability', 'health', 'healthcare', 'engineer', 'engineering', 'backend']",70000,120000,2021,SE,FT,256000,USD,256000,US,100,US,S
2025-05-14 00:00:07+00:00,Trial Library,data engineer,"San Francisco, CA","['testing', 'system', 'frontend', 'security', 'python', 'software', 'test', 'code', 'qa', 'typescript', 'api', 'reliability', 'health', 'healthcare', 'engineer', 'engineering', 'backend']",70000,120000,2021,SE,FT,200000,USD,200000,US,100,US,L
2025-05-14 00:00:07+00:00,Trial Library,data engineer,"San Francisco, CA","['testing', 'system', 'frontend', 'security', 'python', 'software', 'test', 'code', 'qa', 'typescript', 'api', 'reliability', 'health', 'healthcare', 'engineer', 'engineering', 'backend']",70000,120000,2021,MI,FT,180000,USD,180000,US,100,US,L
2025-05-14 00:00:07+00:00,Trial Library,data engineer,"San Francisco, CA","['testing', 'system', 'frontend', 'security', 'python', 'software', 'test', 'code', 'qa', 'typescript', 'api', 'reliability', 'health', 'healthcare', 'engineer', 'engineering', 'backend']",70000,120000,2021,EN,FT,1600000,INR,21637,IN,50,IN,M
2025-05-14 00:00:07+00:00,Trial Library,data engineer,"San Francisco, CA","['testing', 'system', 'frontend', 'security', 'python', 'software', 'test', 'code', 'qa', 'typescript', 'api', 'reliability', 'health', 'healthcare', 'engineer', 'engineering', 'backend']",70000,120000,2021,MI,FT,110000,USD,110000,US,100,US,L
2025-05-14 00:00:07+00:00,Trial Library,data engineer,"San Francisco, CA","['testing', 'system', 'frontend', 'security', 'python', 'software', 'test', 'code', 'qa', 'typescript', 'api', 'reliability', 'health', 'healthcare', 'engineer', 'engineering', 'backend']",70000,120000,2021,MI,FT,52500,GBP,72212,GB,50,GB,L
2025-05-14 00:00:07+00:00,Trial Library,data engineer,"San Francisco, CA","['testing', 'system', 'frontend', 'security', 'python', 'software', 'test', 'code', 'qa', 'typescript', 'api', 'reliability', 'health', 'healthcare', 'engineer', 'engineering', 'backend']",70000,120000,2021,MI,FT,108000,TRY,12103,TR,0,TR,M
2025-05-14 00:00:07+00:00,Trial Library,data engineer,"San Francisco, CA","['testing', 'system', 'frontend', 'security', 'python', 'software', 'test', 'code', 'qa', 'typescript', 'api', 'reliability', 'health', 'healthcare', 'engineer', 'engineering', 'backend']",70000,120000,2021,SE,FT,70000,GBP,96282,GB,50,GB,L
2025-05-14 00:00:07+00:00,Trial Library,data engineer,"San Francisco, CA","['testing', 'system', 'frontend', 'security', 'python', 'software', 'test', 'code', 'qa', 'typescript', 'api', 'reliability', 'health', 'healthcare', 'engineer', 'engineering', 'backend']",70000,120000,2021,EX,FT,600000,USD,600000,US,100,US,L
2025-05-14 00:00:07+00:00,Trial Library,data engineer,"San Francisco, CA","['testing', 'system', 'frontend', 'security', 'python', 'software', 'test', 'code', 'qa', 'typescript', 'api', 'reliability', 'health', 'healthcare', 'engineer', 'engineering', 'backend']",70000,120000,2021,SE,FT,125000,CAD,99703,CA,50,CA,M
2025-05-14 00:00:07+00:00,Trial Library,data engineer,"San Francisco, CA","['testing', 'system', 'frontend', 'security', 'python', 'software', 'test', 'code', 'qa', 'typescript', 'api', 'reliability', 'health', 'healthcare', 'engineer', 'engineering', 'backend']",70000,120000,2021,MI,FT,200000,USD,200000,US,100,US,L
2025-05-14 00:00:07+00:00,Trial Library,data engineer,"San Francisco, CA","['testing', 'system', 'frontend', 'security', 'python', 'software', 'test', 'code', 'qa', 'typescript', 'api', 'reliability', 'health', 'healthcare', 'engineer', 'engineering', 'backend']",70000,120000,2021,SE,FT,160000,USD,160000,PR,50,US,S
2025-05-14 00:00:07+00:00,Trial Library,data engineer,"San Francisco, CA","['testing', 'system', 'frontend', 'security', 'python', 'software', 'test', 'code', 'qa', 'typescript', 'api', 'reliability', 'health', 'healthcare', 'engineer', 'engineering', 'backend']",70000,120000,2021,MI,FT,93150,USD,93150,US,0,US,M
2025-05-14 00:00:07+00:00,Trial Library,data engineer,"San Francisco, CA","['testing', 'system', 'frontend', 'security', 'python', 'software', 'test', 'code', 'qa', 'typescript', 'api', 'reliability', 'health', 'healthcare', 'engineer', 'engineering', 'backend']",70000,120000,2021,MI,FT,111775,USD,111775,US,0,US,M
2025-05-14 00:00:07+00:00,Trial Library,data engineer,"San Francisco, CA","['testing', 'system', 'frontend', 'security', 'python', 'software', 'test', 'code', 'qa', 'typescript', 'api', 'reliability', 'health', 'healthcare', 'engineer', 'engineering', 'backend']",70000,120000,2021,MI,FT,250000,TRY,28016,TR,100,TR,M
2025-05-14 00:00:07+00:00,Trial Library,data engineer,"San Francisco, CA","['testing', 'system', 'frontend', 'security', 'python', 'software', 'test', 'code', 'qa', 'typescript', 'api', 'reliability', 'health', 'healthcare', 'engineer', 'engineering', 'backend']",70000,120000,2021,EN,FT,55000,EUR,65013,DE,50,DE,M
2025-05-14 00:00:07+00:00,Trial Library,data engineer,"San Francisco, CA","['testing', 'system', 'frontend', 'security', 'python', 'software', 'test', 'code', 'qa', 'typescript', 'api', 'reliability', 'health', 'healthcare', 'engineer', 'engineering', 'backend']",70000,120000,2021,EN,FT,72500,USD,72500,US,100,US,L
2025-05-14 00:00:07+00:00,Trial Library,data engineer,"San Francisco, CA","['testing', 'system', 'frontend', 'security', 'python', 'software', 'test', 'code', 'qa', 'typescript', 'api', 'reliability', 'health', 'healthcare', 'engineer', 'engineering', 'backend']",70000,120000,2021,SE,FT,102000,BRL,18907,BR,0,BR,M
2025-05-14 00:00:07+00:00,Trial Library,data engineer,"San Francisco, CA","['testing', 'system', 'frontend', 'security', 'python', 'software', 'test', 'code', 'qa', 'typescript', 'api', 'reliability', 'health', 'healthcare', 'engineer', 'engineering', 'backend']",70000,120000,2021,MI,FT,112000,USD,112000,US,100,US,L
2025-05-14 00:00:07+00:00,Trial Library,data engineer,"San Francisco, CA","['testing', 'system', 'frontend', 'security', 'python', 'software', 'test', 'code', 'qa', 'typescript', 'api', 'reliability', 'health', 'healthcare', 'engineer', 'engineering', 'backend']",70000,120000,2021,MI,PT,59000,EUR,69741,NL,100,NL,L
2025-05-14 00:00:07+00:00,Trial Library,data engineer,"San Francisco, CA","['testing', 'system', 'frontend', 'security', 'python', 'software', 'test', 'code', 'qa', 'typescript', 'api', 'reliability', 'health', 'healthcare', 'engineer', 'engineering', 'backend']",70000,120000,2022,SE,FT,135000,USD,135000,US,100,US,M
2025-05-14 00:00:07+00:00,Trial Library,data engineer,"San Francisco, CA","['testing', 'system', 'frontend', 'security', 'python', 'software', 'test', 'code', 'qa', 'typescript', 'api', 'reliability', 'health', 'healthcare', 'engineer', 'engineering', 'backend']",70000,120000,2022,MI,FT,170000,USD,170000,US,100,US,M
2025-05-14 00:00:07+00:00,Trial Library,data engineer,"San Francisco, CA","['testing', 'system', 'frontend', 'security', 'python', 'software', 'test', 'code', 'qa', 'typescript', 'api', 'reliability', 'health', 'healthcare', 'engineer', 'engineering', 'backend']",70000,120000,2022,MI,FT,150000,USD,150000,US,100,US,M
2025-05-14 00:00:07+00:00,Trial Library,data engineer,"San Francisco, CA","['testing', 'system', 'frontend', 'security', 'python', 'software', 'test', 'code', 'qa', 'typescript', 'api', 'reliability', 'health', 'healthcare', 'engineer', 'engineering', 'backend']",70000,120000,2022,EN,FT,40000,GBP,52351,GB,100,GB,M
2025-05-14 00:00:07+00:00,Trial Library,data engineer,"San Francisco, CA","['testing', 'system', 'frontend', 'security', 'python', 'software', 'test', 'code', 'qa', 'typescript', 'api', 'reliability', 'health', 'healthcare', 'engineer', 'engineering', 'backend']",70000,120000,2022,EX,FT,242000,USD,242000,US,100,US,M
2025-05-14 00:00:07+00:00,Trial Library,data engineer,"San Francisco, CA","['testing', 'system', 'frontend', 'security', 'python', 'software', 'test', 'code', 'qa', 'typescript', 'api', 'reliability', 'health', 'healthcare', 'engineer', 'engineering', 'backend']",70000,120000,2022,EX,FT,200000,USD,200000,US,100,US,M
2025-05-14 00:00:07+00:00,Trial Library,data engineer,"San Francisco, CA","['testing', 'system', 'frontend', 'security', 'python', 'software', 'test', 'code', 'qa', 'typescript', 'api', 'reliability', 'health', 'healthcare', 'engineer', 'engineering', 'backend']",70000,120000,2022,MI,FT,60000,GBP,78526,GB,0,GB,M
2025-05-14 00:00:07+00:00,Trial Library,data engineer,"San Francisco, CA","['testing', 'system', 'frontend', 'security', 'python', 'software', 'test', 'code', 'qa', 'typescript', 'api', 'reliability', 'health', 'healthcare', 'engineer', 'engineering', 'backend']",70000,120000,2022,MI,FT,40000,GBP,52351,GB,0,GB,M
2025-05-14 00:00:07+00:00,Trial Library,data engineer,"San Francisco, CA","['testing', 'system', 'frontend', 'security', 'python', 'software', 'test', 'code', 'qa', 'typescript', 'api', 'reliability', 'health', 'healthcare', 'engineer', 'engineering', 'backend']",70000,120000,2022,EN,FT,35000,GBP,45807,GB,100,GB,M
2025-05-14 00:00:07+00:00,Trial Library,data engineer,"San Francisco, CA","['testing', 'system', 'frontend', 'security', 'python', 'software', 'test', 'code', 'qa', 'typescript', 'api', 'reliability', 'health', 'healthcare', 'engineer', 'engineering', 'backend']",70000,120000,2022,SE,FT,181940,USD,181940,US,0,US,M
2025-05-14 00:00:07+00:00,Trial Library,data engineer,"San Francisco, CA","['testing', 'system', 'frontend', 'security', 'python', 'software', 'test', 'code', 'qa', 'typescript', 'api', 'reliability', 'health', 'healthcare', 'engineer', 'engineering', 'backend']",70000,120000,2022,SE,FT,132320,USD,132320,US,0,US,M
2025-05-14 00:00:07+00:00,Trial Library,data engineer,"San Francisco, CA","['testing', 'system', 'frontend', 'security', 'python', 'software', 'test', 'code', 'qa', 'typescript', 'api', 'reliability', 'health', 'healthcare', 'engineer', 'engineering', 'backend']",70000,120000,2022,SE,FT,220110,USD,220110,US,0,US,M
2025-05-14 00:00:07+00:00,Trial Library,data engineer,"San Francisco, CA","['testing', 'system', 'frontend', 'security', 'python', 'software', 'test', 'code', 'qa', 'typescript', 'api', 'reliability', 'health', 'healthcare', 'engineer', 'engineering', 'backend']",70000,120000,2022,SE,FT,160080,USD,160080,US,0,US,M
2025-05-14 00:00:07+00:00,Trial Library,data engineer,"San Francisco, CA","['testing', 'system', 'frontend', 'security', 'python', 'software', 'test', 'code', 'qa', 'typescript', 'api', 'reliability', 'health', 'healthcare', 'engineer', 'engineering', 'backend']",70000,120000,2022,SE,FT,165400,USD,165400,US,100,US,M
2025-05-14 00:00:07+00:00,Trial Library,data engineer,"San Francisco, CA","['testing', 'system', 'frontend', 'security', 'python', 'software', 'test', 'code', 'qa', 'typescript', 'api', 'reliability', 'health', 'healthcare', 'engineer', 'engineering', 'backend']",70000,120000,2022,SE,FT,132320,USD,132320,US,100,US,M
2025-05-14 00:00:07+00:00,Trial Library,data engineer,"San Francisco, CA","['testing', 'system', 'frontend', 'security', 'python', 'software', 'test', 'code', 'qa', 'typescript', 'api', 'reliability', 'health', 'healthcare', 'engineer', 'engineering', 'backend']",70000,120000,2022,SE,FT,243900,USD,243900,US,100,US,M
2025-05-14 00:00:07+00:00,Trial Library,data engineer,"San Francisco, CA","['testing', 'system', 'frontend', 'security', 'python', 'software', 'test', 'code', 'qa', 'typescript', 'api', 'reliability', 'health', 'healthcare', 'engineer', 'engineering', 'backend']",70000,120000,2022,SE,FT,128875,USD,128875,US,100,US,M
2025-05-14 00:00:07+00:00,Trial Library,data engineer,"San Francisco, CA","['testing', 'system', 'frontend', 'security', 'python', 'software', 'test', 'code', 'qa', 'typescript', 'api', 'reliability', 'health', 'healthcare', 'engineer', 'engineering', 'backend']",70000,120000,2022,SE,FT,93700,USD,93700,US,100,US,M
2025-05-14 00:00:07+00:00,Trial Library,data engineer,"San Francisco, CA","['testing', 'system', 'frontend', 'security', 'python', 'software', 'test', 'code', 'qa', 'typescript', 'api', 'reliability', 'health', 'healthcare', 'engineer', 'engineering', 'backend']",70000,120000,2022,SE,FT,156600,USD,156600,US,100,US,M
2025-05-14 00:00:07+00:00,Trial Library,data engineer,"San Francisco, CA","['testing', 'system', 'frontend', 'security', 'python', 'software', 'test', 'code', 'qa', 'typescript', 'api', 'reliability', 'health', 'healthcare', 'engineer', 'engineering', 'backend']",70000,120000,2022,SE,FT,108800,USD,108800,US,0,US,M
2025-05-14 00:00:07+00:00,Trial Library,data engineer,"San Francisco, CA","['testing', 'system', 'frontend', 'security', 'python', 'software', 'test', 'code', 'qa', 'typescript', 'api', 'reliability', 'health', 'healthcare', 'engineer', 'engineering', 'backend']",70000,120000,2022,SE,FT,113000,USD,113000,US,0,US,L
2025-05-14 00:00:07+00:00,Trial Library,data engineer,"San Francisco, CA","['testing', 'system', 'frontend', 'security', 'python', 'software', 'test', 'code', 'qa', 'typescript', 'api', 'reliability', 'health', 'healthcare', 'engineer', 'engineering', 'backend']",70000,120000,2022,SE,FT,60000,GBP,78526,GB,0,GB,M
2025-05-14 00:00:07+00:00,Trial Library,data engineer,"San Francisco, CA","['testing', 'system', 'frontend', 'security', 'python', 'software', 'test', 'code', 'qa', 'typescript', 'api', 'reliability', 'health', 'healthcare', 'engineer', 'engineering', 'backend']",70000,120000,2022,SE,FT,50000,GBP,65438,GB,0,GB,M
2025-05-14 00:00:07+00:00,Trial Library,data engineer,"San Francisco, CA","['testing', 'system', 'frontend', 'security', 'python', 'software', 'test', 'code', 'qa', 'typescript', 'api', 'reliability', 'health', 'healthcare', 'engineer', 'engineering', 'backend']",70000,120000,2022,SE,FT,192400,USD,192400,CA,100,CA,M
2025-05-14 00:00:07+00:00,Trial Library,data engineer,"San Francisco, CA","['testing', 'system', 'frontend', 'security', 'python', 'software', 'test', 'code', 'qa', 'typescript', 'api', 'reliability', 'health', 'healthcare', 'engineer', 'engineering', 'backend']",70000,120000,2022,SE,FT,90700,USD,90700,CA,100,CA,M
2025-05-14 00:00:07+00:00,Trial Library,data engineer,"San Francisco, CA","['testing', 'system', 'frontend', 'security', 'python', 'software', 'test', 'code', 'qa', 'typescript', 'api', 'reliability', 'health', 'healthcare', 'engineer', 'engineering', 'backend']",70000,120000,2022,SE,FT,160000,USD,160000,US,0,US,L
2025-05-14 00:00:07+00:00,Trial Library,data engineer,"San Francisco, CA","['testing', 'system', 'frontend', 'security', 'python', 'software', 'test', 'code', 'qa', 'typescript', 'api', 'reliability', 'health', 'healthcare', 'engineer', 'engineering', 'backend']",70000,120000,2022,SE,FT,136000,USD,136000,US,0,US,M
2025-05-14 00:00:07+00:00,Trial Library,data engineer,"San Francisco, CA","['testing', 'system', 'frontend', 'security', 'python', 'software', 'test', 'code', 'qa', 'typescript', 'api', 'reliability', 'health', 'healthcare', 'engineer', 'engineering', 'backend']",70000,120000,2022,MI,FT,50000,EUR,54957,GR,0,GR,M
2025-05-14 00:00:07+00:00,Trial Library,data engineer,"San Francisco, CA","['testing', 'system', 'frontend', 'security', 'python', 'software', 'test', 'code', 'qa', 'typescript', 'api', 'reliability', 'health', 'healthcare', 'engineer', 'engineering', 'backend']",70000,120000,2022,MI,FT,50000,EUR,54957,GR,0,GR,M
2025-05-14 00:00:07+00:00,Trial Library,data engineer,"San Francisco, CA","['testing', 'system', 'frontend', 'security', 'python', 'software', 'test', 'code', 'qa', 'typescript', 'api', 'reliability', 'health', 'healthcare', 'engineer', 'engineering', 'backend']",70000,120000,2022,EX,FT,150000,CAD,118187,CA,100,CA,S
2025-05-14 00:00:07+00:00,Trial Library,data engineer,"San Francisco, CA","['testing', 'system', 'frontend', 'security', 'python', 'software', 'test', 'code', 'qa', 'typescript', 'api', 'reliability', 'health', 'healthcare', 'engineer', 'engineering', 'backend']",70000,120000,2022,SE,FT,165400,USD,165400,US,100,US,M
2025-05-14 00:00:07+00:00,Trial Library,data engineer,"San Francisco, CA","['testing', 'system', 'frontend', 'security', 'python', 'software', 'test', 'code', 'qa', 'typescript', 'api', 'reliability', 'health', 'healthcare', 'engineer', 'engineering', 'backend']",70000,120000,2022,SE,FT,208775,USD,208775,US,100,US,M
2025-05-14 00:00:07+00:00,Trial Library,data engineer,"San Francisco, CA","['testing', 'system', 'frontend', 'security', 'python', 'software', 'test', 'code', 'qa', 'typescript', 'api', 'reliability', 'health', 'healthcare', 'engineer', 'engineering', 'backend']",70000,120000,2022,SE,FT,147800,USD,147800,US,100,US,M
2025-05-14 00:00:07+00:00,Trial Library,data engineer,"San Francisco, CA","['testing', 'system', 'frontend', 'security', 'python', 'software', 'test', 'code', 'qa', 'typescript', 'api', 'reliability', 'health', 'healthcare', 'engineer', 'engineering', 'backend']",70000,120000,2022,SE,FT,136994,USD,136994,US,100,US,M
2025-05-14 00:00:07+00:00,Trial Library,data engineer,"San Francisco, CA","['testing', 'system', 'frontend', 'security', 'python', 'software', 'test', 'code', 'qa', 'typescript', 'api', 'reliability', 'health', 'healthcare', 'engineer', 'engineering', 'backend']",70000,120000,2022,SE,FT,101570,USD,101570,US,100,US,M
2025-05-14 00:00:07+00:00,Trial Library,data engineer,"San Francisco, CA","['testing', 'system', 'frontend', 'security', 'python', 'software', 'test', 'code', 'qa', 'typescript', 'api', 'reliability', 'health', 'healthcare', 'engineer', 'engineering', 'backend']",70000,120000,2022,SE,FT,132320,USD,132320,US,100,US,M
2025-05-14 00:00:07+00:00,Trial Library,data engineer,"San Francisco, CA","['testing', 'system', 'frontend', 'security', 'python', 'software', 'test', 'code', 'qa', 'typescript', 'api', 'reliability', 'health', 'healthcare', 'engineer', 'engineering', 'backend']",70000,120000,2022,SE,FT,155000,USD,155000,US,100,US,M
2025-05-14 00:00:07+00:00,Trial Library,data engineer,"San Francisco, CA","['testing', 'system', 'frontend', 'security', 'python', 'software', 'test', 'code', 'qa', 'typescript', 'api', 'reliability', 'health', 'healthcare', 'engineer', 'engineering', 'backend']",70000,120000,2022,MI,FT,90000,GBP,117789,GB,0,GB,M
2025-05-14 00:00:07+00:00,Trial Library,data engineer,"San Francisco, CA","['testing', 'system', 'frontend', 'security', 'python', 'software', 'test', 'code', 'qa', 'typescript', 'api', 'reliability', 'health', 'healthcare', 'engineer', 'engineering', 'backend']",70000,120000,2022,SE,FT,209100,USD,209100,US,100,US,L
2025-05-14 00:00:07+00:00,Trial Library,data engineer,"San Francisco, CA","['testing', 'system', 'frontend', 'security', 'python', 'software', 'test', 'code', 'qa', 'typescript', 'api', 'reliability', 'health', 'healthcare', 'engineer', 'engineering', 'backend']",70000,120000,2022,SE,FT,154600,USD,154600,US,100,US,L
2025-05-14 00:00:07+00:00,Trial Library,data engineer,"San Francisco, CA","['testing', 'system', 'frontend', 'security', 'python', 'software', 'test', 'code', 'qa', 'typescript', 'api', 'reliability', 'health', 'healthcare', 'engineer', 'engineering', 'backend']",70000,120000,2022,SE,FT,175000,USD,175000,US,100,US,M
2025-05-14 00:00:07+00:00,Trial Library,data engineer,"San Francisco, CA","['testing', 'system', 'frontend', 'security', 'python', 'software', 'test', 'code', 'qa', 'typescript', 'api', 'reliability', 'health', 'healthcare', 'engineer', 'engineering', 'backend']",70000,120000,2022,MI,FT,75000,GBP,98158,GB,0,GB,M
2025-05-14 00:00:07+00:00,Trial Library,data engineer,"San Francisco, CA","['testing', 'system', 'frontend', 'security', 'python', 'software', 'test', 'code', 'qa', 'typescript', 'api', 'reliability', 'health', 'healthcare', 'engineer', 'engineering', 'backend']",70000,120000,2022,SE,FT,183600,USD,183600,US,100,US,L
2025-05-14 00:00:07+00:00,Trial Library,data engineer,"San Francisco, CA","['testing', 'system', 'frontend', 'security', 'python', 'software', 'test', 'code', 'qa', 'typescript', 'api', 'reliability', 'health', 'healthcare', 'engineer', 'engineering', 'backend']",70000,120000,2022,MI,FT,60000,EUR,65949,GR,100,GR,M
2025-05-14 00:00:07+00:00,Trial Library,data engineer,"San Francisco, CA","['testing', 'system', 'frontend', 'security', 'python', 'software', 'test', 'code', 'qa', 'typescript', 'api', 'reliability', 'health', 'healthcare', 'engineer', 'engineering', 'backend']",70000,120000,2022,MI,FT,45000,EUR,49461,GR,100,GR,M
2025-05-14 00:00:07+00:00,Trial Library,data engineer,"San Francisco, CA","['testing', 'system', 'frontend', 'security', 'python', 'software', 'test', 'code', 'qa', 'typescript', 'api', 'reliability', 'health', 'healthcare', 'engineer', 'engineering', 'backend']",70000,120000,2022,MI,FT,60000,GBP,78526,GB,100,GB,M
2025-05-14 00:00:07+00:00,Trial Library,data engineer,"San Francisco, CA","['testing', 'system', 'frontend', 'security', 'python', 'software', 'test', 'code', 'qa', 'typescript', 'api', 'reliability', 'health', 'healthcare', 'engineer', 'engineering', 'backend']",70000,120000,2022,MI,FT,45000,GBP,58894,GB,100,GB,M
2025-05-14 00:00:07+00:00,Trial Library,data engineer,"San Francisco, CA","['testing', 'system', 'frontend', 'security', 'python', 'software', 'test', 'code', 'qa', 'typescript', 'api', 'reliability', 'health', 'healthcare', 'engineer', 'engineering', 'backend']",70000,120000,2022,SE,FT,60000,USD,60000,AR,100,MX,L
2025-05-14 00:00:07+00:00,Trial Library,data engineer,"San Francisco, CA","['testing', 'system', 'frontend', 'security', 'python', 'software', 'test', 'code', 'qa', 'typescript', 'api', 'reliability', 'health', 'healthcare', 'engineer', 'engineering', 'backend']",70000,120000,2022,MI,FT,63900,USD,63900,US,0,US,M
2025-05-14 00:00:07+00:00,Trial Library,data engineer,"San Francisco, CA","['testing', 'system', 'frontend', 'security', 'python', 'software', 'test', 'code', 'qa', 'typescript', 'api', 'reliability', 'health', 'healthcare', 'engineer', 'engineering', 'backend']",70000,120000,2022,MI,FT,82900,USD,82900,US,0,US,M
2025-05-14 00:00:07+00:00,Trial Library,data engineer,"San Francisco, CA","['testing', 'system', 'frontend', 'security', 'python', 'software', 'test', 'code', 'qa', 'typescript', 'api', 'reliability', 'health', 'healthcare', 'engineer', 'engineering', 'backend']",70000,120000,2022,SE,FT,100800,USD,100800,US,100,US,L
2025-05-14 00:00:07+00:00,Trial Library,data engineer,"San Francisco, CA","['testing', 'system', 'frontend', 'security', 'python', 'software', 'test', 'code', 'qa', 'typescript', 'api', 'reliability', 'health', 'healthcare', 'engineer', 'engineering', 'backend']",70000,120000,2022,MI,FT,45000,EUR,49461,ES,100,ES,M
2025-05-14 00:00:07+00:00,Trial Library,data engineer,"San Francisco, CA","['testing', 'system', 'frontend', 'security', 'python', 'software', 'test', 'code', 'qa', 'typescript', 'api', 'reliability', 'health', 'healthcare', 'engineer', 'engineering', 'backend']",70000,120000,2022,MI,FT,80000,EUR,87932,ES,100,ES,M
2025-05-14 00:00:07+00:00,Trial Library,data engineer,"San Francisco, CA","['testing', 'system', 'frontend', 'security', 'python', 'software', 'test', 'code', 'qa', 'typescript', 'api', 'reliability', 'health', 'healthcare', 'engineer', 'engineering', 'backend']",70000,120000,2022,MI,FT,70000,EUR,76940,ES,100,ES,M
2025-05-14 00:00:07+00:00,Trial Library,data engineer,"San Francisco, CA","['testing', 'system', 'frontend', 'security', 'python', 'software', 'test', 'code', 'qa', 'typescript', 'api', 'reliability', 'health', 'healthcare', 'engineer', 'engineering', 'backend']",70000,120000,2022,MI,FT,80000,GBP,104702,GB,100,GB,M
2025-05-14 00:00:07+00:00,Trial Library,data engineer,"San Francisco, CA","['testing', 'system', 'frontend', 'security', 'python', 'software', 'test', 'code', 'qa', 'typescript', 'api', 'reliability', 'health', 'healthcare', 'engineer', 'engineering', 'backend']",70000,120000,2022,MI,FT,70000,GBP,91614,GB,100,GB,M
2025-05-14 00:00:07+00:00,Trial Library,data engineer,"San Francisco, CA","['testing', 'system', 'frontend', 'security', 'python', 'software', 'test', 'code', 'qa', 'typescript', 'api', 'reliability', 'health', 'healthcare', 'engineer', 'engineering', 'backend']",70000,120000,2022,MI,FT,60000,EUR,65949,ES,100,ES,M
2025-05-14 00:00:07+00:00,Trial Library,data engineer,"San Francisco, CA","['testing', 'system', 'frontend', 'security', 'python', 'software', 'test', 'code', 'qa', 'typescript', 'api', 'reliability', 'health', 'healthcare', 'engineer', 'engineering', 'backend']",70000,120000,2022,MI,FT,80000,EUR,87932,GR,100,GR,M
2025-05-14 00:00:07+00:00,Trial Library,data engineer,"San Francisco, CA","['testing', 'system', 'frontend', 'security', 'python', 'software', 'test', 'code', 'qa', 'typescript', 'api', 'reliability', 'health', 'healthcare', 'engineer', 'engineering', 'backend']",70000,120000,2022,MI,FT,75000,GBP,98158,GB,100,GB,M
2025-05-14 00:00:07+00:00,Trial Library,data engineer,"San Francisco, CA","['testing', 'system', 'frontend', 'security', 'python', 'software', 'test', 'code', 'qa', 'typescript', 'api', 'reliability', 'health', 'healthcare', 'engineer', 'engineering', 'backend']",70000,120000,2022,MI,FT,60000,GBP,78526,GB,100,GB,M
2025-05-14 00:00:07+00:00,Trial Library,data engineer,"San Francisco, CA","['testing', 'system', 'frontend', 'security', 'python', 'software', 'test', 'code', 'qa', 'typescript', 'api', 'reliability', 'health', 'healthcare', 'engineer', 'engineering', 'backend']",70000,120000,2022,MI,FT,70000,EUR,76940,GR,100,GR,M
2025-05-14 00:00:07+00:00,Trial Library,data engineer,"San Francisco, CA","['testing', 'system', 'frontend', 'security', 'python', 'software', 'test', 'code', 'qa', 'typescript', 'api', 'reliability', 'health', 'healthcare', 'engineer', 'engineering', 'backend']",70000,120000,2022,SE,FT,209100,USD,209100,US,100,US,L
2025-05-14 00:00:07+00:00,Trial Library,data engineer,"San Francisco, CA","['testing', 'system', 'frontend', 'security', 'python', 'software', 'test', 'code', 'qa', 'typescript', 'api', 'reliability', 'health', 'healthcare', 'engineer', 'engineering', 'backend']",70000,120000,2022,SE,FT,154600,USD,154600,US,100,US,L
2025-05-14 00:00:07+00:00,Trial Library,data engineer,"San Francisco, CA","['testing', 'system', 'frontend', 'security', 'python', 'software', 'test', 'code', 'qa', 'typescript', 'api', 'reliability', 'health', 'healthcare', 'engineer', 'engineering', 'backend']",70000,120000,2022,SE,FT,180000,USD,180000,US,100,US,M
2025-05-14 00:00:07+00:00,Trial Library,data engineer,"San Francisco, CA","['testing', 'system', 'frontend', 'security', 'python', 'software', 'test', 'code', 'qa', 'typescript', 'api', 'reliability', 'health', 'healthcare', 'engineer', 'engineering', 'backend']",70000,120000,2022,EN,FT,20000,EUR,21983,PT,100,PT,L
2025-05-14 00:00:07+00:00,Trial Library,data engineer,"San Francisco, CA","['testing', 'system', 'frontend', 'security', 'python', 'software', 'test', 'code', 'qa', 'typescript', 'api', 'reliability', 'health', 'healthcare', 'engineer', 'engineering', 'backend']",70000,120000,2022,SE,FT,80000,USD,80000,US,100,US,M
2025-05-14 00:00:07+00:00,Trial Library,data engineer,"San Francisco, CA","['testing', 'system', 'frontend', 'security', 'python', 'software', 'test', 'code', 'qa', 'typescript', 'api', 'reliability', 'health', 'healthcare', 'engineer', 'engineering', 'backend']",70000,120000,2022,EN,FT,125000,USD,125000,US,0,US,M
2025-05-14 00:00:07+00:00,Trial Library,data engineer,"San Francisco, CA","['testing', 'system', 'frontend', 'security', 'python', 'software', 'test', 'code', 'qa', 'typescript', 'api', 'reliability', 'health', 'healthcare', 'engineer', 'engineering', 'backend']",70000,120000,2022,MI,FT,240000,CNY,37236,US,50,US,L
2025-05-14 00:00:07+00:00,Trial Library,data engineer,"San Francisco, CA","['testing', 'system', 'frontend', 'security', 'python', 'software', 'test', 'code', 'qa', 'typescript', 'api', 'reliability', 'health', 'healthcare', 'engineer', 'engineering', 'backend']",70000,120000,2022,SE,FT,105000,USD,105000,US,100,US,M
2025-05-14 00:00:07+00:00,Trial Library,data engineer,"San Francisco, CA","['testing', 'system', 'frontend', 'security', 'python', 'software', 'test', 'code', 'qa', 'typescript', 'api', 'reliability', 'health', 'healthcare', 'engineer', 'engineering', 'backend']",70000,120000,2022,MI,PT,50000,EUR,54957,DE,50,DE,L
2025-05-14 00:00:07+00:00,Trial Library,data engineer,"San Francisco, CA","['testing', 'system', 'frontend', 'security', 'python', 'software', 'test', 'code', 'qa', 'typescript', 'api', 'reliability', 'health', 'healthcare', 'engineer', 'engineering', 'backend']",70000,120000,2022,EN,FT,120000,USD,120000,US,100,US,M
2025-05-14 00:00:07+00:00,Trial Library,data engineer,"San Francisco, CA","['testing', 'system', 'frontend', 'security', 'python', 'software', 'test', 'code', 'qa', 'typescript', 'api', 'reliability', 'health', 'healthcare', 'engineer', 'engineering', 'backend']",70000,120000,2022,SE,FT,100000,USD,100000,US,100,US,M
2025-05-14 00:00:07+00:00,Trial Library,data engineer,"San Francisco, CA","['testing', 'system', 'frontend', 'security', 'python', 'software', 'test', 'code', 'qa', 'typescript', 'api', 'reliability', 'health', 'healthcare', 'engineer', 'engineering', 'backend']",70000,120000,2022,EX,FT,324000,USD,324000,US,100,US,M
2025-05-14 00:00:07+00:00,Trial Library,data engineer,"San Francisco, CA","['testing', 'system', 'frontend', 'security', 'python', 'software', 'test', 'code', 'qa', 'typescript', 'api', 'reliability', 'health', 'healthcare', 'engineer', 'engineering', 'backend']",70000,120000,2022,EX,FT,216000,USD,216000,US,100,US,M
2025-05-14 00:00:07+00:00,Trial Library,data engineer,"San Francisco, CA","['testing', 'system', 'frontend', 'security', 'python', 'software', 'test', 'code', 'qa', 'typescript', 'api', 'reliability', 'health', 'healthcare', 'engineer', 'engineering', 'backend']",70000,120000,2022,SE,FT,210000,USD,210000,US,100,US,M
2025-05-14 00:00:07+00:00,Trial Library,data engineer,"San Francisco, CA","['testing', 'system', 'frontend', 'security', 'python', 'software', 'test', 'code', 'qa', 'typescript', 'api', 'reliability', 'health', 'healthcare', 'engineer', 'engineering', 'backend']",70000,120000,2022,EN,FT,52800,EUR,58035,PK,100,DE,M
2025-05-14 00:00:07+00:00,Trial Library,data engineer,"San Francisco, CA","['testing', 'system', 'frontend', 'security', 'python', 'software', 'test', 'code', 'qa', 'typescript', 'api', 'reliability', 'health', 'healthcare', 'engineer', 'engineering', 'backend']",70000,120000,2022,SE,FT,115000,USD,115000,US,100,US,M
2025-05-14 00:00:07+00:00,Trial Library,data engineer,"San Francisco, CA","['testing', 'system', 'frontend', 'security', 'python', 'software', 'test', 'code', 'qa', 'typescript', 'api', 'reliability', 'health', 'healthcare', 'engineer', 'engineering', 'backend']",70000,120000,2022,EN,FT,150000,USD,150000,AU,100,AU,S
2025-05-14 00:00:07+00:00,Trial Library,data engineer,"San Francisco, CA","['testing', 'system', 'frontend', 'security', 'python', 'software', 'test', 'code', 'qa', 'typescript', 'api', 'reliability', 'health', 'healthcare', 'engineer', 'engineering', 'backend']",70000,120000,2022,EN,FT,65000,USD,65000,US,100,US,S
2025-05-14 00:00:07+00:00,Trial Library,data engineer,"San Francisco, CA","['testing', 'system', 'frontend', 'security', 'python', 'software', 'test', 'code', 'qa', 'typescript', 'api', 'reliability', 'health', 'healthcare', 'engineer', 'engineering', 'backend']",70000,120000,2022,MI,FT,62000,EUR,68147,FR,100,FR,M
2025-05-14 00:00:07+00:00,Trial Library,data engineer,"San Francisco, CA","['testing', 'system', 'frontend', 'security', 'python', 'software', 'test', 'code', 'qa', 'typescript', 'api', 'reliability', 'health', 'healthcare', 'engineer', 'engineering', 'backend']",70000,120000,2022,EN,FT,10000,USD,10000,PT,100,LU,M
2025-05-14 00:00:07+00:00,Trial Library,data engineer,"San Francisco, CA","['testing', 'system', 'frontend', 'security', 'python', 'software', 'test', 'code', 'qa', 'typescript', 'api', 'reliability', 'health', 'healthcare', 'engineer', 'engineering', 'backend']",70000,120000,2022,SE,FT,266400,USD,266400,US,100,US,M
2025-05-14 00:00:07+00:00,Trial Library,data engineer,"San Francisco, CA","['testing', 'system', 'frontend', 'security', 'python', 'software', 'test', 'code', 'qa', 'typescript', 'api', 'reliability', 'health', 'healthcare', 'engineer', 'engineering', 'backend']",70000,120000,2022,SE,FT,213120,USD,213120,US,100,US,M
2025-05-14 00:00:07+00:00,Trial Library,data engineer,"San Francisco, CA","['testing', 'system', 'frontend', 'security', 'python', 'software', 'test', 'code', 'qa', 'typescript', 'api', 'reliability', 'health', 'healthcare', 'engineer', 'engineering', 'backend']",70000,120000,2022,SE,FT,155000,USD,155000,US,100,US,M
2025-05-14 00:00:07+00:00,Trial Library,data engineer,"San Francisco, CA","['testing', 'system', 'frontend', 'security', 'python', 'software', 'test', 'code', 'qa', 'typescript', 'api', 'reliability', 'health', 'healthcare', 'engineer', 'engineering', 'backend']",70000,120000,2022,MI,FT,206699,USD,206699,US,0,US,M
2025-05-14 00:00:07+00:00,Trial Library,data engineer,"San Francisco, CA","['testing', 'system', 'frontend', 'security', 'python', 'software', 'test', 'code', 'qa', 'typescript', 'api', 'reliability', 'health', 'healthcare', 'engineer', 'engineering', 'backend']",70000,120000,2022,MI,FT,99100,USD,99100,US,0,US,M
2025-05-14 00:00:07+00:00,Trial Library,data engineer,"San Francisco, CA","['testing', 'system', 'frontend', 'security', 'python', 'software', 'test', 'code', 'qa', 'typescript', 'api', 'reliability', 'health', 'healthcare', 'engineer', 'engineering', 'backend']",70000,120000,2022,SE,FT,130000,USD,130000,US,100,US,M
2025-05-14 00:00:07+00:00,Trial Library,data engineer,"San Francisco, CA","['testing', 'system', 'frontend', 'security', 'python', 'software', 'test', 'code', 'qa', 'typescript', 'api', 'reliability', 'health', 'healthcare', 'engineer', 'engineering', 'backend']",70000,120000,2022,SE,FT,115000,USD,115000,US,100,US,M
2025-05-14 00:00:07+00:00,Trial Library,data engineer,"San Francisco, CA","['testing', 'system', 'frontend', 'security', 'python', 'software', 'test', 'code', 'qa', 'typescript', 'api', 'reliability', 'health', 'healthcare', 'engineer', 'engineering', 'backend']",70000,120000,2022,SE,FT,110500,USD,110500,US,100,US,M
2025-05-14 00:00:07+00:00,Trial Library,data engineer,"San Francisco, CA","['testing', 'system', 'frontend', 'security', 'python', 'software', 'test', 'code', 'qa', 'typescript', 'api', 'reliability', 'health', 'healthcare', 'engineer', 'engineering', 'backend']",70000,120000,2022,SE,FT,130000,USD,130000,US,100,US,M
2025-05-14 00:00:07+00:00,Trial Library,data engineer,"San Francisco, CA","['testing', 'system', 'frontend', 'security', 'python', 'software', 'test', 'code', 'qa', 'typescript', 'api', 'reliability', 'health', 'healthcare', 'engineer', 'engineering', 'backend']",70000,120000,2022,SE,FT,160000,USD,160000,US,100,US,M
2025-05-14 00:00:07+00:00,Trial Library,data engineer,"San Francisco, CA","['testing', 'system', 'frontend', 'security', 'python', 'software', 'test', 'code', 'qa', 'typescript', 'api', 'reliability', 'health', 'healthcare', 'engineer', 'engineering', 'backend']",70000,120000,2022,SE,FT,200100,USD,200100,US,100,US,M
2025-05-14 00:00:07+00:00,Trial Library,data engineer,"San Francisco, CA","['testing', 'system', 'frontend', 'security', 'python', 'software', 'test', 'code', 'qa', 'typescript', 'api', 'reliability', 'health', 'healthcare', 'engineer', 'engineering', 'backend']",70000,120000,2022,SE,FT,160000,USD,160000,US,100,US,M
2025-05-14 00:00:07+00:00,Trial Library,data engineer,"San Francisco, CA","['testing', 'system', 'frontend', 'security', 'python', 'software', 'test', 'code', 'qa', 'typescript', 'api', 'reliability', 'health', 'healthcare', 'engineer', 'engineering', 'backend']",70000,120000,2022,SE,FT,145000,USD,145000,US,100,US,M
2025-05-14 00:00:07+00:00,Trial Library,data engineer,"San Francisco, CA","['testing', 'system', 'frontend', 'security', 'python', 'software', 'test', 'code', 'qa', 'typescript', 'api', 'reliability', 'health', 'healthcare', 'engineer', 'engineering', 'backend']",70000,120000,2022,SE,FT,70500,USD,70500,US,0,US,M
2025-05-14 00:00:07+00:00,Trial Library,data engineer,"San Francisco, CA","['testing', 'system', 'frontend', 'security', 'python', 'software', 'test', 'code', 'qa', 'typescript', 'api', 'reliability', 'health', 'healthcare', 'engineer', 'engineering', 'backend']",70000,120000,2022,SE,FT,175100,USD,175100,US,100,US,M
2025-05-14 00:00:07+00:00,Trial Library,data engineer,"San Francisco, CA","['testing', 'system', 'frontend', 'security', 'python', 'software', 'test', 'code', 'qa', 'typescript', 'api', 'reliability', 'health', 'healthcare', 'engineer', 'engineering', 'backend']",70000,120000,2022,SE,FT,140250,USD,140250,US,100,US,M
2025-05-14 00:00:07+00:00,Trial Library,data engineer,"San Francisco, CA","['testing', 'system', 'frontend', 'security', 'python', 'software', 'test', 'code', 'qa', 'typescript', 'api', 'reliability', 'health', 'healthcare', 'engineer', 'engineering', 'backend']",70000,120000,2022,SE,FT,54000,USD,54000,US,0,US,M
2025-05-14 00:00:07+00:00,Trial Library,data engineer,"San Francisco, CA","['testing', 'system', 'frontend', 'security', 'python', 'software', 'test', 'code', 'qa', 'typescript', 'api', 'reliability', 'health', 'healthcare', 'engineer', 'engineering', 'backend']",70000,120000,2022,SE,FT,100000,USD,100000,US,100,US,M
2025-05-14 00:00:07+00:00,Trial Library,data engineer,"San Francisco, CA","['testing', 'system', 'frontend', 'security', 'python', 'software', 'test', 'code', 'qa', 'typescript', 'api', 'reliability', 'health', 'healthcare', 'engineer', 'engineering', 'backend']",70000,120000,2022,SE,FT,25000,USD,25000,US,100,US,M
2025-05-14 00:00:07+00:00,Trial Library,data engineer,"San Francisco, CA","['testing', 'system', 'frontend', 'security', 'python', 'software', 'test', 'code', 'qa', 'typescript', 'api', 'reliability', 'health', 'healthcare', 'engineer', 'engineering', 'backend']",70000,120000,2022,SE,FT,220110,USD,220110,US,100,US,M
2025-05-14 00:00:07+00:00,Trial Library,data engineer,"San Francisco, CA","['testing', 'system', 'frontend', 'security', 'python', 'software', 'test', 'code', 'qa', 'typescript', 'api', 'reliability', 'health', 'healthcare', 'engineer', 'engineering', 'backend']",70000,120000,2022,SE,FT,160080,USD,160080,US,100,US,M
2025-05-14 00:00:07+00:00,Trial Library,data engineer,"San Francisco, CA","['testing', 'system', 'frontend', 'security', 'python', 'software', 'test', 'code', 'qa', 'typescript', 'api', 'reliability', 'health', 'healthcare', 'engineer', 'engineering', 'backend']",70000,120000,2022,SE,FT,192564,USD,192564,US,100,US,M
2025-05-14 00:00:07+00:00,Trial Library,data engineer,"San Francisco, CA","['testing', 'system', 'frontend', 'security', 'python', 'software', 'test', 'code', 'qa', 'typescript', 'api', 'reliability', 'health', 'healthcare', 'engineer', 'engineering', 'backend']",70000,120000,2022,SE,FT,144854,USD,144854,US,100,US,M
2025-05-14 00:00:07+00:00,Trial Library,data engineer,"San Francisco, CA","['testing', 'system', 'frontend', 'security', 'python', 'software', 'test', 'code', 'qa', 'typescript', 'api', 'reliability', 'health', 'healthcare', 'engineer', 'engineering', 'backend']",70000,120000,2022,SE,FT,154000,USD,154000,US,100,US,M
2025-05-14 00:00:07+00:00,Trial Library,data engineer,"San Francisco, CA","['testing', 'system', 'frontend', 'security', 'python', 'software', 'test', 'code', 'qa', 'typescript', 'api', 'reliability', 'health', 'healthcare', 'engineer', 'engineering', 'backend']",70000,120000,2022,SE,FT,126000,USD,126000,US,100,US,M
2025-05-13 08:00:16+00:00,Oowlish Technology,data engineer,,"['salesforce', 'software', 'growth', 'engineer']",60000,125000,2020,SE,FT,85000,GBP,109024,GB,50,GB,M
2025-05-13 08:00:16+00:00,Oowlish Technology,data engineer,,"['salesforce', 'software', 'growth', 'engineer']",60000,125000,2020,SE,FT,125000,USD,125000,NZ,50,NZ,S
2025-05-13 08:00:16+00:00,Oowlish Technology,data engineer,,"['salesforce', 'software', 'growth', 'engineer']",60000,125000,2020,EN,FT,4450000,JPY,41689,JP,100,JP,S
2025-05-13 08:00:16+00:00,Oowlish Technology,data engineer,,"['salesforce', 'software', 'growth', 'engineer']",60000,125000,2020,SE,FT,100000,EUR,114047,PL,100,GB,S
2025-05-13 08:00:16+00:00,Oowlish Technology,data engineer,,"['salesforce', 'software', 'growth', 'engineer']",60000,125000,2020,MI,FT,56000,USD,56000,PT,100,US,M
2025-05-13 08:00:16+00:00,Oowlish Technology,data engineer,,"['salesforce', 'software', 'growth', 'engineer']",60000,125000,2020,SE,FT,42000,EUR,47899,GR,50,GR,L
2025-05-13 08:00:16+00:00,Oowlish Technology,data engineer,,"['salesforce', 'software', 'growth', 'engineer']",60000,125000,2020,SE,FT,720000,MXN,33511,MX,0,MX,S
2025-05-13 08:00:16+00:00,Oowlish Technology,data engineer,,"['salesforce', 'software', 'growth', 'engineer']",60000,125000,2020,MI,FT,51999,EUR,59303,DE,100,DE,S
2025-05-13 08:00:16+00:00,Oowlish Technology,data engineer,,"['salesforce', 'software', 'growth', 'engineer']",60000,125000,2020,EN,FT,70000,USD,70000,US,100,US,L
2025-05-13 08:00:16+00:00,Oowlish Technology,data engineer,,"['salesforce', 'software', 'growth', 'engineer']",60000,125000,2020,MI,FT,65000,EUR,74130,AT,50,AT,L
2025-05-13 08:00:16+00:00,Oowlish Technology,data engineer,,"['salesforce', 'software', 'growth', 'engineer']",60000,125000,2020,EX,FT,70000,EUR,79833,ES,50,ES,L
2025-05-13 08:00:16+00:00,Oowlish Technology,data engineer,,"['salesforce', 'software', 'growth', 'engineer']",60000,125000,2020,MI,FT,106000,USD,106000,US,100,US,L
2025-05-13 08:00:16+00:00,Oowlish Technology,data engineer,,"['salesforce', 'software', 'growth', 'engineer']",60000,125000,2020,MI,FT,88000,GBP,112872,GB,50,GB,L
2025-05-13 08:00:16+00:00,Oowlish Technology,data engineer,,"['salesforce', 'software', 'growth', 'engineer']",60000,125000,2020,EN,PT,14000,EUR,15966,DE,100,DE,S
2025-05-13 08:00:16+00:00,Oowlish Technology,data engineer,,"['salesforce', 'software', 'growth', 'engineer']",60000,125000,2020,SE,FT,188000,USD,188000,US,100,US,L
2025-05-13 08:00:16+00:00,Oowlish Technology,data engineer,,"['salesforce', 'software', 'growth', 'engineer']",60000,125000,2020,MI,FT,61500,EUR,70139,FR,50,FR,L
2025-05-13 08:00:16+00:00,Oowlish Technology,data engineer,,"['salesforce', 'software', 'growth', 'engineer']",60000,125000,2020,EN,FT,48000,EUR,54742,PK,100,DE,L
2025-05-13 08:00:16+00:00,Oowlish Technology,data engineer,,"['salesforce', 'software', 'growth', 'engineer']",60000,125000,2020,SE,FL,60000,USD,60000,RU,100,US,S
2025-05-13 08:00:16+00:00,Oowlish Technology,data engineer,,"['salesforce', 'software', 'growth', 'engineer']",60000,125000,2020,MI,FT,110000,USD,110000,US,100,US,L
2025-05-13 08:00:16+00:00,Oowlish Technology,data engineer,,"['salesforce', 'software', 'growth', 'engineer']",60000,125000,2020,MI,FT,130800,USD,130800,ES,100,US,M
2025-05-13 08:00:16+00:00,Oowlish Technology,data engineer,,"['salesforce', 'software', 'growth', 'engineer']",60000,125000,2021,MI,CT,270000,USD,270000,US,100,US,L
2025-05-13 08:00:16+00:00,Oowlish Technology,data engineer,,"['salesforce', 'software', 'growth', 'engineer']",60000,125000,2021,MI,FT,140000,USD,140000,US,100,US,L
2025-05-13 08:00:16+00:00,Oowlish Technology,data engineer,,"['salesforce', 'software', 'growth', 'engineer']",60000,125000,2021,MI,FT,110000,PLN,28476,PL,100,PL,L
2025-05-13 08:00:16+00:00,Oowlish Technology,data engineer,,"['salesforce', 'software', 'growth', 'engineer']",60000,125000,2021,SE,FT,276000,USD,276000,US,0,US,L
2025-05-13 08:00:16+00:00,Oowlish Technology,data engineer,,"['salesforce', 'software', 'growth', 'engineer']",60000,125000,2021,MI,FT,120000,SGD,89294,SG,50,SG,L
2025-05-13 08:00:16+00:00,Oowlish Technology,data engineer,,"['salesforce', 'software', 'growth', 'engineer']",60000,125000,2021,EN,FT,70000,USD,70000,US,100,US,M
2025-05-13 08:00:16+00:00,Oowlish Technology,data engineer,,"['salesforce', 'software', 'growth', 'engineer']",60000,125000,2021,MI,FT,81000,EUR,95746,DE,100,US,S
2025-05-13 08:00:16+00:00,Oowlish Technology,data engineer,,"['salesforce', 'software', 'growth', 'engineer']",60000,125000,2021,SE,FT,150000,USD,150000,US,100,US,L
2025-05-13 08:00:16+00:00,Oowlish Technology,data engineer,,"['salesforce', 'software', 'growth', 'engineer']",60000,125000,2021,SE,FT,115000,USD,115000,US,100,US,S
2025-05-13 08:00:16+00:00,Oowlish Technology,data engineer,,"['salesforce', 'software', 'growth', 'engineer']",60000,125000,2021,SE,FT,150000,USD,150000,US,100,US,M
2025-05-13 08:00:16+00:00,Oowlish Technology,data engineer,,"['salesforce', 'software', 'growth', 'engineer']",60000,125000,2021,EN,FT,2250000,INR,30428,IN,100,IN,L
2025-05-13 08:00:16+00:00,Oowlish Technology,data engineer,,"['salesforce', 'software', 'growth', 'engineer']",60000,125000,2021,SE,FT,82500,GBP,113476,GB,100,GB,M
2025-05-13 08:00:16+00:00,Oowlish Technology,data engineer,,"['salesforce', 'software', 'growth', 'engineer']",60000,125000,2021,SE,FT,75000,GBP,103160,GB,100,GB,S
2025-05-13 08:00:16+00:00,Oowlish Technology,data engineer,,"['salesforce', 'software', 'growth', 'engineer']",60000,125000,2021,MI,FT,38400,EUR,45391,NL,100,NL,L
2025-05-13 08:00:16+00:00,Oowlish Technology,data engineer,,"['salesforce', 'software', 'growth', 'engineer']",60000,125000,2021,MI,FT,34000,EUR,40189,GR,100,GR,M
2025-05-13 08:00:16+00:00,Oowlish Technology,data engineer,,"['salesforce', 'software', 'growth', 'engineer']",60000,125000,2021,MI,FT,200000,USD,200000,US,100,US,L
2025-05-13 08:00:16+00:00,Oowlish Technology,data engineer,,"['salesforce', 'software', 'growth', 'engineer']",60000,125000,2021,MI,FT,60000,USD,60000,ES,50,RO,M
2025-05-13 08:00:16+00:00,Oowlish Technology,data engineer,,"['salesforce', 'software', 'growth', 'engineer']",60000,125000,2021,SE,FT,200000,USD,200000,US,100,US,M
2025-05-13 08:00:16+00:00,Oowlish Technology,data engineer,,"['salesforce', 'software', 'growth', 'engineer']",60000,125000,2021,SE,FT,24000,USD,24000,BR,100,BR,M
2025-05-13 08:00:16+00:00,Oowlish Technology,data engineer,,"['salesforce', 'software', 'growth', 'engineer']",60000,125000,2021,MI,FT,7000000,JPY,63711,JP,50,JP,S
2025-05-13 08:00:16+00:00,Oowlish Technology,data engineer,,"['salesforce', 'software', 'growth', 'engineer']",60000,125000,2021,MI,FT,8500000,JPY,77364,JP,50,JP,S
2025-05-13 08:00:16+00:00,Oowlish Technology,data engineer,,"['salesforce', 'software', 'growth', 'engineer']",60000,125000,2021,SE,FT,150000,USD,150000,US,0,US,L
2025-05-13 08:00:16+00:00,Oowlish Technology,data engineer,,"['salesforce', 'software', 'growth', 'engineer']",60000,125000,2021,MI,FT,100000,USD,100000,US,100,US,L
2025-05-13 08:00:16+00:00,Oowlish Technology,data engineer,,"['salesforce', 'software', 'growth', 'engineer']",60000,125000,2021,MI,FT,90000,USD,90000,US,100,US,L
2025-05-13 08:00:16+00:00,Oowlish Technology,data engineer,,"['salesforce', 'software', 'growth', 'engineer']",60000,125000,2021,SE,FT,153000,USD,153000,US,100,US,L
2025-05-13 08:00:16+00:00,Oowlish Technology,data engineer,,"['salesforce', 'software', 'growth', 'engineer']",60000,125000,2021,SE,FT,160000,USD,160000,BR,100,US,S
2025-05-13 08:00:16+00:00,Oowlish Technology,data engineer,,"['salesforce', 'software', 'growth', 'engineer']",60000,125000,2021,SE,FT,159500,CAD,127221,CA,50,CA,L
2025-05-13 08:00:16+00:00,Oowlish Technology,data engineer,,"['salesforce', 'software', 'growth', 'engineer']",60000,125000,2021,MI,FT,24000,EUR,28369,MT,50,MT,L
2025-05-13 08:00:16+00:00,Oowlish Technology,data engineer,,"['salesforce', 'software', 'growth', 'engineer']",60000,125000,2021,EN,FT,80000,USD,80000,US,100,US,L
2025-05-13 08:00:16+00:00,Oowlish Technology,data engineer,,"['salesforce', 'software', 'growth', 'engineer']",60000,125000,2021,MI,FT,150000,USD,150000,US,100,US,L
2025-05-13 08:00:16+00:00,Oowlish Technology,data engineer,,"['salesforce', 'software', 'growth', 'engineer']",60000,125000,2021,MI,FT,170000,USD,170000,US,100,US,L
2025-05-13 08:00:16+00:00,Oowlish Technology,data engineer,,"['salesforce', 'software', 'growth', 'engineer']",60000,125000,2021,MI,FT,60000,GBP,82528,GB,100,GB,L
2025-05-13 08:00:16+00:00,Oowlish Technology,data engineer,,"['salesforce', 'software', 'growth', 'engineer']",60000,125000,2021,SE,FT,174000,USD,174000,US,100,US,L
2025-05-13 08:00:16+00:00,Oowlish Technology,data engineer,,"['salesforce', 'software', 'growth', 'engineer']",60000,125000,2021,MI,FT,1672000,INR,22611,IN,0,IN,L
2025-05-13 08:00:16+00:00,Oowlish Technology,data engineer,,"['salesforce', 'software', 'growth', 'engineer']",60000,125000,2021,MI,FT,22000,EUR,26005,RO,0,US,L
2025-05-13 08:00:16+00:00,Oowlish Technology,data engineer,,"['salesforce', 'software', 'growth', 'engineer']",60000,125000,2021,MI,FT,4000,USD,4000,IR,100,IR,M
2025-05-13 08:00:16+00:00,Oowlish Technology,data engineer,,"['salesforce', 'software', 'growth', 'engineer']",60000,125000,2021,SE,FT,65000,EUR,76833,RO,50,GB,S
2025-05-13 08:00:16+00:00,Oowlish Technology,data engineer,,"['salesforce', 'software', 'growth', 'engineer']",60000,125000,2021,MI,FT,18000,USD,18000,MD,0,MD,S
2025-05-13 08:00:16+00:00,Oowlish Technology,data engineer,,"['salesforce', 'software', 'growth', 'engineer']",60000,125000,2021,SE,FT,165000,USD,165000,US,0,US,M
2025-05-13 08:00:16+00:00,Oowlish Technology,data engineer,,"['salesforce', 'software', 'growth', 'engineer']",60000,125000,2021,MI,FL,20000,USD,20000,IT,0,US,L
2025-05-13 08:00:16+00:00,Oowlish Technology,data engineer,,"['salesforce', 'software', 'growth', 'engineer']",60000,125000,2021,MI,FT,48000,GBP,66022,HK,50,GB,S
2025-05-13 08:00:16+00:00,Oowlish Technology,data engineer,,"['salesforce', 'software', 'growth', 'engineer']",60000,125000,2021,EN,FT,435000,INR,5882,IN,0,CH,L
2025-05-13 08:00:16+00:00,Oowlish Technology,data engineer,,"['salesforce', 'software', 'growth', 'engineer']",60000,125000,2021,SE,FT,185000,USD,185000,US,100,US,L
2025-05-13 08:00:16+00:00,Oowlish Technology,data engineer,,"['salesforce', 'software', 'growth', 'engineer']",60000,125000,2021,EN,PT,180000,DKK,28609,DK,50,DK,S
2025-05-13 08:00:16+00:00,Oowlish Technology,data engineer,,"['salesforce', 'software', 'growth', 'engineer']",60000,125000,2021,EN,FT,1200000,INR,16228,IN,100,IN,L
2025-05-13 08:00:16+00:00,Oowlish Technology,data engineer,,"['salesforce', 'software', 'growth', 'engineer']",60000,125000,2021,SE,FT,256000,USD,256000,US,100,US,S
2025-05-13 08:00:16+00:00,Oowlish Technology,data engineer,,"['salesforce', 'software', 'growth', 'engineer']",60000,125000,2021,SE,FT,200000,USD,200000,US,100,US,L
2025-05-13 08:00:16+00:00,Oowlish Technology,data engineer,,"['salesforce', 'software', 'growth', 'engineer']",60000,125000,2021,MI,FT,180000,USD,180000,US,100,US,L
2025-05-13 08:00:16+00:00,Oowlish Technology,data engineer,,"['salesforce', 'software', 'growth', 'engineer']",60000,125000,2021,EN,FT,1600000,INR,21637,IN,50,IN,M
2025-05-13 08:00:16+00:00,Oowlish Technology,data engineer,,"['salesforce', 'software', 'growth', 'engineer']",60000,125000,2021,MI,FT,110000,USD,110000,US,100,US,L
2025-05-13 08:00:16+00:00,Oowlish Technology,data engineer,,"['salesforce', 'software', 'growth', 'engineer']",60000,125000,2021,MI,FT,52500,GBP,72212,GB,50,GB,L
2025-05-13 08:00:16+00:00,Oowlish Technology,data engineer,,"['salesforce', 'software', 'growth', 'engineer']",60000,125000,2021,MI,FT,108000,TRY,12103,TR,0,TR,M
2025-05-13 08:00:16+00:00,Oowlish Technology,data engineer,,"['salesforce', 'software', 'growth', 'engineer']",60000,125000,2021,SE,FT,70000,GBP,96282,GB,50,GB,L
2025-05-13 08:00:16+00:00,Oowlish Technology,data engineer,,"['salesforce', 'software', 'growth', 'engineer']",60000,125000,2021,EX,FT,600000,USD,600000,US,100,US,L
2025-05-13 08:00:16+00:00,Oowlish Technology,data engineer,,"['salesforce', 'software', 'growth', 'engineer']",60000,125000,2021,SE,FT,125000,CAD,99703,CA,50,CA,M
2025-05-13 08:00:16+00:00,Oowlish Technology,data engineer,,"['salesforce', 'software', 'growth', 'engineer']",60000,125000,2021,MI,FT,200000,USD,200000,US,100,US,L
2025-05-13 08:00:16+00:00,Oowlish Technology,data engineer,,"['salesforce', 'software', 'growth', 'engineer']",60000,125000,2021,SE,FT,160000,USD,160000,PR,50,US,S
2025-05-13 08:00:16+00:00,Oowlish Technology,data engineer,,"['salesforce', 'software', 'growth', 'engineer']",60000,125000,2021,MI,FT,93150,USD,93150,US,0,US,M
2025-05-13 08:00:16+00:00,Oowlish Technology,data engineer,,"['salesforce', 'software', 'growth', 'engineer']",60000,125000,2021,MI,FT,111775,USD,111775,US,0,US,M
2025-05-13 08:00:16+00:00,Oowlish Technology,data engineer,,"['salesforce', 'software', 'growth', 'engineer']",60000,125000,2021,MI,FT,250000,TRY,28016,TR,100,TR,M
2025-05-13 08:00:16+00:00,Oowlish Technology,data engineer,,"['salesforce', 'software', 'growth', 'engineer']",60000,125000,2021,EN,FT,55000,EUR,65013,DE,50,DE,M
2025-05-13 08:00:16+00:00,Oowlish Technology,data engineer,,"['salesforce', 'software', 'growth', 'engineer']",60000,125000,2021,EN,FT,72500,USD,72500,US,100,US,L
2025-05-13 08:00:16+00:00,Oowlish Technology,data engineer,,"['salesforce', 'software', 'growth', 'engineer']",60000,125000,2021,SE,FT,102000,BRL,18907,BR,0,BR,M
2025-05-13 08:00:16+00:00,Oowlish Technology,data engineer,,"['salesforce', 'software', 'growth', 'engineer']",60000,125000,2021,MI,FT,112000,USD,112000,US,100,US,L
2025-05-13 08:00:16+00:00,Oowlish Technology,data engineer,,"['salesforce', 'software', 'growth', 'engineer']",60000,125000,2021,MI,PT,59000,EUR,69741,NL,100,NL,L
2025-05-13 08:00:16+00:00,Oowlish Technology,data engineer,,"['salesforce', 'software', 'growth', 'engineer']",60000,125000,2022,SE,FT,135000,USD,135000,US,100,US,M
2025-05-13 08:00:16+00:00,Oowlish Technology,data engineer,,"['salesforce', 'software', 'growth', 'engineer']",60000,125000,2022,MI,FT,170000,USD,170000,US,100,US,M
2025-05-13 08:00:16+00:00,Oowlish Technology,data engineer,,"['salesforce', 'software', 'growth', 'engineer']",60000,125000,2022,MI,FT,150000,USD,150000,US,100,US,M
2025-05-13 08:00:16+00:00,Oowlish Technology,data engineer,,"['salesforce', 'software', 'growth', 'engineer']",60000,125000,2022,EN,FT,40000,GBP,52351,GB,100,GB,M
2025-05-13 08:00:16+00:00,Oowlish Technology,data engineer,,"['salesforce', 'software', 'growth', 'engineer']",60000,125000,2022,EX,FT,242000,USD,242000,US,100,US,M
2025-05-13 08:00:16+00:00,Oowlish Technology,data engineer,,"['salesforce', 'software', 'growth', 'engineer']",60000,125000,2022,EX,FT,200000,USD,200000,US,100,US,M
2025-05-13 08:00:16+00:00,Oowlish Technology,data engineer,,"['salesforce', 'software', 'growth', 'engineer']",60000,125000,2022,MI,FT,60000,GBP,78526,GB,0,GB,M
2025-05-13 08:00:16+00:00,Oowlish Technology,data engineer,,"['salesforce', 'software', 'growth', 'engineer']",60000,125000,2022,MI,FT,40000,GBP,52351,GB,0,GB,M
2025-05-13 08:00:16+00:00,Oowlish Technology,data engineer,,"['salesforce', 'software', 'growth', 'engineer']",60000,125000,2022,EN,FT,35000,GBP,45807,GB,100,GB,M
2025-05-13 08:00:16+00:00,Oowlish Technology,data engineer,,"['salesforce', 'software', 'growth', 'engineer']",60000,125000,2022,SE,FT,181940,USD,181940,US,0,US,M
2025-05-13 08:00:16+00:00,Oowlish Technology,data engineer,,"['salesforce', 'software', 'growth', 'engineer']",60000,125000,2022,SE,FT,132320,USD,132320,US,0,US,M
2025-05-13 08:00:16+00:00,Oowlish Technology,data engineer,,"['salesforce', 'software', 'growth', 'engineer']",60000,125000,2022,SE,FT,220110,USD,220110,US,0,US,M
2025-05-13 08:00:16+00:00,Oowlish Technology,data engineer,,"['salesforce', 'software', 'growth', 'engineer']",60000,125000,2022,SE,FT,160080,USD,160080,US,0,US,M
2025-05-13 08:00:16+00:00,Oowlish Technology,data engineer,,"['salesforce', 'software', 'growth', 'engineer']",60000,125000,2022,SE,FT,165400,USD,165400,US,100,US,M
2025-05-13 08:00:16+00:00,Oowlish Technology,data engineer,,"['salesforce', 'software', 'growth', 'engineer']",60000,125000,2022,SE,FT,132320,USD,132320,US,100,US,M
2025-05-13 08:00:16+00:00,Oowlish Technology,data engineer,,"['salesforce', 'software', 'growth', 'engineer']",60000,125000,2022,SE,FT,243900,USD,243900,US,100,US,M
2025-05-13 08:00:16+00:00,Oowlish Technology,data engineer,,"['salesforce', 'software', 'growth', 'engineer']",60000,125000,2022,SE,FT,128875,USD,128875,US,100,US,M
2025-05-13 08:00:16+00:00,Oowlish Technology,data engineer,,"['salesforce', 'software', 'growth', 'engineer']",60000,125000,2022,SE,FT,93700,USD,93700,US,100,US,M
2025-05-13 08:00:16+00:00,Oowlish Technology,data engineer,,"['salesforce', 'software', 'growth', 'engineer']",60000,125000,2022,SE,FT,156600,USD,156600,US,100,US,M
2025-05-13 08:00:16+00:00,Oowlish Technology,data engineer,,"['salesforce', 'software', 'growth', 'engineer']",60000,125000,2022,SE,FT,108800,USD,108800,US,0,US,M
2025-05-13 08:00:16+00:00,Oowlish Technology,data engineer,,"['salesforce', 'software', 'growth', 'engineer']",60000,125000,2022,SE,FT,113000,USD,113000,US,0,US,L
2025-05-13 08:00:16+00:00,Oowlish Technology,data engineer,,"['salesforce', 'software', 'growth', 'engineer']",60000,125000,2022,SE,FT,60000,GBP,78526,GB,0,GB,M
2025-05-13 08:00:16+00:00,Oowlish Technology,data engineer,,"['salesforce', 'software', 'growth', 'engineer']",60000,125000,2022,SE,FT,50000,GBP,65438,GB,0,GB,M
2025-05-13 08:00:16+00:00,Oowlish Technology,data engineer,,"['salesforce', 'software', 'growth', 'engineer']",60000,125000,2022,SE,FT,192400,USD,192400,CA,100,CA,M
2025-05-13 08:00:16+00:00,Oowlish Technology,data engineer,,"['salesforce', 'software', 'growth', 'engineer']",60000,125000,2022,SE,FT,90700,USD,90700,CA,100,CA,M
2025-05-13 08:00:16+00:00,Oowlish Technology,data engineer,,"['salesforce', 'software', 'growth', 'engineer']",60000,125000,2022,SE,FT,160000,USD,160000,US,0,US,L
2025-05-13 08:00:16+00:00,Oowlish Technology,data engineer,,"['salesforce', 'software', 'growth', 'engineer']",60000,125000,2022,SE,FT,136000,USD,136000,US,0,US,M
2025-05-13 08:00:16+00:00,Oowlish Technology,data engineer,,"['salesforce', 'software', 'growth', 'engineer']",60000,125000,2022,MI,FT,50000,EUR,54957,GR,0,GR,M
2025-05-13 08:00:16+00:00,Oowlish Technology,data engineer,,"['salesforce', 'software', 'growth', 'engineer']",60000,125000,2022,MI,FT,50000,EUR,54957,GR,0,GR,M
2025-05-13 08:00:16+00:00,Oowlish Technology,data engineer,,"['salesforce', 'software', 'growth', 'engineer']",60000,125000,2022,EX,FT,150000,CAD,118187,CA,100,CA,S
2025-05-13 08:00:16+00:00,Oowlish Technology,data engineer,,"['salesforce', 'software', 'growth', 'engineer']",60000,125000,2022,SE,FT,165400,USD,165400,US,100,US,M
2025-05-13 08:00:16+00:00,Oowlish Technology,data engineer,,"['salesforce', 'software', 'growth', 'engineer']",60000,125000,2022,SE,FT,208775,USD,208775,US,100,US,M
2025-05-13 08:00:16+00:00,Oowlish Technology,data engineer,,"['salesforce', 'software', 'growth', 'engineer']",60000,125000,2022,SE,FT,147800,USD,147800,US,100,US,M
2025-05-13 08:00:16+00:00,Oowlish Technology,data engineer,,"['salesforce', 'software', 'growth', 'engineer']",60000,125000,2022,SE,FT,136994,USD,136994,US,100,US,M
2025-05-13 08:00:16+00:00,Oowlish Technology,data engineer,,"['salesforce', 'software', 'growth', 'engineer']",60000,125000,2022,SE,FT,101570,USD,101570,US,100,US,M
2025-05-13 08:00:16+00:00,Oowlish Technology,data engineer,,"['salesforce', 'software', 'growth', 'engineer']",60000,125000,2022,SE,FT,132320,USD,132320,US,100,US,M
2025-05-13 08:00:16+00:00,Oowlish Technology,data engineer,,"['salesforce', 'software', 'growth', 'engineer']",60000,125000,2022,SE,FT,155000,USD,155000,US,100,US,M
2025-05-13 08:00:16+00:00,Oowlish Technology,data engineer,,"['salesforce', 'software', 'growth', 'engineer']",60000,125000,2022,MI,FT,90000,GBP,117789,GB,0,GB,M
2025-05-13 08:00:16+00:00,Oowlish Technology,data engineer,,"['salesforce', 'software', 'growth', 'engineer']",60000,125000,2022,SE,FT,209100,USD,209100,US,100,US,L
2025-05-13 08:00:16+00:00,Oowlish Technology,data engineer,,"['salesforce', 'software', 'growth', 'engineer']",60000,125000,2022,SE,FT,154600,USD,154600,US,100,US,L
2025-05-13 08:00:16+00:00,Oowlish Technology,data engineer,,"['salesforce', 'software', 'growth', 'engineer']",60000,125000,2022,SE,FT,175000,USD,175000,US,100,US,M
2025-05-13 08:00:16+00:00,Oowlish Technology,data engineer,,"['salesforce', 'software', 'growth', 'engineer']",60000,125000,2022,MI,FT,75000,GBP,98158,GB,0,GB,M
2025-05-13 08:00:16+00:00,Oowlish Technology,data engineer,,"['salesforce', 'software', 'growth', 'engineer']",60000,125000,2022,SE,FT,183600,USD,183600,US,100,US,L
2025-05-13 08:00:16+00:00,Oowlish Technology,data engineer,,"['salesforce', 'software', 'growth', 'engineer']",60000,125000,2022,MI,FT,60000,EUR,65949,GR,100,GR,M
2025-05-13 08:00:16+00:00,Oowlish Technology,data engineer,,"['salesforce', 'software', 'growth', 'engineer']",60000,125000,2022,MI,FT,45000,EUR,49461,GR,100,GR,M
2025-05-13 08:00:16+00:00,Oowlish Technology,data engineer,,"['salesforce', 'software', 'growth', 'engineer']",60000,125000,2022,MI,FT,60000,GBP,78526,GB,100,GB,M
2025-05-13 08:00:16+00:00,Oowlish Technology,data engineer,,"['salesforce', 'software', 'growth', 'engineer']",60000,125000,2022,MI,FT,45000,GBP,58894,GB,100,GB,M
2025-05-13 08:00:16+00:00,Oowlish Technology,data engineer,,"['salesforce', 'software', 'growth', 'engineer']",60000,125000,2022,SE,FT,60000,USD,60000,AR,100,MX,L
2025-05-13 08:00:16+00:00,Oowlish Technology,data engineer,,"['salesforce', 'software', 'growth', 'engineer']",60000,125000,2022,MI,FT,63900,USD,63900,US,0,US,M
2025-05-13 08:00:16+00:00,Oowlish Technology,data engineer,,"['salesforce', 'software', 'growth', 'engineer']",60000,125000,2022,MI,FT,82900,USD,82900,US,0,US,M
2025-05-13 08:00:16+00:00,Oowlish Technology,data engineer,,"['salesforce', 'software', 'growth', 'engineer']",60000,125000,2022,SE,FT,100800,USD,100800,US,100,US,L
2025-05-13 08:00:16+00:00,Oowlish Technology,data engineer,,"['salesforce', 'software', 'growth', 'engineer']",60000,125000,2022,MI,FT,45000,EUR,49461,ES,100,ES,M
2025-05-13 08:00:16+00:00,Oowlish Technology,data engineer,,"['salesforce', 'software', 'growth', 'engineer']",60000,125000,2022,MI,FT,80000,EUR,87932,ES,100,ES,M
2025-05-13 08:00:16+00:00,Oowlish Technology,data engineer,,"['salesforce', 'software', 'growth', 'engineer']",60000,125000,2022,MI,FT,70000,EUR,76940,ES,100,ES,M
2025-05-13 08:00:16+00:00,Oowlish Technology,data engineer,,"['salesforce', 'software', 'growth', 'engineer']",60000,125000,2022,MI,FT,80000,GBP,104702,GB,100,GB,M
2025-05-13 08:00:16+00:00,Oowlish Technology,data engineer,,"['salesforce', 'software', 'growth', 'engineer']",60000,125000,2022,MI,FT,70000,GBP,91614,GB,100,GB,M
2025-05-13 08:00:16+00:00,Oowlish Technology,data engineer,,"['salesforce', 'software', 'growth', 'engineer']",60000,125000,2022,MI,FT,60000,EUR,65949,ES,100,ES,M
2025-05-13 08:00:16+00:00,Oowlish Technology,data engineer,,"['salesforce', 'software', 'growth', 'engineer']",60000,125000,2022,MI,FT,80000,EUR,87932,GR,100,GR,M
2025-05-13 08:00:16+00:00,Oowlish Technology,data engineer,,"['salesforce', 'software', 'growth', 'engineer']",60000,125000,2022,MI,FT,75000,GBP,98158,GB,100,GB,M
2025-05-13 08:00:16+00:00,Oowlish Technology,data engineer,,"['salesforce', 'software', 'growth', 'engineer']",60000,125000,2022,MI,FT,60000,GBP,78526,GB,100,GB,M
2025-05-13 08:00:16+00:00,Oowlish Technology,data engineer,,"['salesforce', 'software', 'growth', 'engineer']",60000,125000,2022,MI,FT,70000,EUR,76940,GR,100,GR,M
2025-05-13 08:00:16+00:00,Oowlish Technology,data engineer,,"['salesforce', 'software', 'growth', 'engineer']",60000,125000,2022,SE,FT,209100,USD,209100,US,100,US,L
2025-05-13 08:00:16+00:00,Oowlish Technology,data engineer,,"['salesforce', 'software', 'growth', 'engineer']",60000,125000,2022,SE,FT,154600,USD,154600,US,100,US,L
2025-05-13 08:00:16+00:00,Oowlish Technology,data engineer,,"['salesforce', 'software', 'growth', 'engineer']",60000,125000,2022,SE,FT,180000,USD,180000,US,100,US,M
2025-05-13 08:00:16+00:00,Oowlish Technology,data engineer,,"['salesforce', 'software', 'growth', 'engineer']",60000,125000,2022,EN,FT,20000,EUR,21983,PT,100,PT,L
2025-05-13 08:00:16+00:00,Oowlish Technology,data engineer,,"['salesforce', 'software', 'growth', 'engineer']",60000,125000,2022,SE,FT,80000,USD,80000,US,100,US,M
2025-05-13 08:00:16+00:00,Oowlish Technology,data engineer,,"['salesforce', 'software', 'growth', 'engineer']",60000,125000,2022,EN,FT,125000,USD,125000,US,0,US,M
2025-05-13 08:00:16+00:00,Oowlish Technology,data engineer,,"['salesforce', 'software', 'growth', 'engineer']",60000,125000,2022,MI,FT,240000,CNY,37236,US,50,US,L
2025-05-13 08:00:16+00:00,Oowlish Technology,data engineer,,"['salesforce', 'software', 'growth', 'engineer']",60000,125000,2022,SE,FT,105000,USD,105000,US,100,US,M
2025-05-13 08:00:16+00:00,Oowlish Technology,data engineer,,"['salesforce', 'software', 'growth', 'engineer']",60000,125000,2022,MI,PT,50000,EUR,54957,DE,50,DE,L
2025-05-13 08:00:16+00:00,Oowlish Technology,data engineer,,"['salesforce', 'software', 'growth', 'engineer']",60000,125000,2022,EN,FT,120000,USD,120000,US,100,US,M
2025-05-13 08:00:16+00:00,Oowlish Technology,data engineer,,"['salesforce', 'software', 'growth', 'engineer']",60000,125000,2022,SE,FT,100000,USD,100000,US,100,US,M
2025-05-13 08:00:16+00:00,Oowlish Technology,data engineer,,"['salesforce', 'software', 'growth', 'engineer']",60000,125000,2022,EX,FT,324000,USD,324000,US,100,US,M
2025-05-13 08:00:16+00:00,Oowlish Technology,data engineer,,"['salesforce', 'software', 'growth', 'engineer']",60000,125000,2022,EX,FT,216000,USD,216000,US,100,US,M
2025-05-13 08:00:16+00:00,Oowlish Technology,data engineer,,"['salesforce', 'software', 'growth', 'engineer']",60000,125000,2022,SE,FT,210000,USD,210000,US,100,US,M
2025-05-13 08:00:16+00:00,Oowlish Technology,data engineer,,"['salesforce', 'software', 'growth', 'engineer']",60000,125000,2022,EN,FT,52800,EUR,58035,PK,100,DE,M
2025-05-13 08:00:16+00:00,Oowlish Technology,data engineer,,"['salesforce', 'software', 'growth', 'engineer']",60000,125000,2022,SE,FT,115000,USD,115000,US,100,US,M
2025-05-13 08:00:16+00:00,Oowlish Technology,data engineer,,"['salesforce', 'software', 'growth', 'engineer']",60000,125000,2022,EN,FT,150000,USD,150000,AU,100,AU,S
2025-05-13 08:00:16+00:00,Oowlish Technology,data engineer,,"['salesforce', 'software', 'growth', 'engineer']",60000,125000,2022,EN,FT,65000,USD,65000,US,100,US,S
2025-05-13 08:00:16+00:00,Oowlish Technology,data engineer,,"['salesforce', 'software', 'growth', 'engineer']",60000,125000,2022,MI,FT,62000,EUR,68147,FR,100,FR,M
2025-05-13 08:00:16+00:00,Oowlish Technology,data engineer,,"['salesforce', 'software', 'growth', 'engineer']",60000,125000,2022,EN,FT,10000,USD,10000,PT,100,LU,M
2025-05-13 08:00:16+00:00,Oowlish Technology,data engineer,,"['salesforce', 'software', 'growth', 'engineer']",60000,125000,2022,SE,FT,266400,USD,266400,US,100,US,M
2025-05-13 08:00:16+00:00,Oowlish Technology,data engineer,,"['salesforce', 'software', 'growth', 'engineer']",60000,125000,2022,SE,FT,213120,USD,213120,US,100,US,M
2025-05-13 08:00:16+00:00,Oowlish Technology,data engineer,,"['salesforce', 'software', 'growth', 'engineer']",60000,125000,2022,SE,FT,155000,USD,155000,US,100,US,M
2025-05-13 08:00:16+00:00,Oowlish Technology,data engineer,,"['salesforce', 'software', 'growth', 'engineer']",60000,125000,2022,MI,FT,206699,USD,206699,US,0,US,M
2025-05-13 08:00:16+00:00,Oowlish Technology,data engineer,,"['salesforce', 'software', 'growth', 'engineer']",60000,125000,2022,MI,FT,99100,USD,99100,US,0,US,M
2025-05-13 08:00:16+00:00,Oowlish Technology,data engineer,,"['salesforce', 'software', 'growth', 'engineer']",60000,125000,2022,SE,FT,130000,USD,130000,US,100,US,M
2025-05-13 08:00:16+00:00,Oowlish Technology,data engineer,,"['salesforce', 'software', 'growth', 'engineer']",60000,125000,2022,SE,FT,115000,USD,115000,US,100,US,M
2025-05-13 08:00:16+00:00,Oowlish Technology,data engineer,,"['salesforce', 'software', 'growth', 'engineer']",60000,125000,2022,SE,FT,110500,USD,110500,US,100,US,M
2025-05-13 08:00:16+00:00,Oowlish Technology,data engineer,,"['salesforce', 'software', 'growth', 'engineer']",60000,125000,2022,SE,FT,130000,USD,130000,US,100,US,M
2025-05-13 08:00:16+00:00,Oowlish Technology,data engineer,,"['salesforce', 'software', 'growth', 'engineer']",60000,125000,2022,SE,FT,160000,USD,160000,US,100,US,M
2025-05-13 08:00:16+00:00,Oowlish Technology,data engineer,,"['salesforce', 'software', 'growth', 'engineer']",60000,125000,2022,SE,FT,200100,USD,200100,US,100,US,M
2025-05-13 08:00:16+00:00,Oowlish Technology,data engineer,,"['salesforce', 'software', 'growth', 'engineer']",60000,125000,2022,SE,FT,160000,USD,160000,US,100,US,M
2025-05-13 08:00:16+00:00,Oowlish Technology,data engineer,,"['salesforce', 'software', 'growth', 'engineer']",60000,125000,2022,SE,FT,145000,USD,145000,US,100,US,M
2025-05-13 08:00:16+00:00,Oowlish Technology,data engineer,,"['salesforce', 'software', 'growth', 'engineer']",60000,125000,2022,SE,FT,70500,USD,70500,US,0,US,M
2025-05-13 08:00:16+00:00,Oowlish Technology,data engineer,,"['salesforce', 'software', 'growth', 'engineer']",60000,125000,2022,SE,FT,175100,USD,175100,US,100,US,M
2025-05-13 08:00:16+00:00,Oowlish Technology,data engineer,,"['salesforce', 'software', 'growth', 'engineer']",60000,125000,2022,SE,FT,140250,USD,140250,US,100,US,M
2025-05-13 08:00:16+00:00,Oowlish Technology,data engineer,,"['salesforce', 'software', 'growth', 'engineer']",60000,125000,2022,SE,FT,54000,USD,54000,US,0,US,M
2025-05-13 08:00:16+00:00,Oowlish Technology,data engineer,,"['salesforce', 'software', 'growth', 'engineer']",60000,125000,2022,SE,FT,100000,USD,100000,US,100,US,M
2025-05-13 08:00:16+00:00,Oowlish Technology,data engineer,,"['salesforce', 'software', 'growth', 'engineer']",60000,125000,2022,SE,FT,25000,USD,25000,US,100,US,M
2025-05-13 08:00:16+00:00,Oowlish Technology,data engineer,,"['salesforce', 'software', 'growth', 'engineer']",60000,125000,2022,SE,FT,220110,USD,220110,US,100,US,M
2025-05-13 08:00:16+00:00,Oowlish Technology,data engineer,,"['salesforce', 'software', 'growth', 'engineer']",60000,125000,2022,SE,FT,160080,USD,160080,US,100,US,M
2025-05-13 08:00:16+00:00,Oowlish Technology,data engineer,,"['salesforce', 'software', 'growth', 'engineer']",60000,125000,2022,SE,FT,192564,USD,192564,US,100,US,M
2025-05-13 08:00:16+00:00,Oowlish Technology,data engineer,,"['salesforce', 'software', 'growth', 'engineer']",60000,125000,2022,SE,FT,144854,USD,144854,US,100,US,M
2025-05-13 08:00:16+00:00,Oowlish Technology,data engineer,,"['salesforce', 'software', 'growth', 'engineer']",60000,125000,2022,SE,FT,154000,USD,154000,US,100,US,M
2025-05-13 08:00:16+00:00,Oowlish Technology,data engineer,,"['salesforce', 'software', 'growth', 'engineer']",60000,125000,2022,SE,FT,126000,USD,126000,US,100,US,M
2025-05-10 21:00:03+00:00,Fullscript,data engineer,,"['design', 'python', 'technical', 'support', 'testing', 'growth', 'code', 'devops', 'financial', 'cloud', 'leader', 'senior', 'junior', 'analytics', 'health', 'healthcare', 'engineer', 'engineering', 'digital nomad']",67500,120000,2020,SE,FT,85000,GBP,109024,GB,50,GB,M
2025-05-10 21:00:03+00:00,Fullscript,data engineer,,"['design', 'python', 'technical', 'support', 'testing', 'growth', 'code', 'devops', 'financial', 'cloud', 'leader', 'senior', 'junior', 'analytics', 'health', 'healthcare', 'engineer', 'engineering', 'digital nomad']",67500,120000,2020,SE,FT,125000,USD,125000,NZ,50,NZ,S
2025-05-10 21:00:03+00:00,Fullscript,data engineer,,"['design', 'python', 'technical', 'support', 'testing', 'growth', 'code', 'devops', 'financial', 'cloud', 'leader', 'senior', 'junior', 'analytics', 'health', 'healthcare', 'engineer', 'engineering', 'digital nomad']",67500,120000,2020,EN,FT,4450000,JPY,41689,JP,100,JP,S
2025-05-10 21:00:03+00:00,Fullscript,data engineer,,"['design', 'python', 'technical', 'support', 'testing', 'growth', 'code', 'devops', 'financial', 'cloud', 'leader', 'senior', 'junior', 'analytics', 'health', 'healthcare', 'engineer', 'engineering', 'digital nomad']",67500,120000,2020,SE,FT,100000,EUR,114047,PL,100,GB,S
2025-05-10 21:00:03+00:00,Fullscript,data engineer,,"['design', 'python', 'technical', 'support', 'testing', 'growth', 'code', 'devops', 'financial', 'cloud', 'leader', 'senior', 'junior', 'analytics', 'health', 'healthcare', 'engineer', 'engineering', 'digital nomad']",67500,120000,2020,MI,FT,56000,USD,56000,PT,100,US,M
2025-05-10 21:00:03+00:00,Fullscript,data engineer,,"['design', 'python', 'technical', 'support', 'testing', 'growth', 'code', 'devops', 'financial', 'cloud', 'leader', 'senior', 'junior', 'analytics', 'health', 'healthcare', 'engineer', 'engineering', 'digital nomad']",67500,120000,2020,SE,FT,42000,EUR,47899,GR,50,GR,L
2025-05-10 21:00:03+00:00,Fullscript,data engineer,,"['design', 'python', 'technical', 'support', 'testing', 'growth', 'code', 'devops', 'financial', 'cloud', 'leader', 'senior', 'junior', 'analytics', 'health', 'healthcare', 'engineer', 'engineering', 'digital nomad']",67500,120000,2020,SE,FT,720000,MXN,33511,MX,0,MX,S
2025-05-10 21:00:03+00:00,Fullscript,data engineer,,"['design', 'python', 'technical', 'support', 'testing', 'growth', 'code', 'devops', 'financial', 'cloud', 'leader', 'senior', 'junior', 'analytics', 'health', 'healthcare', 'engineer', 'engineering', 'digital nomad']",67500,120000,2020,MI,FT,51999,EUR,59303,DE,100,DE,S
2025-05-10 21:00:03+00:00,Fullscript,data engineer,,"['design', 'python', 'technical', 'support', 'testing', 'growth', 'code', 'devops', 'financial', 'cloud', 'leader', 'senior', 'junior', 'analytics', 'health', 'healthcare', 'engineer', 'engineering', 'digital nomad']",67500,120000,2020,EN,FT,70000,USD,70000,US,100,US,L
2025-05-10 21:00:03+00:00,Fullscript,data engineer,,"['design', 'python', 'technical', 'support', 'testing', 'growth', 'code', 'devops', 'financial', 'cloud', 'leader', 'senior', 'junior', 'analytics', 'health', 'healthcare', 'engineer', 'engineering', 'digital nomad']",67500,120000,2020,MI,FT,65000,EUR,74130,AT,50,AT,L
2025-05-10 21:00:03+00:00,Fullscript,data engineer,,"['design', 'python', 'technical', 'support', 'testing', 'growth', 'code', 'devops', 'financial', 'cloud', 'leader', 'senior', 'junior', 'analytics', 'health', 'healthcare', 'engineer', 'engineering', 'digital nomad']",67500,120000,2020,EX,FT,70000,EUR,79833,ES,50,ES,L
2025-05-10 21:00:03+00:00,Fullscript,data engineer,,"['design', 'python', 'technical', 'support', 'testing', 'growth', 'code', 'devops', 'financial', 'cloud', 'leader', 'senior', 'junior', 'analytics', 'health', 'healthcare', 'engineer', 'engineering', 'digital nomad']",67500,120000,2020,MI,FT,106000,USD,106000,US,100,US,L
2025-05-10 21:00:03+00:00,Fullscript,data engineer,,"['design', 'python', 'technical', 'support', 'testing', 'growth', 'code', 'devops', 'financial', 'cloud', 'leader', 'senior', 'junior', 'analytics', 'health', 'healthcare', 'engineer', 'engineering', 'digital nomad']",67500,120000,2020,MI,FT,88000,GBP,112872,GB,50,GB,L
2025-05-10 21:00:03+00:00,Fullscript,data engineer,,"['design', 'python', 'technical', 'support', 'testing', 'growth', 'code', 'devops', 'financial', 'cloud', 'leader', 'senior', 'junior', 'analytics', 'health', 'healthcare', 'engineer', 'engineering', 'digital nomad']",67500,120000,2020,EN,PT,14000,EUR,15966,DE,100,DE,S
2025-05-10 21:00:03+00:00,Fullscript,data engineer,,"['design', 'python', 'technical', 'support', 'testing', 'growth', 'code', 'devops', 'financial', 'cloud', 'leader', 'senior', 'junior', 'analytics', 'health', 'healthcare', 'engineer', 'engineering', 'digital nomad']",67500,120000,2020,SE,FT,188000,USD,188000,US,100,US,L
2025-05-10 21:00:03+00:00,Fullscript,data engineer,,"['design', 'python', 'technical', 'support', 'testing', 'growth', 'code', 'devops', 'financial', 'cloud', 'leader', 'senior', 'junior', 'analytics', 'health', 'healthcare', 'engineer', 'engineering', 'digital nomad']",67500,120000,2020,MI,FT,61500,EUR,70139,FR,50,FR,L
2025-05-10 21:00:03+00:00,Fullscript,data engineer,,"['design', 'python', 'technical', 'support', 'testing', 'growth', 'code', 'devops', 'financial', 'cloud', 'leader', 'senior', 'junior', 'analytics', 'health', 'healthcare', 'engineer', 'engineering', 'digital nomad']",67500,120000,2020,EN,FT,48000,EUR,54742,PK,100,DE,L
2025-05-10 21:00:03+00:00,Fullscript,data engineer,,"['design', 'python', 'technical', 'support', 'testing', 'growth', 'code', 'devops', 'financial', 'cloud', 'leader', 'senior', 'junior', 'analytics', 'health', 'healthcare', 'engineer', 'engineering', 'digital nomad']",67500,120000,2020,SE,FL,60000,USD,60000,RU,100,US,S
2025-05-10 21:00:03+00:00,Fullscript,data engineer,,"['design', 'python', 'technical', 'support', 'testing', 'growth', 'code', 'devops', 'financial', 'cloud', 'leader', 'senior', 'junior', 'analytics', 'health', 'healthcare', 'engineer', 'engineering', 'digital nomad']",67500,120000,2020,MI,FT,110000,USD,110000,US,100,US,L
2025-05-10 21:00:03+00:00,Fullscript,data engineer,,"['design', 'python', 'technical', 'support', 'testing', 'growth', 'code', 'devops', 'financial', 'cloud', 'leader', 'senior', 'junior', 'analytics', 'health', 'healthcare', 'engineer', 'engineering', 'digital nomad']",67500,120000,2020,MI,FT,130800,USD,130800,ES,100,US,M
2025-05-10 21:00:03+00:00,Fullscript,data engineer,,"['design', 'python', 'technical', 'support', 'testing', 'growth', 'code', 'devops', 'financial', 'cloud', 'leader', 'senior', 'junior', 'analytics', 'health', 'healthcare', 'engineer', 'engineering', 'digital nomad']",67500,120000,2021,MI,CT,270000,USD,270000,US,100,US,L
2025-05-10 21:00:03+00:00,Fullscript,data engineer,,"['design', 'python', 'technical', 'support', 'testing', 'growth', 'code', 'devops', 'financial', 'cloud', 'leader', 'senior', 'junior', 'analytics', 'health', 'healthcare', 'engineer', 'engineering', 'digital nomad']",67500,120000,2021,MI,FT,140000,USD,140000,US,100,US,L
2025-05-10 21:00:03+00:00,Fullscript,data engineer,,"['design', 'python', 'technical', 'support', 'testing', 'growth', 'code', 'devops', 'financial', 'cloud', 'leader', 'senior', 'junior', 'analytics', 'health', 'healthcare', 'engineer', 'engineering', 'digital nomad']",67500,120000,2021,MI,FT,110000,PLN,28476,PL,100,PL,L
2025-05-10 21:00:03+00:00,Fullscript,data engineer,,"['design', 'python', 'technical', 'support', 'testing', 'growth', 'code', 'devops', 'financial', 'cloud', 'leader', 'senior', 'junior', 'analytics', 'health', 'healthcare', 'engineer', 'engineering', 'digital nomad']",67500,120000,2021,SE,FT,276000,USD,276000,US,0,US,L
2025-05-10 21:00:03+00:00,Fullscript,data engineer,,"['design', 'python', 'technical', 'support', 'testing', 'growth', 'code', 'devops', 'financial', 'cloud', 'leader', 'senior', 'junior', 'analytics', 'health', 'healthcare', 'engineer', 'engineering', 'digital nomad']",67500,120000,2021,MI,FT,120000,SGD,89294,SG,50,SG,L
2025-05-10 21:00:03+00:00,Fullscript,data engineer,,"['design', 'python', 'technical', 'support', 'testing', 'growth', 'code', 'devops', 'financial', 'cloud', 'leader', 'senior', 'junior', 'analytics', 'health', 'healthcare', 'engineer', 'engineering', 'digital nomad']",67500,120000,2021,EN,FT,70000,USD,70000,US,100,US,M
2025-05-10 21:00:03+00:00,Fullscript,data engineer,,"['design', 'python', 'technical', 'support', 'testing', 'growth', 'code', 'devops', 'financial', 'cloud', 'leader', 'senior', 'junior', 'analytics', 'health', 'healthcare', 'engineer', 'engineering', 'digital nomad']",67500,120000,2021,MI,FT,81000,EUR,95746,DE,100,US,S
2025-05-10 21:00:03+00:00,Fullscript,data engineer,,"['design', 'python', 'technical', 'support', 'testing', 'growth', 'code', 'devops', 'financial', 'cloud', 'leader', 'senior', 'junior', 'analytics', 'health', 'healthcare', 'engineer', 'engineering', 'digital nomad']",67500,120000,2021,SE,FT,150000,USD,150000,US,100,US,L
2025-05-10 21:00:03+00:00,Fullscript,data engineer,,"['design', 'python', 'technical', 'support', 'testing', 'growth', 'code', 'devops', 'financial', 'cloud', 'leader', 'senior', 'junior', 'analytics', 'health', 'healthcare', 'engineer', 'engineering', 'digital nomad']",67500,120000,2021,SE,FT,115000,USD,115000,US,100,US,S
2025-05-10 21:00:03+00:00,Fullscript,data engineer,,"['design', 'python', 'technical', 'support', 'testing', 'growth', 'code', 'devops', 'financial', 'cloud', 'leader', 'senior', 'junior', 'analytics', 'health', 'healthcare', 'engineer', 'engineering', 'digital nomad']",67500,120000,2021,SE,FT,150000,USD,150000,US,100,US,M
2025-05-10 21:00:03+00:00,Fullscript,data engineer,,"['design', 'python', 'technical', 'support', 'testing', 'growth', 'code', 'devops', 'financial', 'cloud', 'leader', 'senior', 'junior', 'analytics', 'health', 'healthcare', 'engineer', 'engineering', 'digital nomad']",67500,120000,2021,EN,FT,2250000,INR,30428,IN,100,IN,L
2025-05-10 21:00:03+00:00,Fullscript,data engineer,,"['design', 'python', 'technical', 'support', 'testing', 'growth', 'code', 'devops', 'financial', 'cloud', 'leader', 'senior', 'junior', 'analytics', 'health', 'healthcare', 'engineer', 'engineering', 'digital nomad']",67500,120000,2021,SE,FT,82500,GBP,113476,GB,100,GB,M
2025-05-10 21:00:03+00:00,Fullscript,data engineer,,"['design', 'python', 'technical', 'support', 'testing', 'growth', 'code', 'devops', 'financial', 'cloud', 'leader', 'senior', 'junior', 'analytics', 'health', 'healthcare', 'engineer', 'engineering', 'digital nomad']",67500,120000,2021,SE,FT,75000,GBP,103160,GB,100,GB,S
2025-05-10 21:00:03+00:00,Fullscript,data engineer,,"['design', 'python', 'technical', 'support', 'testing', 'growth', 'code', 'devops', 'financial', 'cloud', 'leader', 'senior', 'junior', 'analytics', 'health', 'healthcare', 'engineer', 'engineering', 'digital nomad']",67500,120000,2021,MI,FT,38400,EUR,45391,NL,100,NL,L
2025-05-10 21:00:03+00:00,Fullscript,data engineer,,"['design', 'python', 'technical', 'support', 'testing', 'growth', 'code', 'devops', 'financial', 'cloud', 'leader', 'senior', 'junior', 'analytics', 'health', 'healthcare', 'engineer', 'engineering', 'digital nomad']",67500,120000,2021,MI,FT,34000,EUR,40189,GR,100,GR,M
2025-05-10 21:00:03+00:00,Fullscript,data engineer,,"['design', 'python', 'technical', 'support', 'testing', 'growth', 'code', 'devops', 'financial', 'cloud', 'leader', 'senior', 'junior', 'analytics', 'health', 'healthcare', 'engineer', 'engineering', 'digital nomad']",67500,120000,2021,MI,FT,200000,USD,200000,US,100,US,L
2025-05-10 21:00:03+00:00,Fullscript,data engineer,,"['design', 'python', 'technical', 'support', 'testing', 'growth', 'code', 'devops', 'financial', 'cloud', 'leader', 'senior', 'junior', 'analytics', 'health', 'healthcare', 'engineer', 'engineering', 'digital nomad']",67500,120000,2021,MI,FT,60000,USD,60000,ES,50,RO,M
2025-05-10 21:00:03+00:00,Fullscript,data engineer,,"['design', 'python', 'technical', 'support', 'testing', 'growth', 'code', 'devops', 'financial', 'cloud', 'leader', 'senior', 'junior', 'analytics', 'health', 'healthcare', 'engineer', 'engineering', 'digital nomad']",67500,120000,2021,SE,FT,200000,USD,200000,US,100,US,M
2025-05-10 21:00:03+00:00,Fullscript,data engineer,,"['design', 'python', 'technical', 'support', 'testing', 'growth', 'code', 'devops', 'financial', 'cloud', 'leader', 'senior', 'junior', 'analytics', 'health', 'healthcare', 'engineer', 'engineering', 'digital nomad']",67500,120000,2021,SE,FT,24000,USD,24000,BR,100,BR,M
2025-05-10 21:00:03+00:00,Fullscript,data engineer,,"['design', 'python', 'technical', 'support', 'testing', 'growth', 'code', 'devops', 'financial', 'cloud', 'leader', 'senior', 'junior', 'analytics', 'health', 'healthcare', 'engineer', 'engineering', 'digital nomad']",67500,120000,2021,MI,FT,7000000,JPY,63711,JP,50,JP,S
2025-05-10 21:00:03+00:00,Fullscript,data engineer,,"['design', 'python', 'technical', 'support', 'testing', 'growth', 'code', 'devops', 'financial', 'cloud', 'leader', 'senior', 'junior', 'analytics', 'health', 'healthcare', 'engineer', 'engineering', 'digital nomad']",67500,120000,2021,MI,FT,8500000,JPY,77364,JP,50,JP,S
2025-05-10 21:00:03+00:00,Fullscript,data engineer,,"['design', 'python', 'technical', 'support', 'testing', 'growth', 'code', 'devops', 'financial', 'cloud', 'leader', 'senior', 'junior', 'analytics', 'health', 'healthcare', 'engineer', 'engineering', 'digital nomad']",67500,120000,2021,SE,FT,150000,USD,150000,US,0,US,L
2025-05-10 21:00:03+00:00,Fullscript,data engineer,,"['design', 'python', 'technical', 'support', 'testing', 'growth', 'code', 'devops', 'financial', 'cloud', 'leader', 'senior', 'junior', 'analytics', 'health', 'healthcare', 'engineer', 'engineering', 'digital nomad']",67500,120000,2021,MI,FT,100000,USD,100000,US,100,US,L
2025-05-10 21:00:03+00:00,Fullscript,data engineer,,"['design', 'python', 'technical', 'support', 'testing', 'growth', 'code', 'devops', 'financial', 'cloud', 'leader', 'senior', 'junior', 'analytics', 'health', 'healthcare', 'engineer', 'engineering', 'digital nomad']",67500,120000,2021,MI,FT,90000,USD,90000,US,100,US,L
2025-05-10 21:00:03+00:00,Fullscript,data engineer,,"['design', 'python', 'technical', 'support', 'testing', 'growth', 'code', 'devops', 'financial', 'cloud', 'leader', 'senior', 'junior', 'analytics', 'health', 'healthcare', 'engineer', 'engineering', 'digital nomad']",67500,120000,2021,SE,FT,153000,USD,153000,US,100,US,L
2025-05-10 21:00:03+00:00,Fullscript,data engineer,,"['design', 'python', 'technical', 'support', 'testing', 'growth', 'code', 'devops', 'financial', 'cloud', 'leader', 'senior', 'junior', 'analytics', 'health', 'healthcare', 'engineer', 'engineering', 'digital nomad']",67500,120000,2021,SE,FT,160000,USD,160000,BR,100,US,S
2025-05-10 21:00:03+00:00,Fullscript,data engineer,,"['design', 'python', 'technical', 'support', 'testing', 'growth', 'code', 'devops', 'financial', 'cloud', 'leader', 'senior', 'junior', 'analytics', 'health', 'healthcare', 'engineer', 'engineering', 'digital nomad']",67500,120000,2021,SE,FT,159500,CAD,127221,CA,50,CA,L
2025-05-10 21:00:03+00:00,Fullscript,data engineer,,"['design', 'python', 'technical', 'support', 'testing', 'growth', 'code', 'devops', 'financial', 'cloud', 'leader', 'senior', 'junior', 'analytics', 'health', 'healthcare', 'engineer', 'engineering', 'digital nomad']",67500,120000,2021,MI,FT,24000,EUR,28369,MT,50,MT,L
2025-05-10 21:00:03+00:00,Fullscript,data engineer,,"['design', 'python', 'technical', 'support', 'testing', 'growth', 'code', 'devops', 'financial', 'cloud', 'leader', 'senior', 'junior', 'analytics', 'health', 'healthcare', 'engineer', 'engineering', 'digital nomad']",67500,120000,2021,EN,FT,80000,USD,80000,US,100,US,L
2025-05-10 21:00:03+00:00,Fullscript,data engineer,,"['design', 'python', 'technical', 'support', 'testing', 'growth', 'code', 'devops', 'financial', 'cloud', 'leader', 'senior', 'junior', 'analytics', 'health', 'healthcare', 'engineer', 'engineering', 'digital nomad']",67500,120000,2021,MI,FT,150000,USD,150000,US,100,US,L
2025-05-10 21:00:03+00:00,Fullscript,data engineer,,"['design', 'python', 'technical', 'support', 'testing', 'growth', 'code', 'devops', 'financial', 'cloud', 'leader', 'senior', 'junior', 'analytics', 'health', 'healthcare', 'engineer', 'engineering', 'digital nomad']",67500,120000,2021,MI,FT,170000,USD,170000,US,100,US,L
2025-05-10 21:00:03+00:00,Fullscript,data engineer,,"['design', 'python', 'technical', 'support', 'testing', 'growth', 'code', 'devops', 'financial', 'cloud', 'leader', 'senior', 'junior', 'analytics', 'health', 'healthcare', 'engineer', 'engineering', 'digital nomad']",67500,120000,2021,MI,FT,60000,GBP,82528,GB,100,GB,L
2025-05-10 21:00:03+00:00,Fullscript,data engineer,,"['design', 'python', 'technical', 'support', 'testing', 'growth', 'code', 'devops', 'financial', 'cloud', 'leader', 'senior', 'junior', 'analytics', 'health', 'healthcare', 'engineer', 'engineering', 'digital nomad']",67500,120000,2021,SE,FT,174000,USD,174000,US,100,US,L
2025-05-10 21:00:03+00:00,Fullscript,data engineer,,"['design', 'python', 'technical', 'support', 'testing', 'growth', 'code', 'devops', 'financial', 'cloud', 'leader', 'senior', 'junior', 'analytics', 'health', 'healthcare', 'engineer', 'engineering', 'digital nomad']",67500,120000,2021,MI,FT,1672000,INR,22611,IN,0,IN,L
2025-05-10 21:00:03+00:00,Fullscript,data engineer,,"['design', 'python', 'technical', 'support', 'testing', 'growth', 'code', 'devops', 'financial', 'cloud', 'leader', 'senior', 'junior', 'analytics', 'health', 'healthcare', 'engineer', 'engineering', 'digital nomad']",67500,120000,2021,MI,FT,22000,EUR,26005,RO,0,US,L
2025-05-10 21:00:03+00:00,Fullscript,data engineer,,"['design', 'python', 'technical', 'support', 'testing', 'growth', 'code', 'devops', 'financial', 'cloud', 'leader', 'senior', 'junior', 'analytics', 'health', 'healthcare', 'engineer', 'engineering', 'digital nomad']",67500,120000,2021,MI,FT,4000,USD,4000,IR,100,IR,M
2025-05-10 21:00:03+00:00,Fullscript,data engineer,,"['design', 'python', 'technical', 'support', 'testing', 'growth', 'code', 'devops', 'financial', 'cloud', 'leader', 'senior', 'junior', 'analytics', 'health', 'healthcare', 'engineer', 'engineering', 'digital nomad']",67500,120000,2021,SE,FT,65000,EUR,76833,RO,50,GB,S
2025-05-10 21:00:03+00:00,Fullscript,data engineer,,"['design', 'python', 'technical', 'support', 'testing', 'growth', 'code', 'devops', 'financial', 'cloud', 'leader', 'senior', 'junior', 'analytics', 'health', 'healthcare', 'engineer', 'engineering', 'digital nomad']",67500,120000,2021,MI,FT,18000,USD,18000,MD,0,MD,S
2025-05-10 21:00:03+00:00,Fullscript,data engineer,,"['design', 'python', 'technical', 'support', 'testing', 'growth', 'code', 'devops', 'financial', 'cloud', 'leader', 'senior', 'junior', 'analytics', 'health', 'healthcare', 'engineer', 'engineering', 'digital nomad']",67500,120000,2021,SE,FT,165000,USD,165000,US,0,US,M
2025-05-10 21:00:03+00:00,Fullscript,data engineer,,"['design', 'python', 'technical', 'support', 'testing', 'growth', 'code', 'devops', 'financial', 'cloud', 'leader', 'senior', 'junior', 'analytics', 'health', 'healthcare', 'engineer', 'engineering', 'digital nomad']",67500,120000,2021,MI,FL,20000,USD,20000,IT,0,US,L
2025-05-10 21:00:03+00:00,Fullscript,data engineer,,"['design', 'python', 'technical', 'support', 'testing', 'growth', 'code', 'devops', 'financial', 'cloud', 'leader', 'senior', 'junior', 'analytics', 'health', 'healthcare', 'engineer', 'engineering', 'digital nomad']",67500,120000,2021,MI,FT,48000,GBP,66022,HK,50,GB,S
2025-05-10 21:00:03+00:00,Fullscript,data engineer,,"['design', 'python', 'technical', 'support', 'testing', 'growth', 'code', 'devops', 'financial', 'cloud', 'leader', 'senior', 'junior', 'analytics', 'health', 'healthcare', 'engineer', 'engineering', 'digital nomad']",67500,120000,2021,EN,FT,435000,INR,5882,IN,0,CH,L
2025-05-10 21:00:03+00:00,Fullscript,data engineer,,"['design', 'python', 'technical', 'support', 'testing', 'growth', 'code', 'devops', 'financial', 'cloud', 'leader', 'senior', 'junior', 'analytics', 'health', 'healthcare', 'engineer', 'engineering', 'digital nomad']",67500,120000,2021,SE,FT,185000,USD,185000,US,100,US,L
2025-05-10 21:00:03+00:00,Fullscript,data engineer,,"['design', 'python', 'technical', 'support', 'testing', 'growth', 'code', 'devops', 'financial', 'cloud', 'leader', 'senior', 'junior', 'analytics', 'health', 'healthcare', 'engineer', 'engineering', 'digital nomad']",67500,120000,2021,EN,PT,180000,DKK,28609,DK,50,DK,S
2025-05-10 21:00:03+00:00,Fullscript,data engineer,,"['design', 'python', 'technical', 'support', 'testing', 'growth', 'code', 'devops', 'financial', 'cloud', 'leader', 'senior', 'junior', 'analytics', 'health', 'healthcare', 'engineer', 'engineering', 'digital nomad']",67500,120000,2021,EN,FT,1200000,INR,16228,IN,100,IN,L
2025-05-10 21:00:03+00:00,Fullscript,data engineer,,"['design', 'python', 'technical', 'support', 'testing', 'growth', 'code', 'devops', 'financial', 'cloud', 'leader', 'senior', 'junior', 'analytics', 'health', 'healthcare', 'engineer', 'engineering', 'digital nomad']",67500,120000,2021,SE,FT,256000,USD,256000,US,100,US,S
2025-05-10 21:00:03+00:00,Fullscript,data engineer,,"['design', 'python', 'technical', 'support', 'testing', 'growth', 'code', 'devops', 'financial', 'cloud', 'leader', 'senior', 'junior', 'analytics', 'health', 'healthcare', 'engineer', 'engineering', 'digital nomad']",67500,120000,2021,SE,FT,200000,USD,200000,US,100,US,L
2025-05-10 21:00:03+00:00,Fullscript,data engineer,,"['design', 'python', 'technical', 'support', 'testing', 'growth', 'code', 'devops', 'financial', 'cloud', 'leader', 'senior', 'junior', 'analytics', 'health', 'healthcare', 'engineer', 'engineering', 'digital nomad']",67500,120000,2021,MI,FT,180000,USD,180000,US,100,US,L
2025-05-10 21:00:03+00:00,Fullscript,data engineer,,"['design', 'python', 'technical', 'support', 'testing', 'growth', 'code', 'devops', 'financial', 'cloud', 'leader', 'senior', 'junior', 'analytics', 'health', 'healthcare', 'engineer', 'engineering', 'digital nomad']",67500,120000,2021,EN,FT,1600000,INR,21637,IN,50,IN,M
2025-05-10 21:00:03+00:00,Fullscript,data engineer,,"['design', 'python', 'technical', 'support', 'testing', 'growth', 'code', 'devops', 'financial', 'cloud', 'leader', 'senior', 'junior', 'analytics', 'health', 'healthcare', 'engineer', 'engineering', 'digital nomad']",67500,120000,2021,MI,FT,110000,USD,110000,US,100,US,L
2025-05-10 21:00:03+00:00,Fullscript,data engineer,,"['design', 'python', 'technical', 'support', 'testing', 'growth', 'code', 'devops', 'financial', 'cloud', 'leader', 'senior', 'junior', 'analytics', 'health', 'healthcare', 'engineer', 'engineering', 'digital nomad']",67500,120000,2021,MI,FT,52500,GBP,72212,GB,50,GB,L
2025-05-10 21:00:03+00:00,Fullscript,data engineer,,"['design', 'python', 'technical', 'support', 'testing', 'growth', 'code', 'devops', 'financial', 'cloud', 'leader', 'senior', 'junior', 'analytics', 'health', 'healthcare', 'engineer', 'engineering', 'digital nomad']",67500,120000,2021,MI,FT,108000,TRY,12103,TR,0,TR,M
2025-05-10 21:00:03+00:00,Fullscript,data engineer,,"['design', 'python', 'technical', 'support', 'testing', 'growth', 'code', 'devops', 'financial', 'cloud', 'leader', 'senior', 'junior', 'analytics', 'health', 'healthcare', 'engineer', 'engineering', 'digital nomad']",67500,120000,2021,SE,FT,70000,GBP,96282,GB,50,GB,L
2025-05-10 21:00:03+00:00,Fullscript,data engineer,,"['design', 'python', 'technical', 'support', 'testing', 'growth', 'code', 'devops', 'financial', 'cloud', 'leader', 'senior', 'junior', 'analytics', 'health', 'healthcare', 'engineer', 'engineering', 'digital nomad']",67500,120000,2021,EX,FT,600000,USD,600000,US,100,US,L
2025-05-10 21:00:03+00:00,Fullscript,data engineer,,"['design', 'python', 'technical', 'support', 'testing', 'growth', 'code', 'devops', 'financial', 'cloud', 'leader', 'senior', 'junior', 'analytics', 'health', 'healthcare', 'engineer', 'engineering', 'digital nomad']",67500,120000,2021,SE,FT,125000,CAD,99703,CA,50,CA,M
2025-05-10 21:00:03+00:00,Fullscript,data engineer,,"['design', 'python', 'technical', 'support', 'testing', 'growth', 'code', 'devops', 'financial', 'cloud', 'leader', 'senior', 'junior', 'analytics', 'health', 'healthcare', 'engineer', 'engineering', 'digital nomad']",67500,120000,2021,MI,FT,200000,USD,200000,US,100,US,L
2025-05-10 21:00:03+00:00,Fullscript,data engineer,,"['design', 'python', 'technical', 'support', 'testing', 'growth', 'code', 'devops', 'financial', 'cloud', 'leader', 'senior', 'junior', 'analytics', 'health', 'healthcare', 'engineer', 'engineering', 'digital nomad']",67500,120000,2021,SE,FT,160000,USD,160000,PR,50,US,S
2025-05-10 21:00:03+00:00,Fullscript,data engineer,,"['design', 'python', 'technical', 'support', 'testing', 'growth', 'code', 'devops', 'financial', 'cloud', 'leader', 'senior', 'junior', 'analytics', 'health', 'healthcare', 'engineer', 'engineering', 'digital nomad']",67500,120000,2021,MI,FT,93150,USD,93150,US,0,US,M
2025-05-10 21:00:03+00:00,Fullscript,data engineer,,"['design', 'python', 'technical', 'support', 'testing', 'growth', 'code', 'devops', 'financial', 'cloud', 'leader', 'senior', 'junior', 'analytics', 'health', 'healthcare', 'engineer', 'engineering', 'digital nomad']",67500,120000,2021,MI,FT,111775,USD,111775,US,0,US,M
2025-05-10 21:00:03+00:00,Fullscript,data engineer,,"['design', 'python', 'technical', 'support', 'testing', 'growth', 'code', 'devops', 'financial', 'cloud', 'leader', 'senior', 'junior', 'analytics', 'health', 'healthcare', 'engineer', 'engineering', 'digital nomad']",67500,120000,2021,MI,FT,250000,TRY,28016,TR,100,TR,M
2025-05-10 21:00:03+00:00,Fullscript,data engineer,,"['design', 'python', 'technical', 'support', 'testing', 'growth', 'code', 'devops', 'financial', 'cloud', 'leader', 'senior', 'junior', 'analytics', 'health', 'healthcare', 'engineer', 'engineering', 'digital nomad']",67500,120000,2021,EN,FT,55000,EUR,65013,DE,50,DE,M
2025-05-10 21:00:03+00:00,Fullscript,data engineer,,"['design', 'python', 'technical', 'support', 'testing', 'growth', 'code', 'devops', 'financial', 'cloud', 'leader', 'senior', 'junior', 'analytics', 'health', 'healthcare', 'engineer', 'engineering', 'digital nomad']",67500,120000,2021,EN,FT,72500,USD,72500,US,100,US,L
2025-05-10 21:00:03+00:00,Fullscript,data engineer,,"['design', 'python', 'technical', 'support', 'testing', 'growth', 'code', 'devops', 'financial', 'cloud', 'leader', 'senior', 'junior', 'analytics', 'health', 'healthcare', 'engineer', 'engineering', 'digital nomad']",67500,120000,2021,SE,FT,102000,BRL,18907,BR,0,BR,M
2025-05-10 21:00:03+00:00,Fullscript,data engineer,,"['design', 'python', 'technical', 'support', 'testing', 'growth', 'code', 'devops', 'financial', 'cloud', 'leader', 'senior', 'junior', 'analytics', 'health', 'healthcare', 'engineer', 'engineering', 'digital nomad']",67500,120000,2021,MI,FT,112000,USD,112000,US,100,US,L
2025-05-10 21:00:03+00:00,Fullscript,data engineer,,"['design', 'python', 'technical', 'support', 'testing', 'growth', 'code', 'devops', 'financial', 'cloud', 'leader', 'senior', 'junior', 'analytics', 'health', 'healthcare', 'engineer', 'engineering', 'digital nomad']",67500,120000,2021,MI,PT,59000,EUR,69741,NL,100,NL,L
2025-05-10 21:00:03+00:00,Fullscript,data engineer,,"['design', 'python', 'technical', 'support', 'testing', 'growth', 'code', 'devops', 'financial', 'cloud', 'leader', 'senior', 'junior', 'analytics', 'health', 'healthcare', 'engineer', 'engineering', 'digital nomad']",67500,120000,2022,SE,FT,135000,USD,135000,US,100,US,M
2025-05-10 21:00:03+00:00,Fullscript,data engineer,,"['design', 'python', 'technical', 'support', 'testing', 'growth', 'code', 'devops', 'financial', 'cloud', 'leader', 'senior', 'junior', 'analytics', 'health', 'healthcare', 'engineer', 'engineering', 'digital nomad']",67500,120000,2022,MI,FT,170000,USD,170000,US,100,US,M
2025-05-10 21:00:03+00:00,Fullscript,data engineer,,"['design', 'python', 'technical', 'support', 'testing', 'growth', 'code', 'devops', 'financial', 'cloud', 'leader', 'senior', 'junior', 'analytics', 'health', 'healthcare', 'engineer', 'engineering', 'digital nomad']",67500,120000,2022,MI,FT,150000,USD,150000,US,100,US,M
2025-05-10 21:00:03+00:00,Fullscript,data engineer,,"['design', 'python', 'technical', 'support', 'testing', 'growth', 'code', 'devops', 'financial', 'cloud', 'leader', 'senior', 'junior', 'analytics', 'health', 'healthcare', 'engineer', 'engineering', 'digital nomad']",67500,120000,2022,EN,FT,40000,GBP,52351,GB,100,GB,M
2025-05-10 21:00:03+00:00,Fullscript,data engineer,,"['design', 'python', 'technical', 'support', 'testing', 'growth', 'code', 'devops', 'financial', 'cloud', 'leader', 'senior', 'junior', 'analytics', 'health', 'healthcare', 'engineer', 'engineering', 'digital nomad']",67500,120000,2022,EX,FT,242000,USD,242000,US,100,US,M
2025-05-10 21:00:03+00:00,Fullscript,data engineer,,"['design', 'python', 'technical', 'support', 'testing', 'growth', 'code', 'devops', 'financial', 'cloud', 'leader', 'senior', 'junior', 'analytics', 'health', 'healthcare', 'engineer', 'engineering', 'digital nomad']",67500,120000,2022,EX,FT,200000,USD,200000,US,100,US,M
2025-05-10 21:00:03+00:00,Fullscript,data engineer,,"['design', 'python', 'technical', 'support', 'testing', 'growth', 'code', 'devops', 'financial', 'cloud', 'leader', 'senior', 'junior', 'analytics', 'health', 'healthcare', 'engineer', 'engineering', 'digital nomad']",67500,120000,2022,MI,FT,60000,GBP,78526,GB,0,GB,M
2025-05-10 21:00:03+00:00,Fullscript,data engineer,,"['design', 'python', 'technical', 'support', 'testing', 'growth', 'code', 'devops', 'financial', 'cloud', 'leader', 'senior', 'junior', 'analytics', 'health', 'healthcare', 'engineer', 'engineering', 'digital nomad']",67500,120000,2022,MI,FT,40000,GBP,52351,GB,0,GB,M
2025-05-10 21:00:03+00:00,Fullscript,data engineer,,"['design', 'python', 'technical', 'support', 'testing', 'growth', 'code', 'devops', 'financial', 'cloud', 'leader', 'senior', 'junior', 'analytics', 'health', 'healthcare', 'engineer', 'engineering', 'digital nomad']",67500,120000,2022,EN,FT,35000,GBP,45807,GB,100,GB,M
2025-05-10 21:00:03+00:00,Fullscript,data engineer,,"['design', 'python', 'technical', 'support', 'testing', 'growth', 'code', 'devops', 'financial', 'cloud', 'leader', 'senior', 'junior', 'analytics', 'health', 'healthcare', 'engineer', 'engineering', 'digital nomad']",67500,120000,2022,SE,FT,181940,USD,181940,US,0,US,M
2025-05-10 21:00:03+00:00,Fullscript,data engineer,,"['design', 'python', 'technical', 'support', 'testing', 'growth', 'code', 'devops', 'financial', 'cloud', 'leader', 'senior', 'junior', 'analytics', 'health', 'healthcare', 'engineer', 'engineering', 'digital nomad']",67500,120000,2022,SE,FT,132320,USD,132320,US,0,US,M
2025-05-10 21:00:03+00:00,Fullscript,data engineer,,"['design', 'python', 'technical', 'support', 'testing', 'growth', 'code', 'devops', 'financial', 'cloud', 'leader', 'senior', 'junior', 'analytics', 'health', 'healthcare', 'engineer', 'engineering', 'digital nomad']",67500,120000,2022,SE,FT,220110,USD,220110,US,0,US,M
2025-05-10 21:00:03+00:00,Fullscript,data engineer,,"['design', 'python', 'technical', 'support', 'testing', 'growth', 'code', 'devops', 'financial', 'cloud', 'leader', 'senior', 'junior', 'analytics', 'health', 'healthcare', 'engineer', 'engineering', 'digital nomad']",67500,120000,2022,SE,FT,160080,USD,160080,US,0,US,M
2025-05-10 21:00:03+00:00,Fullscript,data engineer,,"['design', 'python', 'technical', 'support', 'testing', 'growth', 'code', 'devops', 'financial', 'cloud', 'leader', 'senior', 'junior', 'analytics', 'health', 'healthcare', 'engineer', 'engineering', 'digital nomad']",67500,120000,2022,SE,FT,165400,USD,165400,US,100,US,M
2025-05-10 21:00:03+00:00,Fullscript,data engineer,,"['design', 'python', 'technical', 'support', 'testing', 'growth', 'code', 'devops', 'financial', 'cloud', 'leader', 'senior', 'junior', 'analytics', 'health', 'healthcare', 'engineer', 'engineering', 'digital nomad']",67500,120000,2022,SE,FT,132320,USD,132320,US,100,US,M
2025-05-10 21:00:03+00:00,Fullscript,data engineer,,"['design', 'python', 'technical', 'support', 'testing', 'growth', 'code', 'devops', 'financial', 'cloud', 'leader', 'senior', 'junior', 'analytics', 'health', 'healthcare', 'engineer', 'engineering', 'digital nomad']",67500,120000,2022,SE,FT,243900,USD,243900,US,100,US,M
2025-05-10 21:00:03+00:00,Fullscript,data engineer,,"['design', 'python', 'technical', 'support', 'testing', 'growth', 'code', 'devops', 'financial', 'cloud', 'leader', 'senior', 'junior', 'analytics', 'health', 'healthcare', 'engineer', 'engineering', 'digital nomad']",67500,120000,2022,SE,FT,128875,USD,128875,US,100,US,M
2025-05-10 21:00:03+00:00,Fullscript,data engineer,,"['design', 'python', 'technical', 'support', 'testing', 'growth', 'code', 'devops', 'financial', 'cloud', 'leader', 'senior', 'junior', 'analytics', 'health', 'healthcare', 'engineer', 'engineering', 'digital nomad']",67500,120000,2022,SE,FT,93700,USD,93700,US,100,US,M
2025-05-10 21:00:03+00:00,Fullscript,data engineer,,"['design', 'python', 'technical', 'support', 'testing', 'growth', 'code', 'devops', 'financial', 'cloud', 'leader', 'senior', 'junior', 'analytics', 'health', 'healthcare', 'engineer', 'engineering', 'digital nomad']",67500,120000,2022,SE,FT,156600,USD,156600,US,100,US,M
2025-05-10 21:00:03+00:00,Fullscript,data engineer,,"['design', 'python', 'technical', 'support', 'testing', 'growth', 'code', 'devops', 'financial', 'cloud', 'leader', 'senior', 'junior', 'analytics', 'health', 'healthcare', 'engineer', 'engineering', 'digital nomad']",67500,120000,2022,SE,FT,108800,USD,108800,US,0,US,M
2025-05-10 21:00:03+00:00,Fullscript,data engineer,,"['design', 'python', 'technical', 'support', 'testing', 'growth', 'code', 'devops', 'financial', 'cloud', 'leader', 'senior', 'junior', 'analytics', 'health', 'healthcare', 'engineer', 'engineering', 'digital nomad']",67500,120000,2022,SE,FT,113000,USD,113000,US,0,US,L
2025-05-10 21:00:03+00:00,Fullscript,data engineer,,"['design', 'python', 'technical', 'support', 'testing', 'growth', 'code', 'devops', 'financial', 'cloud', 'leader', 'senior', 'junior', 'analytics', 'health', 'healthcare', 'engineer', 'engineering', 'digital nomad']",67500,120000,2022,SE,FT,60000,GBP,78526,GB,0,GB,M
2025-05-10 21:00:03+00:00,Fullscript,data engineer,,"['design', 'python', 'technical', 'support', 'testing', 'growth', 'code', 'devops', 'financial', 'cloud', 'leader', 'senior', 'junior', 'analytics', 'health', 'healthcare', 'engineer', 'engineering', 'digital nomad']",67500,120000,2022,SE,FT,50000,GBP,65438,GB,0,GB,M
2025-05-10 21:00:03+00:00,Fullscript,data engineer,,"['design', 'python', 'technical', 'support', 'testing', 'growth', 'code', 'devops', 'financial', 'cloud', 'leader', 'senior', 'junior', 'analytics', 'health', 'healthcare', 'engineer', 'engineering', 'digital nomad']",67500,120000,2022,SE,FT,192400,USD,192400,CA,100,CA,M
2025-05-10 21:00:03+00:00,Fullscript,data engineer,,"['design', 'python', 'technical', 'support', 'testing', 'growth', 'code', 'devops', 'financial', 'cloud', 'leader', 'senior', 'junior', 'analytics', 'health', 'healthcare', 'engineer', 'engineering', 'digital nomad']",67500,120000,2022,SE,FT,90700,USD,90700,CA,100,CA,M
2025-05-10 21:00:03+00:00,Fullscript,data engineer,,"['design', 'python', 'technical', 'support', 'testing', 'growth', 'code', 'devops', 'financial', 'cloud', 'leader', 'senior', 'junior', 'analytics', 'health', 'healthcare', 'engineer', 'engineering', 'digital nomad']",67500,120000,2022,SE,FT,160000,USD,160000,US,0,US,L
2025-05-10 21:00:03+00:00,Fullscript,data engineer,,"['design', 'python', 'technical', 'support', 'testing', 'growth', 'code', 'devops', 'financial', 'cloud', 'leader', 'senior', 'junior', 'analytics', 'health', 'healthcare', 'engineer', 'engineering', 'digital nomad']",67500,120000,2022,SE,FT,136000,USD,136000,US,0,US,M
2025-05-10 21:00:03+00:00,Fullscript,data engineer,,"['design', 'python', 'technical', 'support', 'testing', 'growth', 'code', 'devops', 'financial', 'cloud', 'leader', 'senior', 'junior', 'analytics', 'health', 'healthcare', 'engineer', 'engineering', 'digital nomad']",67500,120000,2022,MI,FT,50000,EUR,54957,GR,0,GR,M
2025-05-10 21:00:03+00:00,Fullscript,data engineer,,"['design', 'python', 'technical', 'support', 'testing', 'growth', 'code', 'devops', 'financial', 'cloud', 'leader', 'senior', 'junior', 'analytics', 'health', 'healthcare', 'engineer', 'engineering', 'digital nomad']",67500,120000,2022,MI,FT,50000,EUR,54957,GR,0,GR,M
2025-05-10 21:00:03+00:00,Fullscript,data engineer,,"['design', 'python', 'technical', 'support', 'testing', 'growth', 'code', 'devops', 'financial', 'cloud', 'leader', 'senior', 'junior', 'analytics', 'health', 'healthcare', 'engineer', 'engineering', 'digital nomad']",67500,120000,2022,EX,FT,150000,CAD,118187,CA,100,CA,S
2025-05-10 21:00:03+00:00,Fullscript,data engineer,,"['design', 'python', 'technical', 'support', 'testing', 'growth', 'code', 'devops', 'financial', 'cloud', 'leader', 'senior', 'junior', 'analytics', 'health', 'healthcare', 'engineer', 'engineering', 'digital nomad']",67500,120000,2022,SE,FT,165400,USD,165400,US,100,US,M
2025-05-10 21:00:03+00:00,Fullscript,data engineer,,"['design', 'python', 'technical', 'support', 'testing', 'growth', 'code', 'devops', 'financial', 'cloud', 'leader', 'senior', 'junior', 'analytics', 'health', 'healthcare', 'engineer', 'engineering', 'digital nomad']",67500,120000,2022,SE,FT,208775,USD,208775,US,100,US,M
2025-05-10 21:00:03+00:00,Fullscript,data engineer,,"['design', 'python', 'technical', 'support', 'testing', 'growth', 'code', 'devops', 'financial', 'cloud', 'leader', 'senior', 'junior', 'analytics', 'health', 'healthcare', 'engineer', 'engineering', 'digital nomad']",67500,120000,2022,SE,FT,147800,USD,147800,US,100,US,M
2025-05-10 21:00:03+00:00,Fullscript,data engineer,,"['design', 'python', 'technical', 'support', 'testing', 'growth', 'code', 'devops', 'financial', 'cloud', 'leader', 'senior', 'junior', 'analytics', 'health', 'healthcare', 'engineer', 'engineering', 'digital nomad']",67500,120000,2022,SE,FT,136994,USD,136994,US,100,US,M
2025-05-10 21:00:03+00:00,Fullscript,data engineer,,"['design', 'python', 'technical', 'support', 'testing', 'growth', 'code', 'devops', 'financial', 'cloud', 'leader', 'senior', 'junior', 'analytics', 'health', 'healthcare', 'engineer', 'engineering', 'digital nomad']",67500,120000,2022,SE,FT,101570,USD,101570,US,100,US,M
2025-05-10 21:00:03+00:00,Fullscript,data engineer,,"['design', 'python', 'technical', 'support', 'testing', 'growth', 'code', 'devops', 'financial', 'cloud', 'leader', 'senior', 'junior', 'analytics', 'health', 'healthcare', 'engineer', 'engineering', 'digital nomad']",67500,120000,2022,SE,FT,132320,USD,132320,US,100,US,M
2025-05-10 21:00:03+00:00,Fullscript,data engineer,,"['design', 'python', 'technical', 'support', 'testing', 'growth', 'code', 'devops', 'financial', 'cloud', 'leader', 'senior', 'junior', 'analytics', 'health', 'healthcare', 'engineer', 'engineering', 'digital nomad']",67500,120000,2022,SE,FT,155000,USD,155000,US,100,US,M
2025-05-10 21:00:03+00:00,Fullscript,data engineer,,"['design', 'python', 'technical', 'support', 'testing', 'growth', 'code', 'devops', 'financial', 'cloud', 'leader', 'senior', 'junior', 'analytics', 'health', 'healthcare', 'engineer', 'engineering', 'digital nomad']",67500,120000,2022,MI,FT,90000,GBP,117789,GB,0,GB,M
2025-05-10 21:00:03+00:00,Fullscript,data engineer,,"['design', 'python', 'technical', 'support', 'testing', 'growth', 'code', 'devops', 'financial', 'cloud', 'leader', 'senior', 'junior', 'analytics', 'health', 'healthcare', 'engineer', 'engineering', 'digital nomad']",67500,120000,2022,SE,FT,209100,USD,209100,US,100,US,L
2025-05-10 21:00:03+00:00,Fullscript,data engineer,,"['design', 'python', 'technical', 'support', 'testing', 'growth', 'code', 'devops', 'financial', 'cloud', 'leader', 'senior', 'junior', 'analytics', 'health', 'healthcare', 'engineer', 'engineering', 'digital nomad']",67500,120000,2022,SE,FT,154600,USD,154600,US,100,US,L
2025-05-10 21:00:03+00:00,Fullscript,data engineer,,"['design', 'python', 'technical', 'support', 'testing', 'growth', 'code', 'devops', 'financial', 'cloud', 'leader', 'senior', 'junior', 'analytics', 'health', 'healthcare', 'engineer', 'engineering', 'digital nomad']",67500,120000,2022,SE,FT,175000,USD,175000,US,100,US,M
2025-05-10 21:00:03+00:00,Fullscript,data engineer,,"['design', 'python', 'technical', 'support', 'testing', 'growth', 'code', 'devops', 'financial', 'cloud', 'leader', 'senior', 'junior', 'analytics', 'health', 'healthcare', 'engineer', 'engineering', 'digital nomad']",67500,120000,2022,MI,FT,75000,GBP,98158,GB,0,GB,M
2025-05-10 21:00:03+00:00,Fullscript,data engineer,,"['design', 'python', 'technical', 'support', 'testing', 'growth', 'code', 'devops', 'financial', 'cloud', 'leader', 'senior', 'junior', 'analytics', 'health', 'healthcare', 'engineer', 'engineering', 'digital nomad']",67500,120000,2022,SE,FT,183600,USD,183600,US,100,US,L
2025-05-10 21:00:03+00:00,Fullscript,data engineer,,"['design', 'python', 'technical', 'support', 'testing', 'growth', 'code', 'devops', 'financial', 'cloud', 'leader', 'senior', 'junior', 'analytics', 'health', 'healthcare', 'engineer', 'engineering', 'digital nomad']",67500,120000,2022,MI,FT,60000,EUR,65949,GR,100,GR,M
2025-05-10 21:00:03+00:00,Fullscript,data engineer,,"['design', 'python', 'technical', 'support', 'testing', 'growth', 'code', 'devops', 'financial', 'cloud', 'leader', 'senior', 'junior', 'analytics', 'health', 'healthcare', 'engineer', 'engineering', 'digital nomad']",67500,120000,2022,MI,FT,45000,EUR,49461,GR,100,GR,M
2025-05-10 21:00:03+00:00,Fullscript,data engineer,,"['design', 'python', 'technical', 'support', 'testing', 'growth', 'code', 'devops', 'financial', 'cloud', 'leader', 'senior', 'junior', 'analytics', 'health', 'healthcare', 'engineer', 'engineering', 'digital nomad']",67500,120000,2022,MI,FT,60000,GBP,78526,GB,100,GB,M
2025-05-10 21:00:03+00:00,Fullscript,data engineer,,"['design', 'python', 'technical', 'support', 'testing', 'growth', 'code', 'devops', 'financial', 'cloud', 'leader', 'senior', 'junior', 'analytics', 'health', 'healthcare', 'engineer', 'engineering', 'digital nomad']",67500,120000,2022,MI,FT,45000,GBP,58894,GB,100,GB,M
2025-05-10 21:00:03+00:00,Fullscript,data engineer,,"['design', 'python', 'technical', 'support', 'testing', 'growth', 'code', 'devops', 'financial', 'cloud', 'leader', 'senior', 'junior', 'analytics', 'health', 'healthcare', 'engineer', 'engineering', 'digital nomad']",67500,120000,2022,SE,FT,60000,USD,60000,AR,100,MX,L
2025-05-10 21:00:03+00:00,Fullscript,data engineer,,"['design', 'python', 'technical', 'support', 'testing', 'growth', 'code', 'devops', 'financial', 'cloud', 'leader', 'senior', 'junior', 'analytics', 'health', 'healthcare', 'engineer', 'engineering', 'digital nomad']",67500,120000,2022,MI,FT,63900,USD,63900,US,0,US,M
2025-05-10 21:00:03+00:00,Fullscript,data engineer,,"['design', 'python', 'technical', 'support', 'testing', 'growth', 'code', 'devops', 'financial', 'cloud', 'leader', 'senior', 'junior', 'analytics', 'health', 'healthcare', 'engineer', 'engineering', 'digital nomad']",67500,120000,2022,MI,FT,82900,USD,82900,US,0,US,M
2025-05-10 21:00:03+00:00,Fullscript,data engineer,,"['design', 'python', 'technical', 'support', 'testing', 'growth', 'code', 'devops', 'financial', 'cloud', 'leader', 'senior', 'junior', 'analytics', 'health', 'healthcare', 'engineer', 'engineering', 'digital nomad']",67500,120000,2022,SE,FT,100800,USD,100800,US,100,US,L
2025-05-10 21:00:03+00:00,Fullscript,data engineer,,"['design', 'python', 'technical', 'support', 'testing', 'growth', 'code', 'devops', 'financial', 'cloud', 'leader', 'senior', 'junior', 'analytics', 'health', 'healthcare', 'engineer', 'engineering', 'digital nomad']",67500,120000,2022,MI,FT,45000,EUR,49461,ES,100,ES,M
2025-05-10 21:00:03+00:00,Fullscript,data engineer,,"['design', 'python', 'technical', 'support', 'testing', 'growth', 'code', 'devops', 'financial', 'cloud', 'leader', 'senior', 'junior', 'analytics', 'health', 'healthcare', 'engineer', 'engineering', 'digital nomad']",67500,120000,2022,MI,FT,80000,EUR,87932,ES,100,ES,M
2025-05-10 21:00:03+00:00,Fullscript,data engineer,,"['design', 'python', 'technical', 'support', 'testing', 'growth', 'code', 'devops', 'financial', 'cloud', 'leader', 'senior', 'junior', 'analytics', 'health', 'healthcare', 'engineer', 'engineering', 'digital nomad']",67500,120000,2022,MI,FT,70000,EUR,76940,ES,100,ES,M
2025-05-10 21:00:03+00:00,Fullscript,data engineer,,"['design', 'python', 'technical', 'support', 'testing', 'growth', 'code', 'devops', 'financial', 'cloud', 'leader', 'senior', 'junior', 'analytics', 'health', 'healthcare', 'engineer', 'engineering', 'digital nomad']",67500,120000,2022,MI,FT,80000,GBP,104702,GB,100,GB,M
2025-05-10 21:00:03+00:00,Fullscript,data engineer,,"['design', 'python', 'technical', 'support', 'testing', 'growth', 'code', 'devops', 'financial', 'cloud', 'leader', 'senior', 'junior', 'analytics', 'health', 'healthcare', 'engineer', 'engineering', 'digital nomad']",67500,120000,2022,MI,FT,70000,GBP,91614,GB,100,GB,M
2025-05-10 21:00:03+00:00,Fullscript,data engineer,,"['design', 'python', 'technical', 'support', 'testing', 'growth', 'code', 'devops', 'financial', 'cloud', 'leader', 'senior', 'junior', 'analytics', 'health', 'healthcare', 'engineer', 'engineering', 'digital nomad']",67500,120000,2022,MI,FT,60000,EUR,65949,ES,100,ES,M
2025-05-10 21:00:03+00:00,Fullscript,data engineer,,"['design', 'python', 'technical', 'support', 'testing', 'growth', 'code', 'devops', 'financial', 'cloud', 'leader', 'senior', 'junior', 'analytics', 'health', 'healthcare', 'engineer', 'engineering', 'digital nomad']",67500,120000,2022,MI,FT,80000,EUR,87932,GR,100,GR,M
2025-05-10 21:00:03+00:00,Fullscript,data engineer,,"['design', 'python', 'technical', 'support', 'testing', 'growth', 'code', 'devops', 'financial', 'cloud', 'leader', 'senior', 'junior', 'analytics', 'health', 'healthcare', 'engineer', 'engineering', 'digital nomad']",67500,120000,2022,MI,FT,75000,GBP,98158,GB,100,GB,M
2025-05-10 21:00:03+00:00,Fullscript,data engineer,,"['design', 'python', 'technical', 'support', 'testing', 'growth', 'code', 'devops', 'financial', 'cloud', 'leader', 'senior', 'junior', 'analytics', 'health', 'healthcare', 'engineer', 'engineering', 'digital nomad']",67500,120000,2022,MI,FT,60000,GBP,78526,GB,100,GB,M
2025-05-10 21:00:03+00:00,Fullscript,data engineer,,"['design', 'python', 'technical', 'support', 'testing', 'growth', 'code', 'devops', 'financial', 'cloud', 'leader', 'senior', 'junior', 'analytics', 'health', 'healthcare', 'engineer', 'engineering', 'digital nomad']",67500,120000,2022,MI,FT,70000,EUR,76940,GR,100,GR,M
2025-05-10 21:00:03+00:00,Fullscript,data engineer,,"['design', 'python', 'technical', 'support', 'testing', 'growth', 'code', 'devops', 'financial', 'cloud', 'leader', 'senior', 'junior', 'analytics', 'health', 'healthcare', 'engineer', 'engineering', 'digital nomad']",67500,120000,2022,SE,FT,209100,USD,209100,US,100,US,L
2025-05-10 21:00:03+00:00,Fullscript,data engineer,,"['design', 'python', 'technical', 'support', 'testing', 'growth', 'code', 'devops', 'financial', 'cloud', 'leader', 'senior', 'junior', 'analytics', 'health', 'healthcare', 'engineer', 'engineering', 'digital nomad']",67500,120000,2022,SE,FT,154600,USD,154600,US,100,US,L
2025-05-10 21:00:03+00:00,Fullscript,data engineer,,"['design', 'python', 'technical', 'support', 'testing', 'growth', 'code', 'devops', 'financial', 'cloud', 'leader', 'senior', 'junior', 'analytics', 'health', 'healthcare', 'engineer', 'engineering', 'digital nomad']",67500,120000,2022,SE,FT,180000,USD,180000,US,100,US,M
2025-05-10 21:00:03+00:00,Fullscript,data engineer,,"['design', 'python', 'technical', 'support', 'testing', 'growth', 'code', 'devops', 'financial', 'cloud', 'leader', 'senior', 'junior', 'analytics', 'health', 'healthcare', 'engineer', 'engineering', 'digital nomad']",67500,120000,2022,EN,FT,20000,EUR,21983,PT,100,PT,L
2025-05-10 21:00:03+00:00,Fullscript,data engineer,,"['design', 'python', 'technical', 'support', 'testing', 'growth', 'code', 'devops', 'financial', 'cloud', 'leader', 'senior', 'junior', 'analytics', 'health', 'healthcare', 'engineer', 'engineering', 'digital nomad']",67500,120000,2022,SE,FT,80000,USD,80000,US,100,US,M
2025-05-10 21:00:03+00:00,Fullscript,data engineer,,"['design', 'python', 'technical', 'support', 'testing', 'growth', 'code', 'devops', 'financial', 'cloud', 'leader', 'senior', 'junior', 'analytics', 'health', 'healthcare', 'engineer', 'engineering', 'digital nomad']",67500,120000,2022,EN,FT,125000,USD,125000,US,0,US,M
2025-05-10 21:00:03+00:00,Fullscript,data engineer,,"['design', 'python', 'technical', 'support', 'testing', 'growth', 'code', 'devops', 'financial', 'cloud', 'leader', 'senior', 'junior', 'analytics', 'health', 'healthcare', 'engineer', 'engineering', 'digital nomad']",67500,120000,2022,MI,FT,240000,CNY,37236,US,50,US,L
2025-05-10 21:00:03+00:00,Fullscript,data engineer,,"['design', 'python', 'technical', 'support', 'testing', 'growth', 'code', 'devops', 'financial', 'cloud', 'leader', 'senior', 'junior', 'analytics', 'health', 'healthcare', 'engineer', 'engineering', 'digital nomad']",67500,120000,2022,SE,FT,105000,USD,105000,US,100,US,M
2025-05-10 21:00:03+00:00,Fullscript,data engineer,,"['design', 'python', 'technical', 'support', 'testing', 'growth', 'code', 'devops', 'financial', 'cloud', 'leader', 'senior', 'junior', 'analytics', 'health', 'healthcare', 'engineer', 'engineering', 'digital nomad']",67500,120000,2022,MI,PT,50000,EUR,54957,DE,50,DE,L
2025-05-10 21:00:03+00:00,Fullscript,data engineer,,"['design', 'python', 'technical', 'support', 'testing', 'growth', 'code', 'devops', 'financial', 'cloud', 'leader', 'senior', 'junior', 'analytics', 'health', 'healthcare', 'engineer', 'engineering', 'digital nomad']",67500,120000,2022,EN,FT,120000,USD,120000,US,100,US,M
2025-05-10 21:00:03+00:00,Fullscript,data engineer,,"['design', 'python', 'technical', 'support', 'testing', 'growth', 'code', 'devops', 'financial', 'cloud', 'leader', 'senior', 'junior', 'analytics', 'health', 'healthcare', 'engineer', 'engineering', 'digital nomad']",67500,120000,2022,SE,FT,100000,USD,100000,US,100,US,M
2025-05-10 21:00:03+00:00,Fullscript,data engineer,,"['design', 'python', 'technical', 'support', 'testing', 'growth', 'code', 'devops', 'financial', 'cloud', 'leader', 'senior', 'junior', 'analytics', 'health', 'healthcare', 'engineer', 'engineering', 'digital nomad']",67500,120000,2022,EX,FT,324000,USD,324000,US,100,US,M
2025-05-10 21:00:03+00:00,Fullscript,data engineer,,"['design', 'python', 'technical', 'support', 'testing', 'growth', 'code', 'devops', 'financial', 'cloud', 'leader', 'senior', 'junior', 'analytics', 'health', 'healthcare', 'engineer', 'engineering', 'digital nomad']",67500,120000,2022,EX,FT,216000,USD,216000,US,100,US,M
2025-05-10 21:00:03+00:00,Fullscript,data engineer,,"['design', 'python', 'technical', 'support', 'testing', 'growth', 'code', 'devops', 'financial', 'cloud', 'leader', 'senior', 'junior', 'analytics', 'health', 'healthcare', 'engineer', 'engineering', 'digital nomad']",67500,120000,2022,SE,FT,210000,USD,210000,US,100,US,M
2025-05-10 21:00:03+00:00,Fullscript,data engineer,,"['design', 'python', 'technical', 'support', 'testing', 'growth', 'code', 'devops', 'financial', 'cloud', 'leader', 'senior', 'junior', 'analytics', 'health', 'healthcare', 'engineer', 'engineering', 'digital nomad']",67500,120000,2022,EN,FT,52800,EUR,58035,PK,100,DE,M
2025-05-10 21:00:03+00:00,Fullscript,data engineer,,"['design', 'python', 'technical', 'support', 'testing', 'growth', 'code', 'devops', 'financial', 'cloud', 'leader', 'senior', 'junior', 'analytics', 'health', 'healthcare', 'engineer', 'engineering', 'digital nomad']",67500,120000,2022,SE,FT,115000,USD,115000,US,100,US,M
2025-05-10 21:00:03+00:00,Fullscript,data engineer,,"['design', 'python', 'technical', 'support', 'testing', 'growth', 'code', 'devops', 'financial', 'cloud', 'leader', 'senior', 'junior', 'analytics', 'health', 'healthcare', 'engineer', 'engineering', 'digital nomad']",67500,120000,2022,EN,FT,150000,USD,150000,AU,100,AU,S
2025-05-10 21:00:03+00:00,Fullscript,data engineer,,"['design', 'python', 'technical', 'support', 'testing', 'growth', 'code', 'devops', 'financial', 'cloud', 'leader', 'senior', 'junior', 'analytics', 'health', 'healthcare', 'engineer', 'engineering', 'digital nomad']",67500,120000,2022,EN,FT,65000,USD,65000,US,100,US,S
2025-05-10 21:00:03+00:00,Fullscript,data engineer,,"['design', 'python', 'technical', 'support', 'testing', 'growth', 'code', 'devops', 'financial', 'cloud', 'leader', 'senior', 'junior', 'analytics', 'health', 'healthcare', 'engineer', 'engineering', 'digital nomad']",67500,120000,2022,MI,FT,62000,EUR,68147,FR,100,FR,M
2025-05-10 21:00:03+00:00,Fullscript,data engineer,,"['design', 'python', 'technical', 'support', 'testing', 'growth', 'code', 'devops', 'financial', 'cloud', 'leader', 'senior', 'junior', 'analytics', 'health', 'healthcare', 'engineer', 'engineering', 'digital nomad']",67500,120000,2022,EN,FT,10000,USD,10000,PT,100,LU,M
2025-05-10 21:00:03+00:00,Fullscript,data engineer,,"['design', 'python', 'technical', 'support', 'testing', 'growth', 'code', 'devops', 'financial', 'cloud', 'leader', 'senior', 'junior', 'analytics', 'health', 'healthcare', 'engineer', 'engineering', 'digital nomad']",67500,120000,2022,SE,FT,266400,USD,266400,US,100,US,M
2025-05-10 21:00:03+00:00,Fullscript,data engineer,,"['design', 'python', 'technical', 'support', 'testing', 'growth', 'code', 'devops', 'financial', 'cloud', 'leader', 'senior', 'junior', 'analytics', 'health', 'healthcare', 'engineer', 'engineering', 'digital nomad']",67500,120000,2022,SE,FT,213120,USD,213120,US,100,US,M
2025-05-10 21:00:03+00:00,Fullscript,data engineer,,"['design', 'python', 'technical', 'support', 'testing', 'growth', 'code', 'devops', 'financial', 'cloud', 'leader', 'senior', 'junior', 'analytics', 'health', 'healthcare', 'engineer', 'engineering', 'digital nomad']",67500,120000,2022,SE,FT,155000,USD,155000,US,100,US,M
2025-05-10 21:00:03+00:00,Fullscript,data engineer,,"['design', 'python', 'technical', 'support', 'testing', 'growth', 'code', 'devops', 'financial', 'cloud', 'leader', 'senior', 'junior', 'analytics', 'health', 'healthcare', 'engineer', 'engineering', 'digital nomad']",67500,120000,2022,MI,FT,206699,USD,206699,US,0,US,M
2025-05-10 21:00:03+00:00,Fullscript,data engineer,,"['design', 'python', 'technical', 'support', 'testing', 'growth', 'code', 'devops', 'financial', 'cloud', 'leader', 'senior', 'junior', 'analytics', 'health', 'healthcare', 'engineer', 'engineering', 'digital nomad']",67500,120000,2022,MI,FT,99100,USD,99100,US,0,US,M
2025-05-10 21:00:03+00:00,Fullscript,data engineer,,"['design', 'python', 'technical', 'support', 'testing', 'growth', 'code', 'devops', 'financial', 'cloud', 'leader', 'senior', 'junior', 'analytics', 'health', 'healthcare', 'engineer', 'engineering', 'digital nomad']",67500,120000,2022,SE,FT,130000,USD,130000,US,100,US,M
2025-05-10 21:00:03+00:00,Fullscript,data engineer,,"['design', 'python', 'technical', 'support', 'testing', 'growth', 'code', 'devops', 'financial', 'cloud', 'leader', 'senior', 'junior', 'analytics', 'health', 'healthcare', 'engineer', 'engineering', 'digital nomad']",67500,120000,2022,SE,FT,115000,USD,115000,US,100,US,M
2025-05-10 21:00:03+00:00,Fullscript,data engineer,,"['design', 'python', 'technical', 'support', 'testing', 'growth', 'code', 'devops', 'financial', 'cloud', 'leader', 'senior', 'junior', 'analytics', 'health', 'healthcare', 'engineer', 'engineering', 'digital nomad']",67500,120000,2022,SE,FT,110500,USD,110500,US,100,US,M
2025-05-10 21:00:03+00:00,Fullscript,data engineer,,"['design', 'python', 'technical', 'support', 'testing', 'growth', 'code', 'devops', 'financial', 'cloud', 'leader', 'senior', 'junior', 'analytics', 'health', 'healthcare', 'engineer', 'engineering', 'digital nomad']",67500,120000,2022,SE,FT,130000,USD,130000,US,100,US,M
2025-05-10 21:00:03+00:00,Fullscript,data engineer,,"['design', 'python', 'technical', 'support', 'testing', 'growth', 'code', 'devops', 'financial', 'cloud', 'leader', 'senior', 'junior', 'analytics', 'health', 'healthcare', 'engineer', 'engineering', 'digital nomad']",67500,120000,2022,SE,FT,160000,USD,160000,US,100,US,M
2025-05-10 21:00:03+00:00,Fullscript,data engineer,,"['design', 'python', 'technical', 'support', 'testing', 'growth', 'code', 'devops', 'financial', 'cloud', 'leader', 'senior', 'junior', 'analytics', 'health', 'healthcare', 'engineer', 'engineering', 'digital nomad']",67500,120000,2022,SE,FT,200100,USD,200100,US,100,US,M
2025-05-10 21:00:03+00:00,Fullscript,data engineer,,"['design', 'python', 'technical', 'support', 'testing', 'growth', 'code', 'devops', 'financial', 'cloud', 'leader', 'senior', 'junior', 'analytics', 'health', 'healthcare', 'engineer', 'engineering', 'digital nomad']",67500,120000,2022,SE,FT,160000,USD,160000,US,100,US,M
2025-05-10 21:00:03+00:00,Fullscript,data engineer,,"['design', 'python', 'technical', 'support', 'testing', 'growth', 'code', 'devops', 'financial', 'cloud', 'leader', 'senior', 'junior', 'analytics', 'health', 'healthcare', 'engineer', 'engineering', 'digital nomad']",67500,120000,2022,SE,FT,145000,USD,145000,US,100,US,M
2025-05-10 21:00:03+00:00,Fullscript,data engineer,,"['design', 'python', 'technical', 'support', 'testing', 'growth', 'code', 'devops', 'financial', 'cloud', 'leader', 'senior', 'junior', 'analytics', 'health', 'healthcare', 'engineer', 'engineering', 'digital nomad']",67500,120000,2022,SE,FT,70500,USD,70500,US,0,US,M
2025-05-10 21:00:03+00:00,Fullscript,data engineer,,"['design', 'python', 'technical', 'support', 'testing', 'growth', 'code', 'devops', 'financial', 'cloud', 'leader', 'senior', 'junior', 'analytics', 'health', 'healthcare', 'engineer', 'engineering', 'digital nomad']",67500,120000,2022,SE,FT,175100,USD,175100,US,100,US,M
2025-05-10 21:00:03+00:00,Fullscript,data engineer,,"['design', 'python', 'technical', 'support', 'testing', 'growth', 'code', 'devops', 'financial', 'cloud', 'leader', 'senior', 'junior', 'analytics', 'health', 'healthcare', 'engineer', 'engineering', 'digital nomad']",67500,120000,2022,SE,FT,140250,USD,140250,US,100,US,M
2025-05-10 21:00:03+00:00,Fullscript,data engineer,,"['design', 'python', 'technical', 'support', 'testing', 'growth', 'code', 'devops', 'financial', 'cloud', 'leader', 'senior', 'junior', 'analytics', 'health', 'healthcare', 'engineer', 'engineering', 'digital nomad']",67500,120000,2022,SE,FT,54000,USD,54000,US,0,US,M
2025-05-10 21:00:03+00:00,Fullscript,data engineer,,"['design', 'python', 'technical', 'support', 'testing', 'growth', 'code', 'devops', 'financial', 'cloud', 'leader', 'senior', 'junior', 'analytics', 'health', 'healthcare', 'engineer', 'engineering', 'digital nomad']",67500,120000,2022,SE,FT,100000,USD,100000,US,100,US,M
2025-05-10 21:00:03+00:00,Fullscript,data engineer,,"['design', 'python', 'technical', 'support', 'testing', 'growth', 'code', 'devops', 'financial', 'cloud', 'leader', 'senior', 'junior', 'analytics', 'health', 'healthcare', 'engineer', 'engineering', 'digital nomad']",67500,120000,2022,SE,FT,25000,USD,25000,US,100,US,M
2025-05-10 21:00:03+00:00,Fullscript,data engineer,,"['design', 'python', 'technical', 'support', 'testing', 'growth', 'code', 'devops', 'financial', 'cloud', 'leader', 'senior', 'junior', 'analytics', 'health', 'healthcare', 'engineer', 'engineering', 'digital nomad']",67500,120000,2022,SE,FT,220110,USD,220110,US,100,US,M
2025-05-10 21:00:03+00:00,Fullscript,data engineer,,"['design', 'python', 'technical', 'support', 'testing', 'growth', 'code', 'devops', 'financial', 'cloud', 'leader', 'senior', 'junior', 'analytics', 'health', 'healthcare', 'engineer', 'engineering', 'digital nomad']",67500,120000,2022,SE,FT,160080,USD,160080,US,100,US,M
2025-05-10 21:00:03+00:00,Fullscript,data engineer,,"['design', 'python', 'technical', 'support', 'testing', 'growth', 'code', 'devops', 'financial', 'cloud', 'leader', 'senior', 'junior', 'analytics', 'health', 'healthcare', 'engineer', 'engineering', 'digital nomad']",67500,120000,2022,SE,FT,192564,USD,192564,US,100,US,M
2025-05-10 21:00:03+00:00,Fullscript,data engineer,,"['design', 'python', 'technical', 'support', 'testing', 'growth', 'code', 'devops', 'financial', 'cloud', 'leader', 'senior', 'junior', 'analytics', 'health', 'healthcare', 'engineer', 'engineering', 'digital nomad']",67500,120000,2022,SE,FT,144854,USD,144854,US,100,US,M
2025-05-10 21:00:03+00:00,Fullscript,data engineer,,"['design', 'python', 'technical', 'support', 'testing', 'growth', 'code', 'devops', 'financial', 'cloud', 'leader', 'senior', 'junior', 'analytics', 'health', 'healthcare', 'engineer', 'engineering', 'digital nomad']",67500,120000,2022,SE,FT,154000,USD,154000,US,100,US,M
2025-05-10 21:00:03+00:00,Fullscript,data engineer,,"['design', 'python', 'technical', 'support', 'testing', 'growth', 'code', 'devops', 'financial', 'cloud', 'leader', 'senior', 'junior', 'analytics', 'health', 'healthcare', 'engineer', 'engineering', 'digital nomad']",67500,120000,2022,SE,FT,126000,USD,126000,US,100,US,M
2025-05-08 09:00:03+00:00,Risk Labs,data engineer,Remote,"['design', 'defi', 'crypto', 'training', 'game', 'technical', 'support', 'software', 'code', 'junior', 'engineer', 'engineering', 'digital nomad']",55000,100000,2020,SE,FT,85000,GBP,109024,GB,50,GB,M
2025-05-08 09:00:03+00:00,Risk Labs,data engineer,Remote,"['design', 'defi', 'crypto', 'training', 'game', 'technical', 'support', 'software', 'code', 'junior', 'engineer', 'engineering', 'digital nomad']",55000,100000,2020,SE,FT,125000,USD,125000,NZ,50,NZ,S
2025-05-08 09:00:03+00:00,Risk Labs,data engineer,Remote,"['design', 'defi', 'crypto', 'training', 'game', 'technical', 'support', 'software', 'code', 'junior', 'engineer', 'engineering', 'digital nomad']",55000,100000,2020,EN,FT,4450000,JPY,41689,JP,100,JP,S
2025-05-08 09:00:03+00:00,Risk Labs,data engineer,Remote,"['design', 'defi', 'crypto', 'training', 'game', 'technical', 'support', 'software', 'code', 'junior', 'engineer', 'engineering', 'digital nomad']",55000,100000,2020,SE,FT,100000,EUR,114047,PL,100,GB,S
2025-05-08 09:00:03+00:00,Risk Labs,data engineer,Remote,"['design', 'defi', 'crypto', 'training', 'game', 'technical', 'support', 'software', 'code', 'junior', 'engineer', 'engineering', 'digital nomad']",55000,100000,2020,MI,FT,56000,USD,56000,PT,100,US,M
2025-05-08 09:00:03+00:00,Risk Labs,data engineer,Remote,"['design', 'defi', 'crypto', 'training', 'game', 'technical', 'support', 'software', 'code', 'junior', 'engineer', 'engineering', 'digital nomad']",55000,100000,2020,SE,FT,42000,EUR,47899,GR,50,GR,L
2025-05-08 09:00:03+00:00,Risk Labs,data engineer,Remote,"['design', 'defi', 'crypto', 'training', 'game', 'technical', 'support', 'software', 'code', 'junior', 'engineer', 'engineering', 'digital nomad']",55000,100000,2020,SE,FT,720000,MXN,33511,MX,0,MX,S
2025-05-08 09:00:03+00:00,Risk Labs,data engineer,Remote,"['design', 'defi', 'crypto', 'training', 'game', 'technical', 'support', 'software', 'code', 'junior', 'engineer', 'engineering', 'digital nomad']",55000,100000,2020,MI,FT,51999,EUR,59303,DE,100,DE,S
2025-05-08 09:00:03+00:00,Risk Labs,data engineer,Remote,"['design', 'defi', 'crypto', 'training', 'game', 'technical', 'support', 'software', 'code', 'junior', 'engineer', 'engineering', 'digital nomad']",55000,100000,2020,EN,FT,70000,USD,70000,US,100,US,L
2025-05-08 09:00:03+00:00,Risk Labs,data engineer,Remote,"['design', 'defi', 'crypto', 'training', 'game', 'technical', 'support', 'software', 'code', 'junior', 'engineer', 'engineering', 'digital nomad']",55000,100000,2020,MI,FT,65000,EUR,74130,AT,50,AT,L
2025-05-08 09:00:03+00:00,Risk Labs,data engineer,Remote,"['design', 'defi', 'crypto', 'training', 'game', 'technical', 'support', 'software', 'code', 'junior', 'engineer', 'engineering', 'digital nomad']",55000,100000,2020,EX,FT,70000,EUR,79833,ES,50,ES,L
2025-05-08 09:00:03+00:00,Risk Labs,data engineer,Remote,"['design', 'defi', 'crypto', 'training', 'game', 'technical', 'support', 'software', 'code', 'junior', 'engineer', 'engineering', 'digital nomad']",55000,100000,2020,MI,FT,106000,USD,106000,US,100,US,L
2025-05-08 09:00:03+00:00,Risk Labs,data engineer,Remote,"['design', 'defi', 'crypto', 'training', 'game', 'technical', 'support', 'software', 'code', 'junior', 'engineer', 'engineering', 'digital nomad']",55000,100000,2020,MI,FT,88000,GBP,112872,GB,50,GB,L
2025-05-08 09:00:03+00:00,Risk Labs,data engineer,Remote,"['design', 'defi', 'crypto', 'training', 'game', 'technical', 'support', 'software', 'code', 'junior', 'engineer', 'engineering', 'digital nomad']",55000,100000,2020,EN,PT,14000,EUR,15966,DE,100,DE,S
2025-05-08 09:00:03+00:00,Risk Labs,data engineer,Remote,"['design', 'defi', 'crypto', 'training', 'game', 'technical', 'support', 'software', 'code', 'junior', 'engineer', 'engineering', 'digital nomad']",55000,100000,2020,SE,FT,188000,USD,188000,US,100,US,L
2025-05-08 09:00:03+00:00,Risk Labs,data engineer,Remote,"['design', 'defi', 'crypto', 'training', 'game', 'technical', 'support', 'software', 'code', 'junior', 'engineer', 'engineering', 'digital nomad']",55000,100000,2020,MI,FT,61500,EUR,70139,FR,50,FR,L
2025-05-08 09:00:03+00:00,Risk Labs,data engineer,Remote,"['design', 'defi', 'crypto', 'training', 'game', 'technical', 'support', 'software', 'code', 'junior', 'engineer', 'engineering', 'digital nomad']",55000,100000,2020,EN,FT,48000,EUR,54742,PK,100,DE,L
2025-05-08 09:00:03+00:00,Risk Labs,data engineer,Remote,"['design', 'defi', 'crypto', 'training', 'game', 'technical', 'support', 'software', 'code', 'junior', 'engineer', 'engineering', 'digital nomad']",55000,100000,2020,SE,FL,60000,USD,60000,RU,100,US,S
2025-05-08 09:00:03+00:00,Risk Labs,data engineer,Remote,"['design', 'defi', 'crypto', 'training', 'game', 'technical', 'support', 'software', 'code', 'junior', 'engineer', 'engineering', 'digital nomad']",55000,100000,2020,MI,FT,110000,USD,110000,US,100,US,L
2025-05-08 09:00:03+00:00,Risk Labs,data engineer,Remote,"['design', 'defi', 'crypto', 'training', 'game', 'technical', 'support', 'software', 'code', 'junior', 'engineer', 'engineering', 'digital nomad']",55000,100000,2020,MI,FT,130800,USD,130800,ES,100,US,M
2025-05-08 09:00:03+00:00,Risk Labs,data engineer,Remote,"['design', 'defi', 'crypto', 'training', 'game', 'technical', 'support', 'software', 'code', 'junior', 'engineer', 'engineering', 'digital nomad']",55000,100000,2021,MI,CT,270000,USD,270000,US,100,US,L
2025-05-08 09:00:03+00:00,Risk Labs,data engineer,Remote,"['design', 'defi', 'crypto', 'training', 'game', 'technical', 'support', 'software', 'code', 'junior', 'engineer', 'engineering', 'digital nomad']",55000,100000,2021,MI,FT,140000,USD,140000,US,100,US,L
2025-05-08 09:00:03+00:00,Risk Labs,data engineer,Remote,"['design', 'defi', 'crypto', 'training', 'game', 'technical', 'support', 'software', 'code', 'junior', 'engineer', 'engineering', 'digital nomad']",55000,100000,2021,MI,FT,110000,PLN,28476,PL,100,PL,L
2025-05-08 09:00:03+00:00,Risk Labs,data engineer,Remote,"['design', 'defi', 'crypto', 'training', 'game', 'technical', 'support', 'software', 'code', 'junior', 'engineer', 'engineering', 'digital nomad']",55000,100000,2021,SE,FT,276000,USD,276000,US,0,US,L
2025-05-08 09:00:03+00:00,Risk Labs,data engineer,Remote,"['design', 'defi', 'crypto', 'training', 'game', 'technical', 'support', 'software', 'code', 'junior', 'engineer', 'engineering', 'digital nomad']",55000,100000,2021,MI,FT,120000,SGD,89294,SG,50,SG,L
2025-05-08 09:00:03+00:00,Risk Labs,data engineer,Remote,"['design', 'defi', 'crypto', 'training', 'game', 'technical', 'support', 'software', 'code', 'junior', 'engineer', 'engineering', 'digital nomad']",55000,100000,2021,EN,FT,70000,USD,70000,US,100,US,M
2025-05-08 09:00:03+00:00,Risk Labs,data engineer,Remote,"['design', 'defi', 'crypto', 'training', 'game', 'technical', 'support', 'software', 'code', 'junior', 'engineer', 'engineering', 'digital nomad']",55000,100000,2021,MI,FT,81000,EUR,95746,DE,100,US,S
2025-05-08 09:00:03+00:00,Risk Labs,data engineer,Remote,"['design', 'defi', 'crypto', 'training', 'game', 'technical', 'support', 'software', 'code', 'junior', 'engineer', 'engineering', 'digital nomad']",55000,100000,2021,SE,FT,150000,USD,150000,US,100,US,L
2025-05-08 09:00:03+00:00,Risk Labs,data engineer,Remote,"['design', 'defi', 'crypto', 'training', 'game', 'technical', 'support', 'software', 'code', 'junior', 'engineer', 'engineering', 'digital nomad']",55000,100000,2021,SE,FT,115000,USD,115000,US,100,US,S
2025-05-08 09:00:03+00:00,Risk Labs,data engineer,Remote,"['design', 'defi', 'crypto', 'training', 'game', 'technical', 'support', 'software', 'code', 'junior', 'engineer', 'engineering', 'digital nomad']",55000,100000,2021,SE,FT,150000,USD,150000,US,100,US,M
2025-05-08 09:00:03+00:00,Risk Labs,data engineer,Remote,"['design', 'defi', 'crypto', 'training', 'game', 'technical', 'support', 'software', 'code', 'junior', 'engineer', 'engineering', 'digital nomad']",55000,100000,2021,EN,FT,2250000,INR,30428,IN,100,IN,L
2025-05-08 09:00:03+00:00,Risk Labs,data engineer,Remote,"['design', 'defi', 'crypto', 'training', 'game', 'technical', 'support', 'software', 'code', 'junior', 'engineer', 'engineering', 'digital nomad']",55000,100000,2021,SE,FT,82500,GBP,113476,GB,100,GB,M
2025-05-08 09:00:03+00:00,Risk Labs,data engineer,Remote,"['design', 'defi', 'crypto', 'training', 'game', 'technical', 'support', 'software', 'code', 'junior', 'engineer', 'engineering', 'digital nomad']",55000,100000,2021,SE,FT,75000,GBP,103160,GB,100,GB,S
2025-05-08 09:00:03+00:00,Risk Labs,data engineer,Remote,"['design', 'defi', 'crypto', 'training', 'game', 'technical', 'support', 'software', 'code', 'junior', 'engineer', 'engineering', 'digital nomad']",55000,100000,2021,MI,FT,38400,EUR,45391,NL,100,NL,L
2025-05-08 09:00:03+00:00,Risk Labs,data engineer,Remote,"['design', 'defi', 'crypto', 'training', 'game', 'technical', 'support', 'software', 'code', 'junior', 'engineer', 'engineering', 'digital nomad']",55000,100000,2021,MI,FT,34000,EUR,40189,GR,100,GR,M
2025-05-08 09:00:03+00:00,Risk Labs,data engineer,Remote,"['design', 'defi', 'crypto', 'training', 'game', 'technical', 'support', 'software', 'code', 'junior', 'engineer', 'engineering', 'digital nomad']",55000,100000,2021,MI,FT,200000,USD,200000,US,100,US,L
2025-05-08 09:00:03+00:00,Risk Labs,data engineer,Remote,"['design', 'defi', 'crypto', 'training', 'game', 'technical', 'support', 'software', 'code', 'junior', 'engineer', 'engineering', 'digital nomad']",55000,100000,2021,MI,FT,60000,USD,60000,ES,50,RO,M
2025-05-08 09:00:03+00:00,Risk Labs,data engineer,Remote,"['design', 'defi', 'crypto', 'training', 'game', 'technical', 'support', 'software', 'code', 'junior', 'engineer', 'engineering', 'digital nomad']",55000,100000,2021,SE,FT,200000,USD,200000,US,100,US,M
2025-05-08 09:00:03+00:00,Risk Labs,data engineer,Remote,"['design', 'defi', 'crypto', 'training', 'game', 'technical', 'support', 'software', 'code', 'junior', 'engineer', 'engineering', 'digital nomad']",55000,100000,2021,SE,FT,24000,USD,24000,BR,100,BR,M
2025-05-08 09:00:03+00:00,Risk Labs,data engineer,Remote,"['design', 'defi', 'crypto', 'training', 'game', 'technical', 'support', 'software', 'code', 'junior', 'engineer', 'engineering', 'digital nomad']",55000,100000,2021,MI,FT,7000000,JPY,63711,JP,50,JP,S
2025-05-08 09:00:03+00:00,Risk Labs,data engineer,Remote,"['design', 'defi', 'crypto', 'training', 'game', 'technical', 'support', 'software', 'code', 'junior', 'engineer', 'engineering', 'digital nomad']",55000,100000,2021,MI,FT,8500000,JPY,77364,JP,50,JP,S
2025-05-08 09:00:03+00:00,Risk Labs,data engineer,Remote,"['design', 'defi', 'crypto', 'training', 'game', 'technical', 'support', 'software', 'code', 'junior', 'engineer', 'engineering', 'digital nomad']",55000,100000,2021,SE,FT,150000,USD,150000,US,0,US,L
2025-05-08 09:00:03+00:00,Risk Labs,data engineer,Remote,"['design', 'defi', 'crypto', 'training', 'game', 'technical', 'support', 'software', 'code', 'junior', 'engineer', 'engineering', 'digital nomad']",55000,100000,2021,MI,FT,100000,USD,100000,US,100,US,L
2025-05-08 09:00:03+00:00,Risk Labs,data engineer,Remote,"['design', 'defi', 'crypto', 'training', 'game', 'technical', 'support', 'software', 'code', 'junior', 'engineer', 'engineering', 'digital nomad']",55000,100000,2021,MI,FT,90000,USD,90000,US,100,US,L
2025-05-08 09:00:03+00:00,Risk Labs,data engineer,Remote,"['design', 'defi', 'crypto', 'training', 'game', 'technical', 'support', 'software', 'code', 'junior', 'engineer', 'engineering', 'digital nomad']",55000,100000,2021,SE,FT,153000,USD,153000,US,100,US,L
2025-05-08 09:00:03+00:00,Risk Labs,data engineer,Remote,"['design', 'defi', 'crypto', 'training', 'game', 'technical', 'support', 'software', 'code', 'junior', 'engineer', 'engineering', 'digital nomad']",55000,100000,2021,SE,FT,160000,USD,160000,BR,100,US,S
2025-05-08 09:00:03+00:00,Risk Labs,data engineer,Remote,"['design', 'defi', 'crypto', 'training', 'game', 'technical', 'support', 'software', 'code', 'junior', 'engineer', 'engineering', 'digital nomad']",55000,100000,2021,SE,FT,159500,CAD,127221,CA,50,CA,L
2025-05-08 09:00:03+00:00,Risk Labs,data engineer,Remote,"['design', 'defi', 'crypto', 'training', 'game', 'technical', 'support', 'software', 'code', 'junior', 'engineer', 'engineering', 'digital nomad']",55000,100000,2021,MI,FT,24000,EUR,28369,MT,50,MT,L
2025-05-08 09:00:03+00:00,Risk Labs,data engineer,Remote,"['design', 'defi', 'crypto', 'training', 'game', 'technical', 'support', 'software', 'code', 'junior', 'engineer', 'engineering', 'digital nomad']",55000,100000,2021,EN,FT,80000,USD,80000,US,100,US,L
2025-05-08 09:00:03+00:00,Risk Labs,data engineer,Remote,"['design', 'defi', 'crypto', 'training', 'game', 'technical', 'support', 'software', 'code', 'junior', 'engineer', 'engineering', 'digital nomad']",55000,100000,2021,MI,FT,150000,USD,150000,US,100,US,L
2025-05-08 09:00:03+00:00,Risk Labs,data engineer,Remote,"['design', 'defi', 'crypto', 'training', 'game', 'technical', 'support', 'software', 'code', 'junior', 'engineer', 'engineering', 'digital nomad']",55000,100000,2021,MI,FT,170000,USD,170000,US,100,US,L
2025-05-08 09:00:03+00:00,Risk Labs,data engineer,Remote,"['design', 'defi', 'crypto', 'training', 'game', 'technical', 'support', 'software', 'code', 'junior', 'engineer', 'engineering', 'digital nomad']",55000,100000,2021,MI,FT,60000,GBP,82528,GB,100,GB,L
2025-05-08 09:00:03+00:00,Risk Labs,data engineer,Remote,"['design', 'defi', 'crypto', 'training', 'game', 'technical', 'support', 'software', 'code', 'junior', 'engineer', 'engineering', 'digital nomad']",55000,100000,2021,SE,FT,174000,USD,174000,US,100,US,L
2025-05-08 09:00:03+00:00,Risk Labs,data engineer,Remote,"['design', 'defi', 'crypto', 'training', 'game', 'technical', 'support', 'software', 'code', 'junior', 'engineer', 'engineering', 'digital nomad']",55000,100000,2021,MI,FT,1672000,INR,22611,IN,0,IN,L
2025-05-08 09:00:03+00:00,Risk Labs,data engineer,Remote,"['design', 'defi', 'crypto', 'training', 'game', 'technical', 'support', 'software', 'code', 'junior', 'engineer', 'engineering', 'digital nomad']",55000,100000,2021,MI,FT,22000,EUR,26005,RO,0,US,L
2025-05-08 09:00:03+00:00,Risk Labs,data engineer,Remote,"['design', 'defi', 'crypto', 'training', 'game', 'technical', 'support', 'software', 'code', 'junior', 'engineer', 'engineering', 'digital nomad']",55000,100000,2021,MI,FT,4000,USD,4000,IR,100,IR,M
2025-05-08 09:00:03+00:00,Risk Labs,data engineer,Remote,"['design', 'defi', 'crypto', 'training', 'game', 'technical', 'support', 'software', 'code', 'junior', 'engineer', 'engineering', 'digital nomad']",55000,100000,2021,SE,FT,65000,EUR,76833,RO,50,GB,S
2025-05-08 09:00:03+00:00,Risk Labs,data engineer,Remote,"['design', 'defi', 'crypto', 'training', 'game', 'technical', 'support', 'software', 'code', 'junior', 'engineer', 'engineering', 'digital nomad']",55000,100000,2021,MI,FT,18000,USD,18000,MD,0,MD,S
2025-05-08 09:00:03+00:00,Risk Labs,data engineer,Remote,"['design', 'defi', 'crypto', 'training', 'game', 'technical', 'support', 'software', 'code', 'junior', 'engineer', 'engineering', 'digital nomad']",55000,100000,2021,SE,FT,165000,USD,165000,US,0,US,M
2025-05-08 09:00:03+00:00,Risk Labs,data engineer,Remote,"['design', 'defi', 'crypto', 'training', 'game', 'technical', 'support', 'software', 'code', 'junior', 'engineer', 'engineering', 'digital nomad']",55000,100000,2021,MI,FL,20000,USD,20000,IT,0,US,L
2025-05-08 09:00:03+00:00,Risk Labs,data engineer,Remote,"['design', 'defi', 'crypto', 'training', 'game', 'technical', 'support', 'software', 'code', 'junior', 'engineer', 'engineering', 'digital nomad']",55000,100000,2021,MI,FT,48000,GBP,66022,HK,50,GB,S
2025-05-08 09:00:03+00:00,Risk Labs,data engineer,Remote,"['design', 'defi', 'crypto', 'training', 'game', 'technical', 'support', 'software', 'code', 'junior', 'engineer', 'engineering', 'digital nomad']",55000,100000,2021,EN,FT,435000,INR,5882,IN,0,CH,L
2025-05-08 09:00:03+00:00,Risk Labs,data engineer,Remote,"['design', 'defi', 'crypto', 'training', 'game', 'technical', 'support', 'software', 'code', 'junior', 'engineer', 'engineering', 'digital nomad']",55000,100000,2021,SE,FT,185000,USD,185000,US,100,US,L
2025-05-08 09:00:03+00:00,Risk Labs,data engineer,Remote,"['design', 'defi', 'crypto', 'training', 'game', 'technical', 'support', 'software', 'code', 'junior', 'engineer', 'engineering', 'digital nomad']",55000,100000,2021,EN,PT,180000,DKK,28609,DK,50,DK,S
2025-05-08 09:00:03+00:00,Risk Labs,data engineer,Remote,"['design', 'defi', 'crypto', 'training', 'game', 'technical', 'support', 'software', 'code', 'junior', 'engineer', 'engineering', 'digital nomad']",55000,100000,2021,EN,FT,1200000,INR,16228,IN,100,IN,L
2025-05-08 09:00:03+00:00,Risk Labs,data engineer,Remote,"['design', 'defi', 'crypto', 'training', 'game', 'technical', 'support', 'software', 'code', 'junior', 'engineer', 'engineering', 'digital nomad']",55000,100000,2021,SE,FT,256000,USD,256000,US,100,US,S
2025-05-08 09:00:03+00:00,Risk Labs,data engineer,Remote,"['design', 'defi', 'crypto', 'training', 'game', 'technical', 'support', 'software', 'code', 'junior', 'engineer', 'engineering', 'digital nomad']",55000,100000,2021,SE,FT,200000,USD,200000,US,100,US,L
2025-05-08 09:00:03+00:00,Risk Labs,data engineer,Remote,"['design', 'defi', 'crypto', 'training', 'game', 'technical', 'support', 'software', 'code', 'junior', 'engineer', 'engineering', 'digital nomad']",55000,100000,2021,MI,FT,180000,USD,180000,US,100,US,L
2025-05-08 09:00:03+00:00,Risk Labs,data engineer,Remote,"['design', 'defi', 'crypto', 'training', 'game', 'technical', 'support', 'software', 'code', 'junior', 'engineer', 'engineering', 'digital nomad']",55000,100000,2021,EN,FT,1600000,INR,21637,IN,50,IN,M
2025-05-08 09:00:03+00:00,Risk Labs,data engineer,Remote,"['design', 'defi', 'crypto', 'training', 'game', 'technical', 'support', 'software', 'code', 'junior', 'engineer', 'engineering', 'digital nomad']",55000,100000,2021,MI,FT,110000,USD,110000,US,100,US,L
2025-05-08 09:00:03+00:00,Risk Labs,data engineer,Remote,"['design', 'defi', 'crypto', 'training', 'game', 'technical', 'support', 'software', 'code', 'junior', 'engineer', 'engineering', 'digital nomad']",55000,100000,2021,MI,FT,52500,GBP,72212,GB,50,GB,L
2025-05-08 09:00:03+00:00,Risk Labs,data engineer,Remote,"['design', 'defi', 'crypto', 'training', 'game', 'technical', 'support', 'software', 'code', 'junior', 'engineer', 'engineering', 'digital nomad']",55000,100000,2021,MI,FT,108000,TRY,12103,TR,0,TR,M
2025-05-08 09:00:03+00:00,Risk Labs,data engineer,Remote,"['design', 'defi', 'crypto', 'training', 'game', 'technical', 'support', 'software', 'code', 'junior', 'engineer', 'engineering', 'digital nomad']",55000,100000,2021,SE,FT,70000,GBP,96282,GB,50,GB,L
2025-05-08 09:00:03+00:00,Risk Labs,data engineer,Remote,"['design', 'defi', 'crypto', 'training', 'game', 'technical', 'support', 'software', 'code', 'junior', 'engineer', 'engineering', 'digital nomad']",55000,100000,2021,EX,FT,600000,USD,600000,US,100,US,L
2025-05-08 09:00:03+00:00,Risk Labs,data engineer,Remote,"['design', 'defi', 'crypto', 'training', 'game', 'technical', 'support', 'software', 'code', 'junior', 'engineer', 'engineering', 'digital nomad']",55000,100000,2021,SE,FT,125000,CAD,99703,CA,50,CA,M
2025-05-08 09:00:03+00:00,Risk Labs,data engineer,Remote,"['design', 'defi', 'crypto', 'training', 'game', 'technical', 'support', 'software', 'code', 'junior', 'engineer', 'engineering', 'digital nomad']",55000,100000,2021,MI,FT,200000,USD,200000,US,100,US,L
2025-05-08 09:00:03+00:00,Risk Labs,data engineer,Remote,"['design', 'defi', 'crypto', 'training', 'game', 'technical', 'support', 'software', 'code', 'junior', 'engineer', 'engineering', 'digital nomad']",55000,100000,2021,SE,FT,160000,USD,160000,PR,50,US,S
2025-05-08 09:00:03+00:00,Risk Labs,data engineer,Remote,"['design', 'defi', 'crypto', 'training', 'game', 'technical', 'support', 'software', 'code', 'junior', 'engineer', 'engineering', 'digital nomad']",55000,100000,2021,MI,FT,93150,USD,93150,US,0,US,M
2025-05-08 09:00:03+00:00,Risk Labs,data engineer,Remote,"['design', 'defi', 'crypto', 'training', 'game', 'technical', 'support', 'software', 'code', 'junior', 'engineer', 'engineering', 'digital nomad']",55000,100000,2021,MI,FT,111775,USD,111775,US,0,US,M
2025-05-08 09:00:03+00:00,Risk Labs,data engineer,Remote,"['design', 'defi', 'crypto', 'training', 'game', 'technical', 'support', 'software', 'code', 'junior', 'engineer', 'engineering', 'digital nomad']",55000,100000,2021,MI,FT,250000,TRY,28016,TR,100,TR,M
2025-05-08 09:00:03+00:00,Risk Labs,data engineer,Remote,"['design', 'defi', 'crypto', 'training', 'game', 'technical', 'support', 'software', 'code', 'junior', 'engineer', 'engineering', 'digital nomad']",55000,100000,2021,EN,FT,55000,EUR,65013,DE,50,DE,M
2025-05-08 09:00:03+00:00,Risk Labs,data engineer,Remote,"['design', 'defi', 'crypto', 'training', 'game', 'technical', 'support', 'software', 'code', 'junior', 'engineer', 'engineering', 'digital nomad']",55000,100000,2021,EN,FT,72500,USD,72500,US,100,US,L
2025-05-08 09:00:03+00:00,Risk Labs,data engineer,Remote,"['design', 'defi', 'crypto', 'training', 'game', 'technical', 'support', 'software', 'code', 'junior', 'engineer', 'engineering', 'digital nomad']",55000,100000,2021,SE,FT,102000,BRL,18907,BR,0,BR,M
2025-05-08 09:00:03+00:00,Risk Labs,data engineer,Remote,"['design', 'defi', 'crypto', 'training', 'game', 'technical', 'support', 'software', 'code', 'junior', 'engineer', 'engineering', 'digital nomad']",55000,100000,2021,MI,FT,112000,USD,112000,US,100,US,L
2025-05-08 09:00:03+00:00,Risk Labs,data engineer,Remote,"['design', 'defi', 'crypto', 'training', 'game', 'technical', 'support', 'software', 'code', 'junior', 'engineer', 'engineering', 'digital nomad']",55000,100000,2021,MI,PT,59000,EUR,69741,NL,100,NL,L
2025-05-08 09:00:03+00:00,Risk Labs,data engineer,Remote,"['design', 'defi', 'crypto', 'training', 'game', 'technical', 'support', 'software', 'code', 'junior', 'engineer', 'engineering', 'digital nomad']",55000,100000,2022,SE,FT,135000,USD,135000,US,100,US,M
2025-05-08 09:00:03+00:00,Risk Labs,data engineer,Remote,"['design', 'defi', 'crypto', 'training', 'game', 'technical', 'support', 'software', 'code', 'junior', 'engineer', 'engineering', 'digital nomad']",55000,100000,2022,MI,FT,170000,USD,170000,US,100,US,M
2025-05-08 09:00:03+00:00,Risk Labs,data engineer,Remote,"['design', 'defi', 'crypto', 'training', 'game', 'technical', 'support', 'software', 'code', 'junior', 'engineer', 'engineering', 'digital nomad']",55000,100000,2022,MI,FT,150000,USD,150000,US,100,US,M
2025-05-08 09:00:03+00:00,Risk Labs,data engineer,Remote,"['design', 'defi', 'crypto', 'training', 'game', 'technical', 'support', 'software', 'code', 'junior', 'engineer', 'engineering', 'digital nomad']",55000,100000,2022,EN,FT,40000,GBP,52351,GB,100,GB,M
2025-05-08 09:00:03+00:00,Risk Labs,data engineer,Remote,"['design', 'defi', 'crypto', 'training', 'game', 'technical', 'support', 'software', 'code', 'junior', 'engineer', 'engineering', 'digital nomad']",55000,100000,2022,EX,FT,242000,USD,242000,US,100,US,M
2025-05-08 09:00:03+00:00,Risk Labs,data engineer,Remote,"['design', 'defi', 'crypto', 'training', 'game', 'technical', 'support', 'software', 'code', 'junior', 'engineer', 'engineering', 'digital nomad']",55000,100000,2022,EX,FT,200000,USD,200000,US,100,US,M
2025-05-08 09:00:03+00:00,Risk Labs,data engineer,Remote,"['design', 'defi', 'crypto', 'training', 'game', 'technical', 'support', 'software', 'code', 'junior', 'engineer', 'engineering', 'digital nomad']",55000,100000,2022,MI,FT,60000,GBP,78526,GB,0,GB,M
2025-05-08 09:00:03+00:00,Risk Labs,data engineer,Remote,"['design', 'defi', 'crypto', 'training', 'game', 'technical', 'support', 'software', 'code', 'junior', 'engineer', 'engineering', 'digital nomad']",55000,100000,2022,MI,FT,40000,GBP,52351,GB,0,GB,M
2025-05-08 09:00:03+00:00,Risk Labs,data engineer,Remote,"['design', 'defi', 'crypto', 'training', 'game', 'technical', 'support', 'software', 'code', 'junior', 'engineer', 'engineering', 'digital nomad']",55000,100000,2022,EN,FT,35000,GBP,45807,GB,100,GB,M
2025-05-08 09:00:03+00:00,Risk Labs,data engineer,Remote,"['design', 'defi', 'crypto', 'training', 'game', 'technical', 'support', 'software', 'code', 'junior', 'engineer', 'engineering', 'digital nomad']",55000,100000,2022,SE,FT,181940,USD,181940,US,0,US,M
2025-05-08 09:00:03+00:00,Risk Labs,data engineer,Remote,"['design', 'defi', 'crypto', 'training', 'game', 'technical', 'support', 'software', 'code', 'junior', 'engineer', 'engineering', 'digital nomad']",55000,100000,2022,SE,FT,132320,USD,132320,US,0,US,M
2025-05-08 09:00:03+00:00,Risk Labs,data engineer,Remote,"['design', 'defi', 'crypto', 'training', 'game', 'technical', 'support', 'software', 'code', 'junior', 'engineer', 'engineering', 'digital nomad']",55000,100000,2022,SE,FT,220110,USD,220110,US,0,US,M
2025-05-08 09:00:03+00:00,Risk Labs,data engineer,Remote,"['design', 'defi', 'crypto', 'training', 'game', 'technical', 'support', 'software', 'code', 'junior', 'engineer', 'engineering', 'digital nomad']",55000,100000,2022,SE,FT,160080,USD,160080,US,0,US,M
2025-05-08 09:00:03+00:00,Risk Labs,data engineer,Remote,"['design', 'defi', 'crypto', 'training', 'game', 'technical', 'support', 'software', 'code', 'junior', 'engineer', 'engineering', 'digital nomad']",55000,100000,2022,SE,FT,165400,USD,165400,US,100,US,M
2025-05-08 09:00:03+00:00,Risk Labs,data engineer,Remote,"['design', 'defi', 'crypto', 'training', 'game', 'technical', 'support', 'software', 'code', 'junior', 'engineer', 'engineering', 'digital nomad']",55000,100000,2022,SE,FT,132320,USD,132320,US,100,US,M
2025-05-08 09:00:03+00:00,Risk Labs,data engineer,Remote,"['design', 'defi', 'crypto', 'training', 'game', 'technical', 'support', 'software', 'code', 'junior', 'engineer', 'engineering', 'digital nomad']",55000,100000,2022,SE,FT,243900,USD,243900,US,100,US,M
2025-05-08 09:00:03+00:00,Risk Labs,data engineer,Remote,"['design', 'defi', 'crypto', 'training', 'game', 'technical', 'support', 'software', 'code', 'junior', 'engineer', 'engineering', 'digital nomad']",55000,100000,2022,SE,FT,128875,USD,128875,US,100,US,M
2025-05-08 09:00:03+00:00,Risk Labs,data engineer,Remote,"['design', 'defi', 'crypto', 'training', 'game', 'technical', 'support', 'software', 'code', 'junior', 'engineer', 'engineering', 'digital nomad']",55000,100000,2022,SE,FT,93700,USD,93700,US,100,US,M
2025-05-08 09:00:03+00:00,Risk Labs,data engineer,Remote,"['design', 'defi', 'crypto', 'training', 'game', 'technical', 'support', 'software', 'code', 'junior', 'engineer', 'engineering', 'digital nomad']",55000,100000,2022,SE,FT,156600,USD,156600,US,100,US,M
2025-05-08 09:00:03+00:00,Risk Labs,data engineer,Remote,"['design', 'defi', 'crypto', 'training', 'game', 'technical', 'support', 'software', 'code', 'junior', 'engineer', 'engineering', 'digital nomad']",55000,100000,2022,SE,FT,108800,USD,108800,US,0,US,M
2025-05-08 09:00:03+00:00,Risk Labs,data engineer,Remote,"['design', 'defi', 'crypto', 'training', 'game', 'technical', 'support', 'software', 'code', 'junior', 'engineer', 'engineering', 'digital nomad']",55000,100000,2022,SE,FT,113000,USD,113000,US,0,US,L
2025-05-08 09:00:03+00:00,Risk Labs,data engineer,Remote,"['design', 'defi', 'crypto', 'training', 'game', 'technical', 'support', 'software', 'code', 'junior', 'engineer', 'engineering', 'digital nomad']",55000,100000,2022,SE,FT,60000,GBP,78526,GB,0,GB,M
2025-05-08 09:00:03+00:00,Risk Labs,data engineer,Remote,"['design', 'defi', 'crypto', 'training', 'game', 'technical', 'support', 'software', 'code', 'junior', 'engineer', 'engineering', 'digital nomad']",55000,100000,2022,SE,FT,50000,GBP,65438,GB,0,GB,M
2025-05-08 09:00:03+00:00,Risk Labs,data engineer,Remote,"['design', 'defi', 'crypto', 'training', 'game', 'technical', 'support', 'software', 'code', 'junior', 'engineer', 'engineering', 'digital nomad']",55000,100000,2022,SE,FT,192400,USD,192400,CA,100,CA,M
2025-05-08 09:00:03+00:00,Risk Labs,data engineer,Remote,"['design', 'defi', 'crypto', 'training', 'game', 'technical', 'support', 'software', 'code', 'junior', 'engineer', 'engineering', 'digital nomad']",55000,100000,2022,SE,FT,90700,USD,90700,CA,100,CA,M
2025-05-08 09:00:03+00:00,Risk Labs,data engineer,Remote,"['design', 'defi', 'crypto', 'training', 'game', 'technical', 'support', 'software', 'code', 'junior', 'engineer', 'engineering', 'digital nomad']",55000,100000,2022,SE,FT,160000,USD,160000,US,0,US,L
2025-05-08 09:00:03+00:00,Risk Labs,data engineer,Remote,"['design', 'defi', 'crypto', 'training', 'game', 'technical', 'support', 'software', 'code', 'junior', 'engineer', 'engineering', 'digital nomad']",55000,100000,2022,SE,FT,136000,USD,136000,US,0,US,M
2025-05-08 09:00:03+00:00,Risk Labs,data engineer,Remote,"['design', 'defi', 'crypto', 'training', 'game', 'technical', 'support', 'software', 'code', 'junior', 'engineer', 'engineering', 'digital nomad']",55000,100000,2022,MI,FT,50000,EUR,54957,GR,0,GR,M
2025-05-08 09:00:03+00:00,Risk Labs,data engineer,Remote,"['design', 'defi', 'crypto', 'training', 'game', 'technical', 'support', 'software', 'code', 'junior', 'engineer', 'engineering', 'digital nomad']",55000,100000,2022,MI,FT,50000,EUR,54957,GR,0,GR,M
2025-05-08 09:00:03+00:00,Risk Labs,data engineer,Remote,"['design', 'defi', 'crypto', 'training', 'game', 'technical', 'support', 'software', 'code', 'junior', 'engineer', 'engineering', 'digital nomad']",55000,100000,2022,EX,FT,150000,CAD,118187,CA,100,CA,S
2025-05-08 09:00:03+00:00,Risk Labs,data engineer,Remote,"['design', 'defi', 'crypto', 'training', 'game', 'technical', 'support', 'software', 'code', 'junior', 'engineer', 'engineering', 'digital nomad']",55000,100000,2022,SE,FT,165400,USD,165400,US,100,US,M
2025-05-08 09:00:03+00:00,Risk Labs,data engineer,Remote,"['design', 'defi', 'crypto', 'training', 'game', 'technical', 'support', 'software', 'code', 'junior', 'engineer', 'engineering', 'digital nomad']",55000,100000,2022,SE,FT,208775,USD,208775,US,100,US,M
2025-05-08 09:00:03+00:00,Risk Labs,data engineer,Remote,"['design', 'defi', 'crypto', 'training', 'game', 'technical', 'support', 'software', 'code', 'junior', 'engineer', 'engineering', 'digital nomad']",55000,100000,2022,SE,FT,147800,USD,147800,US,100,US,M
2025-05-08 09:00:03+00:00,Risk Labs,data engineer,Remote,"['design', 'defi', 'crypto', 'training', 'game', 'technical', 'support', 'software', 'code', 'junior', 'engineer', 'engineering', 'digital nomad']",55000,100000,2022,SE,FT,136994,USD,136994,US,100,US,M
2025-05-08 09:00:03+00:00,Risk Labs,data engineer,Remote,"['design', 'defi', 'crypto', 'training', 'game', 'technical', 'support', 'software', 'code', 'junior', 'engineer', 'engineering', 'digital nomad']",55000,100000,2022,SE,FT,101570,USD,101570,US,100,US,M
2025-05-08 09:00:03+00:00,Risk Labs,data engineer,Remote,"['design', 'defi', 'crypto', 'training', 'game', 'technical', 'support', 'software', 'code', 'junior', 'engineer', 'engineering', 'digital nomad']",55000,100000,2022,SE,FT,132320,USD,132320,US,100,US,M
2025-05-08 09:00:03+00:00,Risk Labs,data engineer,Remote,"['design', 'defi', 'crypto', 'training', 'game', 'technical', 'support', 'software', 'code', 'junior', 'engineer', 'engineering', 'digital nomad']",55000,100000,2022,SE,FT,155000,USD,155000,US,100,US,M
2025-05-08 09:00:03+00:00,Risk Labs,data engineer,Remote,"['design', 'defi', 'crypto', 'training', 'game', 'technical', 'support', 'software', 'code', 'junior', 'engineer', 'engineering', 'digital nomad']",55000,100000,2022,MI,FT,90000,GBP,117789,GB,0,GB,M
2025-05-08 09:00:03+00:00,Risk Labs,data engineer,Remote,"['design', 'defi', 'crypto', 'training', 'game', 'technical', 'support', 'software', 'code', 'junior', 'engineer', 'engineering', 'digital nomad']",55000,100000,2022,SE,FT,209100,USD,209100,US,100,US,L
2025-05-08 09:00:03+00:00,Risk Labs,data engineer,Remote,"['design', 'defi', 'crypto', 'training', 'game', 'technical', 'support', 'software', 'code', 'junior', 'engineer', 'engineering', 'digital nomad']",55000,100000,2022,SE,FT,154600,USD,154600,US,100,US,L
2025-05-08 09:00:03+00:00,Risk Labs,data engineer,Remote,"['design', 'defi', 'crypto', 'training', 'game', 'technical', 'support', 'software', 'code', 'junior', 'engineer', 'engineering', 'digital nomad']",55000,100000,2022,SE,FT,175000,USD,175000,US,100,US,M
2025-05-08 09:00:03+00:00,Risk Labs,data engineer,Remote,"['design', 'defi', 'crypto', 'training', 'game', 'technical', 'support', 'software', 'code', 'junior', 'engineer', 'engineering', 'digital nomad']",55000,100000,2022,MI,FT,75000,GBP,98158,GB,0,GB,M
2025-05-08 09:00:03+00:00,Risk Labs,data engineer,Remote,"['design', 'defi', 'crypto', 'training', 'game', 'technical', 'support', 'software', 'code', 'junior', 'engineer', 'engineering', 'digital nomad']",55000,100000,2022,SE,FT,183600,USD,183600,US,100,US,L
2025-05-08 09:00:03+00:00,Risk Labs,data engineer,Remote,"['design', 'defi', 'crypto', 'training', 'game', 'technical', 'support', 'software', 'code', 'junior', 'engineer', 'engineering', 'digital nomad']",55000,100000,2022,MI,FT,60000,EUR,65949,GR,100,GR,M
2025-05-08 09:00:03+00:00,Risk Labs,data engineer,Remote,"['design', 'defi', 'crypto', 'training', 'game', 'technical', 'support', 'software', 'code', 'junior', 'engineer', 'engineering', 'digital nomad']",55000,100000,2022,MI,FT,45000,EUR,49461,GR,100,GR,M
2025-05-08 09:00:03+00:00,Risk Labs,data engineer,Remote,"['design', 'defi', 'crypto', 'training', 'game', 'technical', 'support', 'software', 'code', 'junior', 'engineer', 'engineering', 'digital nomad']",55000,100000,2022,MI,FT,60000,GBP,78526,GB,100,GB,M
2025-05-08 09:00:03+00:00,Risk Labs,data engineer,Remote,"['design', 'defi', 'crypto', 'training', 'game', 'technical', 'support', 'software', 'code', 'junior', 'engineer', 'engineering', 'digital nomad']",55000,100000,2022,MI,FT,45000,GBP,58894,GB,100,GB,M
2025-05-08 09:00:03+00:00,Risk Labs,data engineer,Remote,"['design', 'defi', 'crypto', 'training', 'game', 'technical', 'support', 'software', 'code', 'junior', 'engineer', 'engineering', 'digital nomad']",55000,100000,2022,SE,FT,60000,USD,60000,AR,100,MX,L
2025-05-08 09:00:03+00:00,Risk Labs,data engineer,Remote,"['design', 'defi', 'crypto', 'training', 'game', 'technical', 'support', 'software', 'code', 'junior', 'engineer', 'engineering', 'digital nomad']",55000,100000,2022,MI,FT,63900,USD,63900,US,0,US,M
2025-05-08 09:00:03+00:00,Risk Labs,data engineer,Remote,"['design', 'defi', 'crypto', 'training', 'game', 'technical', 'support', 'software', 'code', 'junior', 'engineer', 'engineering', 'digital nomad']",55000,100000,2022,MI,FT,82900,USD,82900,US,0,US,M
2025-05-08 09:00:03+00:00,Risk Labs,data engineer,Remote,"['design', 'defi', 'crypto', 'training', 'game', 'technical', 'support', 'software', 'code', 'junior', 'engineer', 'engineering', 'digital nomad']",55000,100000,2022,SE,FT,100800,USD,100800,US,100,US,L
2025-05-08 09:00:03+00:00,Risk Labs,data engineer,Remote,"['design', 'defi', 'crypto', 'training', 'game', 'technical', 'support', 'software', 'code', 'junior', 'engineer', 'engineering', 'digital nomad']",55000,100000,2022,MI,FT,45000,EUR,49461,ES,100,ES,M
2025-05-08 09:00:03+00:00,Risk Labs,data engineer,Remote,"['design', 'defi', 'crypto', 'training', 'game', 'technical', 'support', 'software', 'code', 'junior', 'engineer', 'engineering', 'digital nomad']",55000,100000,2022,MI,FT,80000,EUR,87932,ES,100,ES,M
2025-05-08 09:00:03+00:00,Risk Labs,data engineer,Remote,"['design', 'defi', 'crypto', 'training', 'game', 'technical', 'support', 'software', 'code', 'junior', 'engineer', 'engineering', 'digital nomad']",55000,100000,2022,MI,FT,70000,EUR,76940,ES,100,ES,M
2025-05-08 09:00:03+00:00,Risk Labs,data engineer,Remote,"['design', 'defi', 'crypto', 'training', 'game', 'technical', 'support', 'software', 'code', 'junior', 'engineer', 'engineering', 'digital nomad']",55000,100000,2022,MI,FT,80000,GBP,104702,GB,100,GB,M
2025-05-08 09:00:03+00:00,Risk Labs,data engineer,Remote,"['design', 'defi', 'crypto', 'training', 'game', 'technical', 'support', 'software', 'code', 'junior', 'engineer', 'engineering', 'digital nomad']",55000,100000,2022,MI,FT,70000,GBP,91614,GB,100,GB,M
2025-05-08 09:00:03+00:00,Risk Labs,data engineer,Remote,"['design', 'defi', 'crypto', 'training', 'game', 'technical', 'support', 'software', 'code', 'junior', 'engineer', 'engineering', 'digital nomad']",55000,100000,2022,MI,FT,60000,EUR,65949,ES,100,ES,M
2025-05-08 09:00:03+00:00,Risk Labs,data engineer,Remote,"['design', 'defi', 'crypto', 'training', 'game', 'technical', 'support', 'software', 'code', 'junior', 'engineer', 'engineering', 'digital nomad']",55000,100000,2022,MI,FT,80000,EUR,87932,GR,100,GR,M
2025-05-08 09:00:03+00:00,Risk Labs,data engineer,Remote,"['design', 'defi', 'crypto', 'training', 'game', 'technical', 'support', 'software', 'code', 'junior', 'engineer', 'engineering', 'digital nomad']",55000,100000,2022,MI,FT,75000,GBP,98158,GB,100,GB,M
2025-05-08 09:00:03+00:00,Risk Labs,data engineer,Remote,"['design', 'defi', 'crypto', 'training', 'game', 'technical', 'support', 'software', 'code', 'junior', 'engineer', 'engineering', 'digital nomad']",55000,100000,2022,MI,FT,60000,GBP,78526,GB,100,GB,M
2025-05-08 09:00:03+00:00,Risk Labs,data engineer,Remote,"['design', 'defi', 'crypto', 'training', 'game', 'technical', 'support', 'software', 'code', 'junior', 'engineer', 'engineering', 'digital nomad']",55000,100000,2022,MI,FT,70000,EUR,76940,GR,100,GR,M
2025-05-08 09:00:03+00:00,Risk Labs,data engineer,Remote,"['design', 'defi', 'crypto', 'training', 'game', 'technical', 'support', 'software', 'code', 'junior', 'engineer', 'engineering', 'digital nomad']",55000,100000,2022,SE,FT,209100,USD,209100,US,100,US,L
2025-05-08 09:00:03+00:00,Risk Labs,data engineer,Remote,"['design', 'defi', 'crypto', 'training', 'game', 'technical', 'support', 'software', 'code', 'junior', 'engineer', 'engineering', 'digital nomad']",55000,100000,2022,SE,FT,154600,USD,154600,US,100,US,L
2025-05-08 09:00:03+00:00,Risk Labs,data engineer,Remote,"['design', 'defi', 'crypto', 'training', 'game', 'technical', 'support', 'software', 'code', 'junior', 'engineer', 'engineering', 'digital nomad']",55000,100000,2022,SE,FT,180000,USD,180000,US,100,US,M
2025-05-08 09:00:03+00:00,Risk Labs,data engineer,Remote,"['design', 'defi', 'crypto', 'training', 'game', 'technical', 'support', 'software', 'code', 'junior', 'engineer', 'engineering', 'digital nomad']",55000,100000,2022,EN,FT,20000,EUR,21983,PT,100,PT,L
2025-05-08 09:00:03+00:00,Risk Labs,data engineer,Remote,"['design', 'defi', 'crypto', 'training', 'game', 'technical', 'support', 'software', 'code', 'junior', 'engineer', 'engineering', 'digital nomad']",55000,100000,2022,SE,FT,80000,USD,80000,US,100,US,M
2025-05-08 09:00:03+00:00,Risk Labs,data engineer,Remote,"['design', 'defi', 'crypto', 'training', 'game', 'technical', 'support', 'software', 'code', 'junior', 'engineer', 'engineering', 'digital nomad']",55000,100000,2022,EN,FT,125000,USD,125000,US,0,US,M
2025-05-08 09:00:03+00:00,Risk Labs,data engineer,Remote,"['design', 'defi', 'crypto', 'training', 'game', 'technical', 'support', 'software', 'code', 'junior', 'engineer', 'engineering', 'digital nomad']",55000,100000,2022,MI,FT,240000,CNY,37236,US,50,US,L
2025-05-08 09:00:03+00:00,Risk Labs,data engineer,Remote,"['design', 'defi', 'crypto', 'training', 'game', 'technical', 'support', 'software', 'code', 'junior', 'engineer', 'engineering', 'digital nomad']",55000,100000,2022,SE,FT,105000,USD,105000,US,100,US,M
2025-05-08 09:00:03+00:00,Risk Labs,data engineer,Remote,"['design', 'defi', 'crypto', 'training', 'game', 'technical', 'support', 'software', 'code', 'junior', 'engineer', 'engineering', 'digital nomad']",55000,100000,2022,MI,PT,50000,EUR,54957,DE,50,DE,L
2025-05-08 09:00:03+00:00,Risk Labs,data engineer,Remote,"['design', 'defi', 'crypto', 'training', 'game', 'technical', 'support', 'software', 'code', 'junior', 'engineer', 'engineering', 'digital nomad']",55000,100000,2022,EN,FT,120000,USD,120000,US,100,US,M
2025-05-08 09:00:03+00:00,Risk Labs,data engineer,Remote,"['design', 'defi', 'crypto', 'training', 'game', 'technical', 'support', 'software', 'code', 'junior', 'engineer', 'engineering', 'digital nomad']",55000,100000,2022,SE,FT,100000,USD,100000,US,100,US,M
2025-05-08 09:00:03+00:00,Risk Labs,data engineer,Remote,"['design', 'defi', 'crypto', 'training', 'game', 'technical', 'support', 'software', 'code', 'junior', 'engineer', 'engineering', 'digital nomad']",55000,100000,2022,EX,FT,324000,USD,324000,US,100,US,M
2025-05-08 09:00:03+00:00,Risk Labs,data engineer,Remote,"['design', 'defi', 'crypto', 'training', 'game', 'technical', 'support', 'software', 'code', 'junior', 'engineer', 'engineering', 'digital nomad']",55000,100000,2022,EX,FT,216000,USD,216000,US,100,US,M
2025-05-08 09:00:03+00:00,Risk Labs,data engineer,Remote,"['design', 'defi', 'crypto', 'training', 'game', 'technical', 'support', 'software', 'code', 'junior', 'engineer', 'engineering', 'digital nomad']",55000,100000,2022,SE,FT,210000,USD,210000,US,100,US,M
2025-05-08 09:00:03+00:00,Risk Labs,data engineer,Remote,"['design', 'defi', 'crypto', 'training', 'game', 'technical', 'support', 'software', 'code', 'junior', 'engineer', 'engineering', 'digital nomad']",55000,100000,2022,EN,FT,52800,EUR,58035,PK,100,DE,M
2025-05-08 09:00:03+00:00,Risk Labs,data engineer,Remote,"['design', 'defi', 'crypto', 'training', 'game', 'technical', 'support', 'software', 'code', 'junior', 'engineer', 'engineering', 'digital nomad']",55000,100000,2022,SE,FT,115000,USD,115000,US,100,US,M
2025-05-08 09:00:03+00:00,Risk Labs,data engineer,Remote,"['design', 'defi', 'crypto', 'training', 'game', 'technical', 'support', 'software', 'code', 'junior', 'engineer', 'engineering', 'digital nomad']",55000,100000,2022,EN,FT,150000,USD,150000,AU,100,AU,S
2025-05-08 09:00:03+00:00,Risk Labs,data engineer,Remote,"['design', 'defi', 'crypto', 'training', 'game', 'technical', 'support', 'software', 'code', 'junior', 'engineer', 'engineering', 'digital nomad']",55000,100000,2022,EN,FT,65000,USD,65000,US,100,US,S
2025-05-08 09:00:03+00:00,Risk Labs,data engineer,Remote,"['design', 'defi', 'crypto', 'training', 'game', 'technical', 'support', 'software', 'code', 'junior', 'engineer', 'engineering', 'digital nomad']",55000,100000,2022,MI,FT,62000,EUR,68147,FR,100,FR,M
2025-05-08 09:00:03+00:00,Risk Labs,data engineer,Remote,"['design', 'defi', 'crypto', 'training', 'game', 'technical', 'support', 'software', 'code', 'junior', 'engineer', 'engineering', 'digital nomad']",55000,100000,2022,EN,FT,10000,USD,10000,PT,100,LU,M
2025-05-08 09:00:03+00:00,Risk Labs,data engineer,Remote,"['design', 'defi', 'crypto', 'training', 'game', 'technical', 'support', 'software', 'code', 'junior', 'engineer', 'engineering', 'digital nomad']",55000,100000,2022,SE,FT,266400,USD,266400,US,100,US,M
2025-05-08 09:00:03+00:00,Risk Labs,data engineer,Remote,"['design', 'defi', 'crypto', 'training', 'game', 'technical', 'support', 'software', 'code', 'junior', 'engineer', 'engineering', 'digital nomad']",55000,100000,2022,SE,FT,213120,USD,213120,US,100,US,M
2025-05-08 09:00:03+00:00,Risk Labs,data engineer,Remote,"['design', 'defi', 'crypto', 'training', 'game', 'technical', 'support', 'software', 'code', 'junior', 'engineer', 'engineering', 'digital nomad']",55000,100000,2022,SE,FT,155000,USD,155000,US,100,US,M
2025-05-08 09:00:03+00:00,Risk Labs,data engineer,Remote,"['design', 'defi', 'crypto', 'training', 'game', 'technical', 'support', 'software', 'code', 'junior', 'engineer', 'engineering', 'digital nomad']",55000,100000,2022,MI,FT,206699,USD,206699,US,0,US,M
2025-05-08 09:00:03+00:00,Risk Labs,data engineer,Remote,"['design', 'defi', 'crypto', 'training', 'game', 'technical', 'support', 'software', 'code', 'junior', 'engineer', 'engineering', 'digital nomad']",55000,100000,2022,MI,FT,99100,USD,99100,US,0,US,M
2025-05-08 09:00:03+00:00,Risk Labs,data engineer,Remote,"['design', 'defi', 'crypto', 'training', 'game', 'technical', 'support', 'software', 'code', 'junior', 'engineer', 'engineering', 'digital nomad']",55000,100000,2022,SE,FT,130000,USD,130000,US,100,US,M
2025-05-08 09:00:03+00:00,Risk Labs,data engineer,Remote,"['design', 'defi', 'crypto', 'training', 'game', 'technical', 'support', 'software', 'code', 'junior', 'engineer', 'engineering', 'digital nomad']",55000,100000,2022,SE,FT,115000,USD,115000,US,100,US,M
2025-05-08 09:00:03+00:00,Risk Labs,data engineer,Remote,"['design', 'defi', 'crypto', 'training', 'game', 'technical', 'support', 'software', 'code', 'junior', 'engineer', 'engineering', 'digital nomad']",55000,100000,2022,SE,FT,110500,USD,110500,US,100,US,M
2025-05-08 09:00:03+00:00,Risk Labs,data engineer,Remote,"['design', 'defi', 'crypto', 'training', 'game', 'technical', 'support', 'software', 'code', 'junior', 'engineer', 'engineering', 'digital nomad']",55000,100000,2022,SE,FT,130000,USD,130000,US,100,US,M
2025-05-08 09:00:03+00:00,Risk Labs,data engineer,Remote,"['design', 'defi', 'crypto', 'training', 'game', 'technical', 'support', 'software', 'code', 'junior', 'engineer', 'engineering', 'digital nomad']",55000,100000,2022,SE,FT,160000,USD,160000,US,100,US,M
2025-05-08 09:00:03+00:00,Risk Labs,data engineer,Remote,"['design', 'defi', 'crypto', 'training', 'game', 'technical', 'support', 'software', 'code', 'junior', 'engineer', 'engineering', 'digital nomad']",55000,100000,2022,SE,FT,200100,USD,200100,US,100,US,M
2025-05-08 09:00:03+00:00,Risk Labs,data engineer,Remote,"['design', 'defi', 'crypto', 'training', 'game', 'technical', 'support', 'software', 'code', 'junior', 'engineer', 'engineering', 'digital nomad']",55000,100000,2022,SE,FT,160000,USD,160000,US,100,US,M
2025-05-08 09:00:03+00:00,Risk Labs,data engineer,Remote,"['design', 'defi', 'crypto', 'training', 'game', 'technical', 'support', 'software', 'code', 'junior', 'engineer', 'engineering', 'digital nomad']",55000,100000,2022,SE,FT,145000,USD,145000,US,100,US,M
2025-05-08 09:00:03+00:00,Risk Labs,data engineer,Remote,"['design', 'defi', 'crypto', 'training', 'game', 'technical', 'support', 'software', 'code', 'junior', 'engineer', 'engineering', 'digital nomad']",55000,100000,2022,SE,FT,70500,USD,70500,US,0,US,M
2025-05-08 09:00:03+00:00,Risk Labs,data engineer,Remote,"['design', 'defi', 'crypto', 'training', 'game', 'technical', 'support', 'software', 'code', 'junior', 'engineer', 'engineering', 'digital nomad']",55000,100000,2022,SE,FT,175100,USD,175100,US,100,US,M
2025-05-08 09:00:03+00:00,Risk Labs,data engineer,Remote,"['design', 'defi', 'crypto', 'training', 'game', 'technical', 'support', 'software', 'code', 'junior', 'engineer', 'engineering', 'digital nomad']",55000,100000,2022,SE,FT,140250,USD,140250,US,100,US,M
2025-05-08 09:00:03+00:00,Risk Labs,data engineer,Remote,"['design', 'defi', 'crypto', 'training', 'game', 'technical', 'support', 'software', 'code', 'junior', 'engineer', 'engineering', 'digital nomad']",55000,100000,2022,SE,FT,54000,USD,54000,US,0,US,M
2025-05-08 09:00:03+00:00,Risk Labs,data engineer,Remote,"['design', 'defi', 'crypto', 'training', 'game', 'technical', 'support', 'software', 'code', 'junior', 'engineer', 'engineering', 'digital nomad']",55000,100000,2022,SE,FT,100000,USD,100000,US,100,US,M
2025-05-08 09:00:03+00:00,Risk Labs,data engineer,Remote,"['design', 'defi', 'crypto', 'training', 'game', 'technical', 'support', 'software', 'code', 'junior', 'engineer', 'engineering', 'digital nomad']",55000,100000,2022,SE,FT,25000,USD,25000,US,100,US,M
2025-05-08 09:00:03+00:00,Risk Labs,data engineer,Remote,"['design', 'defi', 'crypto', 'training', 'game', 'technical', 'support', 'software', 'code', 'junior', 'engineer', 'engineering', 'digital nomad']",55000,100000,2022,SE,FT,220110,USD,220110,US,100,US,M
2025-05-08 09:00:03+00:00,Risk Labs,data engineer,Remote,"['design', 'defi', 'crypto', 'training', 'game', 'technical', 'support', 'software', 'code', 'junior', 'engineer', 'engineering', 'digital nomad']",55000,100000,2022,SE,FT,160080,USD,160080,US,100,US,M
2025-05-08 09:00:03+00:00,Risk Labs,data engineer,Remote,"['design', 'defi', 'crypto', 'training', 'game', 'technical', 'support', 'software', 'code', 'junior', 'engineer', 'engineering', 'digital nomad']",55000,100000,2022,SE,FT,192564,USD,192564,US,100,US,M
2025-05-08 09:00:03+00:00,Risk Labs,data engineer,Remote,"['design', 'defi', 'crypto', 'training', 'game', 'technical', 'support', 'software', 'code', 'junior', 'engineer', 'engineering', 'digital nomad']",55000,100000,2022,SE,FT,144854,USD,144854,US,100,US,M
2025-05-08 09:00:03+00:00,Risk Labs,data engineer,Remote,"['design', 'defi', 'crypto', 'training', 'game', 'technical', 'support', 'software', 'code', 'junior', 'engineer', 'engineering', 'digital nomad']",55000,100000,2022,SE,FT,154000,USD,154000,US,100,US,M
2025-05-08 09:00:03+00:00,Risk Labs,data engineer,Remote,"['design', 'defi', 'crypto', 'training', 'game', 'technical', 'support', 'software', 'code', 'junior', 'engineer', 'engineering', 'digital nomad']",55000,100000,2022,SE,FT,126000,USD,126000,US,100,US,M
2025-05-07 08:15:02+00:00,Smallstep,data engineer,,"['golang', 'software', 'engineer']",55000,100000,2020,SE,FT,85000,GBP,109024,GB,50,GB,M
2025-05-07 08:15:02+00:00,Smallstep,data engineer,,"['golang', 'software', 'engineer']",55000,100000,2020,SE,FT,125000,USD,125000,NZ,50,NZ,S
2025-05-07 08:15:02+00:00,Smallstep,data engineer,,"['golang', 'software', 'engineer']",55000,100000,2020,EN,FT,4450000,JPY,41689,JP,100,JP,S
2025-05-07 08:15:02+00:00,Smallstep,data engineer,,"['golang', 'software', 'engineer']",55000,100000,2020,SE,FT,100000,EUR,114047,PL,100,GB,S
2025-05-07 08:15:02+00:00,Smallstep,data engineer,,"['golang', 'software', 'engineer']",55000,100000,2020,MI,FT,56000,USD,56000,PT,100,US,M
2025-05-07 08:15:02+00:00,Smallstep,data engineer,,"['golang', 'software', 'engineer']",55000,100000,2020,SE,FT,42000,EUR,47899,GR,50,GR,L
2025-05-07 08:15:02+00:00,Smallstep,data engineer,,"['golang', 'software', 'engineer']",55000,100000,2020,SE,FT,720000,MXN,33511,MX,0,MX,S
2025-05-07 08:15:02+00:00,Smallstep,data engineer,,"['golang', 'software', 'engineer']",55000,100000,2020,MI,FT,51999,EUR,59303,DE,100,DE,S
2025-05-07 08:15:02+00:00,Smallstep,data engineer,,"['golang', 'software', 'engineer']",55000,100000,2020,EN,FT,70000,USD,70000,US,100,US,L
2025-05-07 08:15:02+00:00,Smallstep,data engineer,,"['golang', 'software', 'engineer']",55000,100000,2020,MI,FT,65000,EUR,74130,AT,50,AT,L
2025-05-07 08:15:02+00:00,Smallstep,data engineer,,"['golang', 'software', 'engineer']",55000,100000,2020,EX,FT,70000,EUR,79833,ES,50,ES,L
2025-05-07 08:15:02+00:00,Smallstep,data engineer,,"['golang', 'software', 'engineer']",55000,100000,2020,MI,FT,106000,USD,106000,US,100,US,L
2025-05-07 08:15:02+00:00,Smallstep,data engineer,,"['golang', 'software', 'engineer']",55000,100000,2020,MI,FT,88000,GBP,112872,GB,50,GB,L
2025-05-07 08:15:02+00:00,Smallstep,data engineer,,"['golang', 'software', 'engineer']",55000,100000,2020,EN,PT,14000,EUR,15966,DE,100,DE,S
2025-05-07 08:15:02+00:00,Smallstep,data engineer,,"['golang', 'software', 'engineer']",55000,100000,2020,SE,FT,188000,USD,188000,US,100,US,L
2025-05-07 08:15:02+00:00,Smallstep,data engineer,,"['golang', 'software', 'engineer']",55000,100000,2020,MI,FT,61500,EUR,70139,FR,50,FR,L
2025-05-07 08:15:02+00:00,Smallstep,data engineer,,"['golang', 'software', 'engineer']",55000,100000,2020,EN,FT,48000,EUR,54742,PK,100,DE,L
2025-05-07 08:15:02+00:00,Smallstep,data engineer,,"['golang', 'software', 'engineer']",55000,100000,2020,SE,FL,60000,USD,60000,RU,100,US,S
2025-05-07 08:15:02+00:00,Smallstep,data engineer,,"['golang', 'software', 'engineer']",55000,100000,2020,MI,FT,110000,USD,110000,US,100,US,L
2025-05-07 08:15:02+00:00,Smallstep,data engineer,,"['golang', 'software', 'engineer']",55000,100000,2020,MI,FT,130800,USD,130800,ES,100,US,M
2025-05-07 08:15:02+00:00,Smallstep,data engineer,,"['golang', 'software', 'engineer']",55000,100000,2021,MI,CT,270000,USD,270000,US,100,US,L
2025-05-07 08:15:02+00:00,Smallstep,data engineer,,"['golang', 'software', 'engineer']",55000,100000,2021,MI,FT,140000,USD,140000,US,100,US,L
2025-05-07 08:15:02+00:00,Smallstep,data engineer,,"['golang', 'software', 'engineer']",55000,100000,2021,MI,FT,110000,PLN,28476,PL,100,PL,L
2025-05-07 08:15:02+00:00,Smallstep,data engineer,,"['golang', 'software', 'engineer']",55000,100000,2021,SE,FT,276000,USD,276000,US,0,US,L
2025-05-07 08:15:02+00:00,Smallstep,data engineer,,"['golang', 'software', 'engineer']",55000,100000,2021,MI,FT,120000,SGD,89294,SG,50,SG,L
2025-05-07 08:15:02+00:00,Smallstep,data engineer,,"['golang', 'software', 'engineer']",55000,100000,2021,EN,FT,70000,USD,70000,US,100,US,M
2025-05-07 08:15:02+00:00,Smallstep,data engineer,,"['golang', 'software', 'engineer']",55000,100000,2021,MI,FT,81000,EUR,95746,DE,100,US,S
2025-05-07 08:15:02+00:00,Smallstep,data engineer,,"['golang', 'software', 'engineer']",55000,100000,2021,SE,FT,150000,USD,150000,US,100,US,L
2025-05-07 08:15:02+00:00,Smallstep,data engineer,,"['golang', 'software', 'engineer']",55000,100000,2021,SE,FT,115000,USD,115000,US,100,US,S
2025-05-07 08:15:02+00:00,Smallstep,data engineer,,"['golang', 'software', 'engineer']",55000,100000,2021,SE,FT,150000,USD,150000,US,100,US,M
2025-05-07 08:15:02+00:00,Smallstep,data engineer,,"['golang', 'software', 'engineer']",55000,100000,2021,EN,FT,2250000,INR,30428,IN,100,IN,L
2025-05-07 08:15:02+00:00,Smallstep,data engineer,,"['golang', 'software', 'engineer']",55000,100000,2021,SE,FT,82500,GBP,113476,GB,100,GB,M
2025-05-07 08:15:02+00:00,Smallstep,data engineer,,"['golang', 'software', 'engineer']",55000,100000,2021,SE,FT,75000,GBP,103160,GB,100,GB,S
2025-05-07 08:15:02+00:00,Smallstep,data engineer,,"['golang', 'software', 'engineer']",55000,100000,2021,MI,FT,38400,EUR,45391,NL,100,NL,L
2025-05-07 08:15:02+00:00,Smallstep,data engineer,,"['golang', 'software', 'engineer']",55000,100000,2021,MI,FT,34000,EUR,40189,GR,100,GR,M
2025-05-07 08:15:02+00:00,Smallstep,data engineer,,"['golang', 'software', 'engineer']",55000,100000,2021,MI,FT,200000,USD,200000,US,100,US,L
2025-05-07 08:15:02+00:00,Smallstep,data engineer,,"['golang', 'software', 'engineer']",55000,100000,2021,MI,FT,60000,USD,60000,ES,50,RO,M
2025-05-07 08:15:02+00:00,Smallstep,data engineer,,"['golang', 'software', 'engineer']",55000,100000,2021,SE,FT,200000,USD,200000,US,100,US,M
2025-05-07 08:15:02+00:00,Smallstep,data engineer,,"['golang', 'software', 'engineer']",55000,100000,2021,SE,FT,24000,USD,24000,BR,100,BR,M
2025-05-07 08:15:02+00:00,Smallstep,data engineer,,"['golang', 'software', 'engineer']",55000,100000,2021,MI,FT,7000000,JPY,63711,JP,50,JP,S
2025-05-07 08:15:02+00:00,Smallstep,data engineer,,"['golang', 'software', 'engineer']",55000,100000,2021,MI,FT,8500000,JPY,77364,JP,50,JP,S
2025-05-07 08:15:02+00:00,Smallstep,data engineer,,"['golang', 'software', 'engineer']",55000,100000,2021,SE,FT,150000,USD,150000,US,0,US,L
2025-05-07 08:15:02+00:00,Smallstep,data engineer,,"['golang', 'software', 'engineer']",55000,100000,2021,MI,FT,100000,USD,100000,US,100,US,L
2025-05-07 08:15:02+00:00,Smallstep,data engineer,,"['golang', 'software', 'engineer']",55000,100000,2021,MI,FT,90000,USD,90000,US,100,US,L
2025-05-07 08:15:02+00:00,Smallstep,data engineer,,"['golang', 'software', 'engineer']",55000,100000,2021,SE,FT,153000,USD,153000,US,100,US,L
2025-05-07 08:15:02+00:00,Smallstep,data engineer,,"['golang', 'software', 'engineer']",55000,100000,2021,SE,FT,160000,USD,160000,BR,100,US,S
2025-05-07 08:15:02+00:00,Smallstep,data engineer,,"['golang', 'software', 'engineer']",55000,100000,2021,SE,FT,159500,CAD,127221,CA,50,CA,L
2025-05-07 08:15:02+00:00,Smallstep,data engineer,,"['golang', 'software', 'engineer']",55000,100000,2021,MI,FT,24000,EUR,28369,MT,50,MT,L
2025-05-07 08:15:02+00:00,Smallstep,data engineer,,"['golang', 'software', 'engineer']",55000,100000,2021,EN,FT,80000,USD,80000,US,100,US,L
2025-05-07 08:15:02+00:00,Smallstep,data engineer,,"['golang', 'software', 'engineer']",55000,100000,2021,MI,FT,150000,USD,150000,US,100,US,L
2025-05-07 08:15:02+00:00,Smallstep,data engineer,,"['golang', 'software', 'engineer']",55000,100000,2021,MI,FT,170000,USD,170000,US,100,US,L
2025-05-07 08:15:02+00:00,Smallstep,data engineer,,"['golang', 'software', 'engineer']",55000,100000,2021,MI,FT,60000,GBP,82528,GB,100,GB,L
2025-05-07 08:15:02+00:00,Smallstep,data engineer,,"['golang', 'software', 'engineer']",55000,100000,2021,SE,FT,174000,USD,174000,US,100,US,L
2025-05-07 08:15:02+00:00,Smallstep,data engineer,,"['golang', 'software', 'engineer']",55000,100000,2021,MI,FT,1672000,INR,22611,IN,0,IN,L
2025-05-07 08:15:02+00:00,Smallstep,data engineer,,"['golang', 'software', 'engineer']",55000,100000,2021,MI,FT,22000,EUR,26005,RO,0,US,L
2025-05-07 08:15:02+00:00,Smallstep,data engineer,,"['golang', 'software', 'engineer']",55000,100000,2021,MI,FT,4000,USD,4000,IR,100,IR,M
2025-05-07 08:15:02+00:00,Smallstep,data engineer,,"['golang', 'software', 'engineer']",55000,100000,2021,SE,FT,65000,EUR,76833,RO,50,GB,S
2025-05-07 08:15:02+00:00,Smallstep,data engineer,,"['golang', 'software', 'engineer']",55000,100000,2021,MI,FT,18000,USD,18000,MD,0,MD,S
2025-05-07 08:15:02+00:00,Smallstep,data engineer,,"['golang', 'software', 'engineer']",55000,100000,2021,SE,FT,165000,USD,165000,US,0,US,M
2025-05-07 08:15:02+00:00,Smallstep,data engineer,,"['golang', 'software', 'engineer']",55000,100000,2021,MI,FL,20000,USD,20000,IT,0,US,L
2025-05-07 08:15:02+00:00,Smallstep,data engineer,,"['golang', 'software', 'engineer']",55000,100000,2021,MI,FT,48000,GBP,66022,HK,50,GB,S
2025-05-07 08:15:02+00:00,Smallstep,data engineer,,"['golang', 'software', 'engineer']",55000,100000,2021,EN,FT,435000,INR,5882,IN,0,CH,L
2025-05-07 08:15:02+00:00,Smallstep,data engineer,,"['golang', 'software', 'engineer']",55000,100000,2021,SE,FT,185000,USD,185000,US,100,US,L
2025-05-07 08:15:02+00:00,Smallstep,data engineer,,"['golang', 'software', 'engineer']",55000,100000,2021,EN,PT,180000,DKK,28609,DK,50,DK,S
2025-05-07 08:15:02+00:00,Smallstep,data engineer,,"['golang', 'software', 'engineer']",55000,100000,2021,EN,FT,1200000,INR,16228,IN,100,IN,L
2025-05-07 08:15:02+00:00,Smallstep,data engineer,,"['golang', 'software', 'engineer']",55000,100000,2021,SE,FT,256000,USD,256000,US,100,US,S
2025-05-07 08:15:02+00:00,Smallstep,data engineer,,"['golang', 'software', 'engineer']",55000,100000,2021,SE,FT,200000,USD,200000,US,100,US,L
2025-05-07 08:15:02+00:00,Smallstep,data engineer,,"['golang', 'software', 'engineer']",55000,100000,2021,MI,FT,180000,USD,180000,US,100,US,L
2025-05-07 08:15:02+00:00,Smallstep,data engineer,,"['golang', 'software', 'engineer']",55000,100000,2021,EN,FT,1600000,INR,21637,IN,50,IN,M
2025-05-07 08:15:02+00:00,Smallstep,data engineer,,"['golang', 'software', 'engineer']",55000,100000,2021,MI,FT,110000,USD,110000,US,100,US,L
2025-05-07 08:15:02+00:00,Smallstep,data engineer,,"['golang', 'software', 'engineer']",55000,100000,2021,MI,FT,52500,GBP,72212,GB,50,GB,L
2025-05-07 08:15:02+00:00,Smallstep,data engineer,,"['golang', 'software', 'engineer']",55000,100000,2021,MI,FT,108000,TRY,12103,TR,0,TR,M
2025-05-07 08:15:02+00:00,Smallstep,data engineer,,"['golang', 'software', 'engineer']",55000,100000,2021,SE,FT,70000,GBP,96282,GB,50,GB,L
2025-05-07 08:15:02+00:00,Smallstep,data engineer,,"['golang', 'software', 'engineer']",55000,100000,2021,EX,FT,600000,USD,600000,US,100,US,L
2025-05-07 08:15:02+00:00,Smallstep,data engineer,,"['golang', 'software', 'engineer']",55000,100000,2021,SE,FT,125000,CAD,99703,CA,50,CA,M
2025-05-07 08:15:02+00:00,Smallstep,data engineer,,"['golang', 'software', 'engineer']",55000,100000,2021,MI,FT,200000,USD,200000,US,100,US,L
2025-05-07 08:15:02+00:00,Smallstep,data engineer,,"['golang', 'software', 'engineer']",55000,100000,2021,SE,FT,160000,USD,160000,PR,50,US,S
2025-05-07 08:15:02+00:00,Smallstep,data engineer,,"['golang', 'software', 'engineer']",55000,100000,2021,MI,FT,93150,USD,93150,US,0,US,M
2025-05-07 08:15:02+00:00,Smallstep,data engineer,,"['golang', 'software', 'engineer']",55000,100000,2021,MI,FT,111775,USD,111775,US,0,US,M
2025-05-07 08:15:02+00:00,Smallstep,data engineer,,"['golang', 'software', 'engineer']",55000,100000,2021,MI,FT,250000,TRY,28016,TR,100,TR,M
2025-05-07 08:15:02+00:00,Smallstep,data engineer,,"['golang', 'software', 'engineer']",55000,100000,2021,EN,FT,55000,EUR,65013,DE,50,DE,M
2025-05-07 08:15:02+00:00,Smallstep,data engineer,,"['golang', 'software', 'engineer']",55000,100000,2021,EN,FT,72500,USD,72500,US,100,US,L
2025-05-07 08:15:02+00:00,Smallstep,data engineer,,"['golang', 'software', 'engineer']",55000,100000,2021,SE,FT,102000,BRL,18907,BR,0,BR,M
2025-05-07 08:15:02+00:00,Smallstep,data engineer,,"['golang', 'software', 'engineer']",55000,100000,2021,MI,FT,112000,USD,112000,US,100,US,L
2025-05-07 08:15:02+00:00,Smallstep,data engineer,,"['golang', 'software', 'engineer']",55000,100000,2021,MI,PT,59000,EUR,69741,NL,100,NL,L
2025-05-07 08:15:02+00:00,Smallstep,data engineer,,"['golang', 'software', 'engineer']",55000,100000,2022,SE,FT,135000,USD,135000,US,100,US,M
2025-05-07 08:15:02+00:00,Smallstep,data engineer,,"['golang', 'software', 'engineer']",55000,100000,2022,MI,FT,170000,USD,170000,US,100,US,M
2025-05-07 08:15:02+00:00,Smallstep,data engineer,,"['golang', 'software', 'engineer']",55000,100000,2022,MI,FT,150000,USD,150000,US,100,US,M
2025-05-07 08:15:02+00:00,Smallstep,data engineer,,"['golang', 'software', 'engineer']",55000,100000,2022,EN,FT,40000,GBP,52351,GB,100,GB,M
2025-05-07 08:15:02+00:00,Smallstep,data engineer,,"['golang', 'software', 'engineer']",55000,100000,2022,EX,FT,242000,USD,242000,US,100,US,M
2025-05-07 08:15:02+00:00,Smallstep,data engineer,,"['golang', 'software', 'engineer']",55000,100000,2022,EX,FT,200000,USD,200000,US,100,US,M
2025-05-07 08:15:02+00:00,Smallstep,data engineer,,"['golang', 'software', 'engineer']",55000,100000,2022,MI,FT,60000,GBP,78526,GB,0,GB,M
2025-05-07 08:15:02+00:00,Smallstep,data engineer,,"['golang', 'software', 'engineer']",55000,100000,2022,MI,FT,40000,GBP,52351,GB,0,GB,M
2025-05-07 08:15:02+00:00,Smallstep,data engineer,,"['golang', 'software', 'engineer']",55000,100000,2022,EN,FT,35000,GBP,45807,GB,100,GB,M
2025-05-07 08:15:02+00:00,Smallstep,data engineer,,"['golang', 'software', 'engineer']",55000,100000,2022,SE,FT,181940,USD,181940,US,0,US,M
2025-05-07 08:15:02+00:00,Smallstep,data engineer,,"['golang', 'software', 'engineer']",55000,100000,2022,SE,FT,132320,USD,132320,US,0,US,M
2025-05-07 08:15:02+00:00,Smallstep,data engineer,,"['golang', 'software', 'engineer']",55000,100000,2022,SE,FT,220110,USD,220110,US,0,US,M
2025-05-07 08:15:02+00:00,Smallstep,data engineer,,"['golang', 'software', 'engineer']",55000,100000,2022,SE,FT,160080,USD,160080,US,0,US,M
2025-05-07 08:15:02+00:00,Smallstep,data engineer,,"['golang', 'software', 'engineer']",55000,100000,2022,SE,FT,165400,USD,165400,US,100,US,M
2025-05-07 08:15:02+00:00,Smallstep,data engineer,,"['golang', 'software', 'engineer']",55000,100000,2022,SE,FT,132320,USD,132320,US,100,US,M
2025-05-07 08:15:02+00:00,Smallstep,data engineer,,"['golang', 'software', 'engineer']",55000,100000,2022,SE,FT,243900,USD,243900,US,100,US,M
2025-05-07 08:15:02+00:00,Smallstep,data engineer,,"['golang', 'software', 'engineer']",55000,100000,2022,SE,FT,128875,USD,128875,US,100,US,M
2025-05-07 08:15:02+00:00,Smallstep,data engineer,,"['golang', 'software', 'engineer']",55000,100000,2022,SE,FT,93700,USD,93700,US,100,US,M
2025-05-07 08:15:02+00:00,Smallstep,data engineer,,"['golang', 'software', 'engineer']",55000,100000,2022,SE,FT,156600,USD,156600,US,100,US,M
2025-05-07 08:15:02+00:00,Smallstep,data engineer,,"['golang', 'software', 'engineer']",55000,100000,2022,SE,FT,108800,USD,108800,US,0,US,M
2025-05-07 08:15:02+00:00,Smallstep,data engineer,,"['golang', 'software', 'engineer']",55000,100000,2022,SE,FT,113000,USD,113000,US,0,US,L
2025-05-07 08:15:02+00:00,Smallstep,data engineer,,"['golang', 'software', 'engineer']",55000,100000,2022,SE,FT,60000,GBP,78526,GB,0,GB,M
2025-05-07 08:15:02+00:00,Smallstep,data engineer,,"['golang', 'software', 'engineer']",55000,100000,2022,SE,FT,50000,GBP,65438,GB,0,GB,M
2025-05-07 08:15:02+00:00,Smallstep,data engineer,,"['golang', 'software', 'engineer']",55000,100000,2022,SE,FT,192400,USD,192400,CA,100,CA,M
2025-05-07 08:15:02+00:00,Smallstep,data engineer,,"['golang', 'software', 'engineer']",55000,100000,2022,SE,FT,90700,USD,90700,CA,100,CA,M
2025-05-07 08:15:02+00:00,Smallstep,data engineer,,"['golang', 'software', 'engineer']",55000,100000,2022,SE,FT,160000,USD,160000,US,0,US,L
2025-05-07 08:15:02+00:00,Smallstep,data engineer,,"['golang', 'software', 'engineer']",55000,100000,2022,SE,FT,136000,USD,136000,US,0,US,M
2025-05-07 08:15:02+00:00,Smallstep,data engineer,,"['golang', 'software', 'engineer']",55000,100000,2022,MI,FT,50000,EUR,54957,GR,0,GR,M
2025-05-07 08:15:02+00:00,Smallstep,data engineer,,"['golang', 'software', 'engineer']",55000,100000,2022,MI,FT,50000,EUR,54957,GR,0,GR,M
2025-05-07 08:15:02+00:00,Smallstep,data engineer,,"['golang', 'software', 'engineer']",55000,100000,2022,EX,FT,150000,CAD,118187,CA,100,CA,S
2025-05-07 08:15:02+00:00,Smallstep,data engineer,,"['golang', 'software', 'engineer']",55000,100000,2022,SE,FT,165400,USD,165400,US,100,US,M
2025-05-07 08:15:02+00:00,Smallstep,data engineer,,"['golang', 'software', 'engineer']",55000,100000,2022,SE,FT,208775,USD,208775,US,100,US,M
2025-05-07 08:15:02+00:00,Smallstep,data engineer,,"['golang', 'software', 'engineer']",55000,100000,2022,SE,FT,147800,USD,147800,US,100,US,M
2025-05-07 08:15:02+00:00,Smallstep,data engineer,,"['golang', 'software', 'engineer']",55000,100000,2022,SE,FT,136994,USD,136994,US,100,US,M
2025-05-07 08:15:02+00:00,Smallstep,data engineer,,"['golang', 'software', 'engineer']",55000,100000,2022,SE,FT,101570,USD,101570,US,100,US,M
2025-05-07 08:15:02+00:00,Smallstep,data engineer,,"['golang', 'software', 'engineer']",55000,100000,2022,SE,FT,132320,USD,132320,US,100,US,M
2025-05-07 08:15:02+00:00,Smallstep,data engineer,,"['golang', 'software', 'engineer']",55000,100000,2022,SE,FT,155000,USD,155000,US,100,US,M
2025-05-07 08:15:02+00:00,Smallstep,data engineer,,"['golang', 'software', 'engineer']",55000,100000,2022,MI,FT,90000,GBP,117789,GB,0,GB,M
2025-05-07 08:15:02+00:00,Smallstep,data engineer,,"['golang', 'software', 'engineer']",55000,100000,2022,SE,FT,209100,USD,209100,US,100,US,L
2025-05-07 08:15:02+00:00,Smallstep,data engineer,,"['golang', 'software', 'engineer']",55000,100000,2022,SE,FT,154600,USD,154600,US,100,US,L
2025-05-07 08:15:02+00:00,Smallstep,data engineer,,"['golang', 'software', 'engineer']",55000,100000,2022,SE,FT,175000,USD,175000,US,100,US,M
2025-05-07 08:15:02+00:00,Smallstep,data engineer,,"['golang', 'software', 'engineer']",55000,100000,2022,MI,FT,75000,GBP,98158,GB,0,GB,M
2025-05-07 08:15:02+00:00,Smallstep,data engineer,,"['golang', 'software', 'engineer']",55000,100000,2022,SE,FT,183600,USD,183600,US,100,US,L
2025-05-07 08:15:02+00:00,Smallstep,data engineer,,"['golang', 'software', 'engineer']",55000,100000,2022,MI,FT,60000,EUR,65949,GR,100,GR,M
2025-05-07 08:15:02+00:00,Smallstep,data engineer,,"['golang', 'software', 'engineer']",55000,100000,2022,MI,FT,45000,EUR,49461,GR,100,GR,M
2025-05-07 08:15:02+00:00,Smallstep,data engineer,,"['golang', 'software', 'engineer']",55000,100000,2022,MI,FT,60000,GBP,78526,GB,100,GB,M
2025-05-07 08:15:02+00:00,Smallstep,data engineer,,"['golang', 'software', 'engineer']",55000,100000,2022,MI,FT,45000,GBP,58894,GB,100,GB,M
2025-05-07 08:15:02+00:00,Smallstep,data engineer,,"['golang', 'software', 'engineer']",55000,100000,2022,SE,FT,60000,USD,60000,AR,100,MX,L
2025-05-07 08:15:02+00:00,Smallstep,data engineer,,"['golang', 'software', 'engineer']",55000,100000,2022,MI,FT,63900,USD,63900,US,0,US,M
2025-05-07 08:15:02+00:00,Smallstep,data engineer,,"['golang', 'software', 'engineer']",55000,100000,2022,MI,FT,82900,USD,82900,US,0,US,M
2025-05-07 08:15:02+00:00,Smallstep,data engineer,,"['golang', 'software', 'engineer']",55000,100000,2022,SE,FT,100800,USD,100800,US,100,US,L
2025-05-07 08:15:02+00:00,Smallstep,data engineer,,"['golang', 'software', 'engineer']",55000,100000,2022,MI,FT,45000,EUR,49461,ES,100,ES,M
2025-05-07 08:15:02+00:00,Smallstep,data engineer,,"['golang', 'software', 'engineer']",55000,100000,2022,MI,FT,80000,EUR,87932,ES,100,ES,M
2025-05-07 08:15:02+00:00,Smallstep,data engineer,,"['golang', 'software', 'engineer']",55000,100000,2022,MI,FT,70000,EUR,76940,ES,100,ES,M
2025-05-07 08:15:02+00:00,Smallstep,data engineer,,"['golang', 'software', 'engineer']",55000,100000,2022,MI,FT,80000,GBP,104702,GB,100,GB,M
2025-05-07 08:15:02+00:00,Smallstep,data engineer,,"['golang', 'software', 'engineer']",55000,100000,2022,MI,FT,70000,GBP,91614,GB,100,GB,M
2025-05-07 08:15:02+00:00,Smallstep,data engineer,,"['golang', 'software', 'engineer']",55000,100000,2022,MI,FT,60000,EUR,65949,ES,100,ES,M
2025-05-07 08:15:02+00:00,Smallstep,data engineer,,"['golang', 'software', 'engineer']",55000,100000,2022,MI,FT,80000,EUR,87932,GR,100,GR,M
2025-05-07 08:15:02+00:00,Smallstep,data engineer,,"['golang', 'software', 'engineer']",55000,100000,2022,MI,FT,75000,GBP,98158,GB,100,GB,M
2025-05-07 08:15:02+00:00,Smallstep,data engineer,,"['golang', 'software', 'engineer']",55000,100000,2022,MI,FT,60000,GBP,78526,GB,100,GB,M
2025-05-07 08:15:02+00:00,Smallstep,data engineer,,"['golang', 'software', 'engineer']",55000,100000,2022,MI,FT,70000,EUR,76940,GR,100,GR,M
2025-05-07 08:15:02+00:00,Smallstep,data engineer,,"['golang', 'software', 'engineer']",55000,100000,2022,SE,FT,209100,USD,209100,US,100,US,L
2025-05-07 08:15:02+00:00,Smallstep,data engineer,,"['golang', 'software', 'engineer']",55000,100000,2022,SE,FT,154600,USD,154600,US,100,US,L
2025-05-07 08:15:02+00:00,Smallstep,data engineer,,"['golang', 'software', 'engineer']",55000,100000,2022,SE,FT,180000,USD,180000,US,100,US,M
2025-05-07 08:15:02+00:00,Smallstep,data engineer,,"['golang', 'software', 'engineer']",55000,100000,2022,EN,FT,20000,EUR,21983,PT,100,PT,L
2025-05-07 08:15:02+00:00,Smallstep,data engineer,,"['golang', 'software', 'engineer']",55000,100000,2022,SE,FT,80000,USD,80000,US,100,US,M
2025-05-07 08:15:02+00:00,Smallstep,data engineer,,"['golang', 'software', 'engineer']",55000,100000,2022,EN,FT,125000,USD,125000,US,0,US,M
2025-05-07 08:15:02+00:00,Smallstep,data engineer,,"['golang', 'software', 'engineer']",55000,100000,2022,MI,FT,240000,CNY,37236,US,50,US,L
2025-05-07 08:15:02+00:00,Smallstep,data engineer,,"['golang', 'software', 'engineer']",55000,100000,2022,SE,FT,105000,USD,105000,US,100,US,M
2025-05-07 08:15:02+00:00,Smallstep,data engineer,,"['golang', 'software', 'engineer']",55000,100000,2022,MI,PT,50000,EUR,54957,DE,50,DE,L
2025-05-07 08:15:02+00:00,Smallstep,data engineer,,"['golang', 'software', 'engineer']",55000,100000,2022,EN,FT,120000,USD,120000,US,100,US,M
2025-05-07 08:15:02+00:00,Smallstep,data engineer,,"['golang', 'software', 'engineer']",55000,100000,2022,SE,FT,100000,USD,100000,US,100,US,M
2025-05-07 08:15:02+00:00,Smallstep,data engineer,,"['golang', 'software', 'engineer']",55000,100000,2022,EX,FT,324000,USD,324000,US,100,US,M
2025-05-07 08:15:02+00:00,Smallstep,data engineer,,"['golang', 'software', 'engineer']",55000,100000,2022,EX,FT,216000,USD,216000,US,100,US,M
2025-05-07 08:15:02+00:00,Smallstep,data engineer,,"['golang', 'software', 'engineer']",55000,100000,2022,SE,FT,210000,USD,210000,US,100,US,M
2025-05-07 08:15:02+00:00,Smallstep,data engineer,,"['golang', 'software', 'engineer']",55000,100000,2022,EN,FT,52800,EUR,58035,PK,100,DE,M
2025-05-07 08:15:02+00:00,Smallstep,data engineer,,"['golang', 'software', 'engineer']",55000,100000,2022,SE,FT,115000,USD,115000,US,100,US,M
2025-05-07 08:15:02+00:00,Smallstep,data engineer,,"['golang', 'software', 'engineer']",55000,100000,2022,EN,FT,150000,USD,150000,AU,100,AU,S
2025-05-07 08:15:02+00:00,Smallstep,data engineer,,"['golang', 'software', 'engineer']",55000,100000,2022,EN,FT,65000,USD,65000,US,100,US,S
2025-05-07 08:15:02+00:00,Smallstep,data engineer,,"['golang', 'software', 'engineer']",55000,100000,2022,MI,FT,62000,EUR,68147,FR,100,FR,M
2025-05-07 08:15:02+00:00,Smallstep,data engineer,,"['golang', 'software', 'engineer']",55000,100000,2022,EN,FT,10000,USD,10000,PT,100,LU,M
2025-05-07 08:15:02+00:00,Smallstep,data engineer,,"['golang', 'software', 'engineer']",55000,100000,2022,SE,FT,266400,USD,266400,US,100,US,M
2025-05-07 08:15:02+00:00,Smallstep,data engineer,,"['golang', 'software', 'engineer']",55000,100000,2022,SE,FT,213120,USD,213120,US,100,US,M
2025-05-07 08:15:02+00:00,Smallstep,data engineer,,"['golang', 'software', 'engineer']",55000,100000,2022,SE,FT,155000,USD,155000,US,100,US,M
2025-05-07 08:15:02+00:00,Smallstep,data engineer,,"['golang', 'software', 'engineer']",55000,100000,2022,MI,FT,206699,USD,206699,US,0,US,M
2025-05-07 08:15:02+00:00,Smallstep,data engineer,,"['golang', 'software', 'engineer']",55000,100000,2022,MI,FT,99100,USD,99100,US,0,US,M
2025-05-07 08:15:02+00:00,Smallstep,data engineer,,"['golang', 'software', 'engineer']",55000,100000,2022,SE,FT,130000,USD,130000,US,100,US,M
2025-05-07 08:15:02+00:00,Smallstep,data engineer,,"['golang', 'software', 'engineer']",55000,100000,2022,SE,FT,115000,USD,115000,US,100,US,M
2025-05-07 08:15:02+00:00,Smallstep,data engineer,,"['golang', 'software', 'engineer']",55000,100000,2022,SE,FT,110500,USD,110500,US,100,US,M
2025-05-07 08:15:02+00:00,Smallstep,data engineer,,"['golang', 'software', 'engineer']",55000,100000,2022,SE,FT,130000,USD,130000,US,100,US,M
2025-05-07 08:15:02+00:00,Smallstep,data engineer,,"['golang', 'software', 'engineer']",55000,100000,2022,SE,FT,160000,USD,160000,US,100,US,M
2025-05-07 08:15:02+00:00,Smallstep,data engineer,,"['golang', 'software', 'engineer']",55000,100000,2022,SE,FT,200100,USD,200100,US,100,US,M
2025-05-07 08:15:02+00:00,Smallstep,data engineer,,"['golang', 'software', 'engineer']",55000,100000,2022,SE,FT,160000,USD,160000,US,100,US,M
2025-05-07 08:15:02+00:00,Smallstep,data engineer,,"['golang', 'software', 'engineer']",55000,100000,2022,SE,FT,145000,USD,145000,US,100,US,M
2025-05-07 08:15:02+00:00,Smallstep,data engineer,,"['golang', 'software', 'engineer']",55000,100000,2022,SE,FT,70500,USD,70500,US,0,US,M
2025-05-07 08:15:02+00:00,Smallstep,data engineer,,"['golang', 'software', 'engineer']",55000,100000,2022,SE,FT,175100,USD,175100,US,100,US,M
2025-05-07 08:15:02+00:00,Smallstep,data engineer,,"['golang', 'software', 'engineer']",55000,100000,2022,SE,FT,140250,USD,140250,US,100,US,M
2025-05-07 08:15:02+00:00,Smallstep,data engineer,,"['golang', 'software', 'engineer']",55000,100000,2022,SE,FT,54000,USD,54000,US,0,US,M
2025-05-07 08:15:02+00:00,Smallstep,data engineer,,"['golang', 'software', 'engineer']",55000,100000,2022,SE,FT,100000,USD,100000,US,100,US,M
2025-05-07 08:15:02+00:00,Smallstep,data engineer,,"['golang', 'software', 'engineer']",55000,100000,2022,SE,FT,25000,USD,25000,US,100,US,M
2025-05-07 08:15:02+00:00,Smallstep,data engineer,,"['golang', 'software', 'engineer']",55000,100000,2022,SE,FT,220110,USD,220110,US,100,US,M
2025-05-07 08:15:02+00:00,Smallstep,data engineer,,"['golang', 'software', 'engineer']",55000,100000,2022,SE,FT,160080,USD,160080,US,100,US,M
2025-05-07 08:15:02+00:00,Smallstep,data engineer,,"['golang', 'software', 'engineer']",55000,100000,2022,SE,FT,192564,USD,192564,US,100,US,M
2025-05-07 08:15:02+00:00,Smallstep,data engineer,,"['golang', 'software', 'engineer']",55000,100000,2022,SE,FT,144854,USD,144854,US,100,US,M
2025-05-07 08:15:02+00:00,Smallstep,data engineer,,"['golang', 'software', 'engineer']",55000,100000,2022,SE,FT,154000,USD,154000,US,100,US,M
2025-05-07 08:15:02+00:00,Smallstep,data engineer,,"['golang', 'software', 'engineer']",55000,100000,2022,SE,FT,126000,USD,126000,US,100,US,M
2025-05-06 13:21:31+00:00,CrazyGames,machine learning developer,,"['dev', 'mobile', 'iOS', 'android', 'web dev', 'javascript', 'react']",40000,70000,2020,SE,FT,260000,USD,260000,JP,0,JP,S
2025-05-06 13:21:31+00:00,CrazyGames,machine learning developer,,"['dev', 'mobile', 'iOS', 'android', 'web dev', 'javascript', 'react']",40000,70000,2020,SE,FT,150000,USD,150000,US,50,US,L
2025-05-06 13:21:31+00:00,CrazyGames,machine learning developer,,"['dev', 'mobile', 'iOS', 'android', 'web dev', 'javascript', 'react']",40000,70000,2020,MI,FT,299000,CNY,43331,CN,0,CN,M
2025-05-06 13:21:31+00:00,CrazyGames,machine learning developer,,"['dev', 'mobile', 'iOS', 'android', 'web dev', 'javascript', 'react']",40000,70000,2020,SE,FT,157000,CAD,117104,CA,50,CA,L
2025-05-06 13:21:31+00:00,CrazyGames,machine learning developer,,"['dev', 'mobile', 'iOS', 'android', 'web dev', 'javascript', 'react']",40000,70000,2020,EN,FT,250000,USD,250000,US,50,US,L
2025-05-06 13:21:31+00:00,CrazyGames,machine learning developer,,"['dev', 'mobile', 'iOS', 'android', 'web dev', 'javascript', 'react']",40000,70000,2020,EN,FT,138000,USD,138000,US,100,US,S
2025-05-06 13:21:31+00:00,CrazyGames,machine learning developer,,"['dev', 'mobile', 'iOS', 'android', 'web dev', 'javascript', 'react']",40000,70000,2020,MI,FT,44000,EUR,50180,PT,0,PT,M
2025-05-06 13:21:31+00:00,CrazyGames,machine learning developer,,"['dev', 'mobile', 'iOS', 'android', 'web dev', 'javascript', 'react']",40000,70000,2020,SE,FT,40000,EUR,45618,HR,100,HR,S
2025-05-06 13:21:31+00:00,CrazyGames,machine learning developer,,"['dev', 'mobile', 'iOS', 'android', 'web dev', 'javascript', 'react']",40000,70000,2021,MI,FT,40000,EUR,47282,ES,100,ES,S
2025-05-06 13:21:31+00:00,CrazyGames,machine learning developer,,"['dev', 'mobile', 'iOS', 'android', 'web dev', 'javascript', 'react']",40000,70000,2021,SE,FT,80000,EUR,94564,DE,50,DE,L
2025-05-06 13:21:31+00:00,CrazyGames,machine learning developer,,"['dev', 'mobile', 'iOS', 'android', 'web dev', 'javascript', 'react']",40000,70000,2021,EN,FT,225000,USD,225000,US,100,US,L
2025-05-06 13:21:31+00:00,CrazyGames,machine learning developer,,"['dev', 'mobile', 'iOS', 'android', 'web dev', 'javascript', 'react']",40000,70000,2021,SE,FT,120000,USD,120000,US,50,US,S
2025-05-06 13:21:31+00:00,CrazyGames,machine learning developer,,"['dev', 'mobile', 'iOS', 'android', 'web dev', 'javascript', 'react']",40000,70000,2021,EN,FT,20000,USD,20000,IN,100,IN,S
2025-05-06 13:21:31+00:00,CrazyGames,machine learning developer,,"['dev', 'mobile', 'iOS', 'android', 'web dev', 'javascript', 'react']",40000,70000,2021,EN,FT,100000,USD,100000,IQ,50,IQ,S
2025-05-06 13:21:31+00:00,CrazyGames,machine learning developer,,"['dev', 'mobile', 'iOS', 'android', 'web dev', 'javascript', 'react']",40000,70000,2021,MI,FT,38400,USD,38400,VN,100,US,M
2025-05-06 13:21:31+00:00,CrazyGames,machine learning developer,,"['dev', 'mobile', 'iOS', 'android', 'web dev', 'javascript', 'react']",40000,70000,2021,SE,FT,70000,EUR,82744,BE,50,BE,M
2025-05-06 13:21:31+00:00,CrazyGames,machine learning developer,,"['dev', 'mobile', 'iOS', 'android', 'web dev', 'javascript', 'react']",40000,70000,2021,MI,FT,423000,USD,423000,US,50,US,L
2025-05-06 13:21:31+00:00,CrazyGames,machine learning developer,,"['dev', 'mobile', 'iOS', 'android', 'web dev', 'javascript', 'react']",40000,70000,2021,EN,FT,125000,USD,125000,US,100,US,S
2025-05-06 13:21:31+00:00,CrazyGames,machine learning developer,,"['dev', 'mobile', 'iOS', 'android', 'web dev', 'javascript', 'react']",40000,70000,2021,EN,FT,81000,USD,81000,US,50,US,S
2025-05-06 13:21:31+00:00,CrazyGames,machine learning developer,,"['dev', 'mobile', 'iOS', 'android', 'web dev', 'javascript', 'react']",40000,70000,2021,MI,FL,12000,USD,12000,PK,50,PK,M
2025-05-06 13:21:31+00:00,CrazyGames,machine learning developer,,"['dev', 'mobile', 'iOS', 'android', 'web dev', 'javascript', 'react']",40000,70000,2021,MI,FT,74000,USD,74000,JP,50,JP,S
2025-05-06 13:21:31+00:00,CrazyGames,machine learning developer,,"['dev', 'mobile', 'iOS', 'android', 'web dev', 'javascript', 'react']",40000,70000,2021,EN,FT,21844,USD,21844,CO,50,CO,M
2025-05-06 13:21:31+00:00,CrazyGames,machine learning developer,,"['dev', 'mobile', 'iOS', 'android', 'web dev', 'javascript', 'react']",40000,70000,2021,SE,FT,1799997,INR,24342,IN,100,IN,L
2025-05-06 13:21:31+00:00,CrazyGames,machine learning developer,,"['dev', 'mobile', 'iOS', 'android', 'web dev', 'javascript', 'react']",40000,70000,2021,SE,FT,195000,USD,195000,US,100,US,M
2025-05-06 13:21:31+00:00,CrazyGames,machine learning developer,,"['dev', 'mobile', 'iOS', 'android', 'web dev', 'javascript', 'react']",40000,70000,2021,SE,FT,200000,USD,200000,US,100,US,L
2025-05-06 13:21:31+00:00,CrazyGames,machine learning developer,,"['dev', 'mobile', 'iOS', 'android', 'web dev', 'javascript', 'react']",40000,70000,2021,MI,FT,21000,EUR,24823,SI,50,SI,L
2025-05-06 13:21:31+00:00,CrazyGames,machine learning developer,,"['dev', 'mobile', 'iOS', 'android', 'web dev', 'javascript', 'react']",40000,70000,2021,EN,FT,21000,EUR,24823,DE,50,DE,M
2025-05-06 13:21:31+00:00,CrazyGames,machine learning developer,,"['dev', 'mobile', 'iOS', 'android', 'web dev', 'javascript', 'react']",40000,70000,2021,MI,FT,75000,EUR,88654,BE,100,BE,M
2025-05-06 13:21:31+00:00,CrazyGames,machine learning developer,,"['dev', 'mobile', 'iOS', 'android', 'web dev', 'javascript', 'react']",40000,70000,2021,MI,FT,180000,PLN,46597,PL,100,PL,L
2025-05-06 13:21:31+00:00,CrazyGames,machine learning developer,,"['dev', 'mobile', 'iOS', 'android', 'web dev', 'javascript', 'react']",40000,70000,2021,SE,FT,225000,USD,225000,US,100,CA,L
2025-05-06 13:21:31+00:00,CrazyGames,machine learning developer,,"['dev', 'mobile', 'iOS', 'android', 'web dev', 'javascript', 'react']",40000,70000,2021,SE,FT,185000,USD,185000,US,50,US,L
2025-05-06 13:21:31+00:00,CrazyGames,machine learning developer,,"['dev', 'mobile', 'iOS', 'android', 'web dev', 'javascript', 'react']",40000,70000,2021,SE,FT,4900000,INR,66265,IN,0,IN,L
2025-05-06 13:21:31+00:00,CrazyGames,machine learning developer,,"['dev', 'mobile', 'iOS', 'android', 'web dev', 'javascript', 'react']",40000,70000,2021,EN,FT,85000,USD,85000,NL,100,DE,S
2025-05-06 13:21:31+00:00,CrazyGames,machine learning developer,,"['dev', 'mobile', 'iOS', 'android', 'web dev', 'javascript', 'react']",40000,70000,2021,MI,FT,43200,EUR,51064,IT,50,IT,L
2025-05-06 13:21:31+00:00,CrazyGames,machine learning developer,,"['dev', 'mobile', 'iOS', 'android', 'web dev', 'javascript', 'react']",40000,70000,2022,SE,FT,189650,USD,189650,US,0,US,M
2025-05-06 13:21:31+00:00,CrazyGames,machine learning developer,,"['dev', 'mobile', 'iOS', 'android', 'web dev', 'javascript', 'react']",40000,70000,2022,SE,FT,164996,USD,164996,US,0,US,M
2025-05-06 13:21:31+00:00,CrazyGames,machine learning developer,,"['dev', 'mobile', 'iOS', 'android', 'web dev', 'javascript', 'react']",40000,70000,2022,EX,FT,6000000,INR,79039,IN,50,IN,L
2025-05-06 13:21:31+00:00,CrazyGames,machine learning developer,,"['dev', 'mobile', 'iOS', 'android', 'web dev', 'javascript', 'react']",40000,70000,2022,EN,FT,28500,GBP,37300,GB,100,GB,L
2025-05-06 13:21:31+00:00,CrazyGames,machine learning developer,,"['dev', 'mobile', 'iOS', 'android', 'web dev', 'javascript', 'react']",40000,70000,2022,MI,FT,95000,GBP,124333,GB,0,GB,M
2025-05-06 13:21:31+00:00,CrazyGames,machine learning developer,,"['dev', 'mobile', 'iOS', 'android', 'web dev', 'javascript', 'react']",40000,70000,2022,MI,FT,75000,GBP,98158,GB,0,GB,M
2025-05-06 13:21:31+00:00,CrazyGames,machine learning developer,,"['dev', 'mobile', 'iOS', 'android', 'web dev', 'javascript', 'react']",40000,70000,2022,MI,FT,80000,EUR,87932,FR,100,DE,M
2025-05-06 13:21:31+00:00,CrazyGames,machine learning developer,,"['dev', 'mobile', 'iOS', 'android', 'web dev', 'javascript', 'react']",40000,70000,2022,MI,FT,160000,USD,160000,US,100,US,L
2025-05-06 13:21:31+00:00,CrazyGames,machine learning developer,,"['dev', 'mobile', 'iOS', 'android', 'web dev', 'javascript', 'react']",40000,70000,2022,MI,FT,112300,USD,112300,US,100,US,L
2025-05-06 13:21:31+00:00,CrazyGames,machine learning developer,,"['dev', 'mobile', 'iOS', 'android', 'web dev', 'javascript', 'react']",40000,70000,2022,SE,FT,189650,USD,189650,US,0,US,M
2025-05-06 13:21:31+00:00,CrazyGames,machine learning developer,,"['dev', 'mobile', 'iOS', 'android', 'web dev', 'javascript', 'react']",40000,70000,2022,SE,FT,164996,USD,164996,US,0,US,M
2025-05-06 13:21:31+00:00,CrazyGames,machine learning developer,,"['dev', 'mobile', 'iOS', 'android', 'web dev', 'javascript', 'react']",40000,70000,2022,MI,FT,100000,CAD,78791,CA,100,CA,M
2025-05-06 13:21:31+00:00,CrazyGames,machine learning developer,,"['dev', 'mobile', 'iOS', 'android', 'web dev', 'javascript', 'react']",40000,70000,2022,MI,FT,120000,USD,120000,US,100,US,S
2025-05-06 13:21:31+00:00,CrazyGames,machine learning developer,,"['dev', 'mobile', 'iOS', 'android', 'web dev', 'javascript', 'react']",40000,70000,2022,SE,FT,80000,EUR,87932,DE,0,DE,M
2025-05-06 13:21:31+00:00,CrazyGames,machine learning developer,,"['dev', 'mobile', 'iOS', 'android', 'web dev', 'javascript', 'react']",40000,70000,2022,MI,FT,53000,EUR,58255,PT,50,PT,L
2025-05-06 13:21:31+00:00,CrazyGames,machine learning developer,,"['dev', 'mobile', 'iOS', 'android', 'web dev', 'javascript', 'react']",40000,70000,2022,SE,FT,220000,USD,220000,US,100,US,M
2025-05-06 13:21:31+00:00,CrazyGames,machine learning developer,,"['dev', 'mobile', 'iOS', 'android', 'web dev', 'javascript', 'react']",40000,70000,2022,SE,FT,120000,USD,120000,AE,100,AE,S
2025-05-06 13:21:31+00:00,CrazyGames,machine learning developer,,"['dev', 'mobile', 'iOS', 'android', 'web dev', 'javascript', 'react']",40000,70000,2022,SE,FT,65000,USD,65000,AE,100,AE,S
2025-05-06 13:21:31+00:00,CrazyGames,machine learning developer,,"['dev', 'mobile', 'iOS', 'android', 'web dev', 'javascript', 'react']",40000,70000,2022,SE,FT,120000,USD,120000,US,100,US,M
2025-05-06 13:21:31+00:00,CrazyGames,machine learning developer,,"['dev', 'mobile', 'iOS', 'android', 'web dev', 'javascript', 'react']",40000,70000,2022,EN,CT,29000,EUR,31875,TN,100,CZ,M
2025-05-06 13:21:31+00:00,CrazyGames,machine learning developer,,"['dev', 'mobile', 'iOS', 'android', 'web dev', 'javascript', 'react']",40000,70000,2022,SE,FT,100000,CAD,78791,CA,100,CA,M
2025-05-06 13:21:31+00:00,CrazyGames,machine learning developer,,"['dev', 'mobile', 'iOS', 'android', 'web dev', 'javascript', 'react']",40000,70000,2022,MI,FT,153000,USD,153000,US,50,US,M
2025-05-06 13:21:31+00:00,CrazyGames,machine learning developer,,"['dev', 'mobile', 'iOS', 'android', 'web dev', 'javascript', 'react']",40000,70000,2022,SE,FT,57000,EUR,62651,NL,100,NL,L
2025-05-06 13:21:31+00:00,CrazyGames,machine learning developer,,"['dev', 'mobile', 'iOS', 'android', 'web dev', 'javascript', 'react']",40000,70000,2022,MI,FT,121000,AUD,87425,AU,100,AU,L
2025-05-06 13:21:31+00:00,CrazyGames,machine learning developer,,"['dev', 'mobile', 'iOS', 'android', 'web dev', 'javascript', 'react']",40000,70000,2022,MI,FT,75000,USD,75000,BO,100,US,L
2025-05-06 13:21:31+00:00,CrazyGames,machine learning developer,,"['dev', 'mobile', 'iOS', 'android', 'web dev', 'javascript', 'react']",40000,70000,2022,SE,FT,65000,EUR,71444,IE,100,IE,S
2025-05-06 13:21:31+00:00,CrazyGames,machine learning developer,,"['dev', 'mobile', 'iOS', 'android', 'web dev', 'javascript', 'react']",40000,70000,2022,SE,FT,214000,USD,214000,US,100,US,M
2025-05-06 13:21:31+00:00,CrazyGames,machine learning developer,,"['dev', 'mobile', 'iOS', 'android', 'web dev', 'javascript', 'react']",40000,70000,2022,SE,FT,192600,USD,192600,US,100,US,M
2025-05-05 22:27:36+00:00,Contra,data engineer,,['engineer'],120000,150000,2020,SE,FT,85000,GBP,109024,GB,50,GB,M
2025-05-05 22:27:36+00:00,Contra,data engineer,,['engineer'],120000,150000,2020,SE,FT,125000,USD,125000,NZ,50,NZ,S
2025-05-05 22:27:36+00:00,Contra,data engineer,,['engineer'],120000,150000,2020,EN,FT,4450000,JPY,41689,JP,100,JP,S
2025-05-05 22:27:36+00:00,Contra,data engineer,,['engineer'],120000,150000,2020,SE,FT,100000,EUR,114047,PL,100,GB,S
2025-05-05 22:27:36+00:00,Contra,data engineer,,['engineer'],120000,150000,2020,MI,FT,56000,USD,56000,PT,100,US,M
2025-05-05 22:27:36+00:00,Contra,data engineer,,['engineer'],120000,150000,2020,SE,FT,42000,EUR,47899,GR,50,GR,L
2025-05-05 22:27:36+00:00,Contra,data engineer,,['engineer'],120000,150000,2020,SE,FT,720000,MXN,33511,MX,0,MX,S
2025-05-05 22:27:36+00:00,Contra,data engineer,,['engineer'],120000,150000,2020,MI,FT,51999,EUR,59303,DE,100,DE,S
2025-05-05 22:27:36+00:00,Contra,data engineer,,['engineer'],120000,150000,2020,EN,FT,70000,USD,70000,US,100,US,L
2025-05-05 22:27:36+00:00,Contra,data engineer,,['engineer'],120000,150000,2020,MI,FT,65000,EUR,74130,AT,50,AT,L
2025-05-05 22:27:36+00:00,Contra,data engineer,,['engineer'],120000,150000,2020,EX,FT,70000,EUR,79833,ES,50,ES,L
2025-05-05 22:27:36+00:00,Contra,data engineer,,['engineer'],120000,150000,2020,MI,FT,106000,USD,106000,US,100,US,L
2025-05-05 22:27:36+00:00,Contra,data engineer,,['engineer'],120000,150000,2020,MI,FT,88000,GBP,112872,GB,50,GB,L
2025-05-05 22:27:36+00:00,Contra,data engineer,,['engineer'],120000,150000,2020,EN,PT,14000,EUR,15966,DE,100,DE,S
2025-05-05 22:27:36+00:00,Contra,data engineer,,['engineer'],120000,150000,2020,SE,FT,188000,USD,188000,US,100,US,L
2025-05-05 22:27:36+00:00,Contra,data engineer,,['engineer'],120000,150000,2020,MI,FT,61500,EUR,70139,FR,50,FR,L
2025-05-05 22:27:36+00:00,Contra,data engineer,,['engineer'],120000,150000,2020,EN,FT,48000,EUR,54742,PK,100,DE,L
2025-05-05 22:27:36+00:00,Contra,data engineer,,['engineer'],120000,150000,2020,SE,FL,60000,USD,60000,RU,100,US,S
2025-05-05 22:27:36+00:00,Contra,data engineer,,['engineer'],120000,150000,2020,MI,FT,110000,USD,110000,US,100,US,L
2025-05-05 22:27:36+00:00,Contra,data engineer,,['engineer'],120000,150000,2020,MI,FT,130800,USD,130800,ES,100,US,M
2025-05-05 22:27:36+00:00,Contra,data engineer,,['engineer'],120000,150000,2021,MI,CT,270000,USD,270000,US,100,US,L
2025-05-05 22:27:36+00:00,Contra,data engineer,,['engineer'],120000,150000,2021,MI,FT,140000,USD,140000,US,100,US,L
2025-05-05 22:27:36+00:00,Contra,data engineer,,['engineer'],120000,150000,2021,MI,FT,110000,PLN,28476,PL,100,PL,L
2025-05-05 22:27:36+00:00,Contra,data engineer,,['engineer'],120000,150000,2021,SE,FT,276000,USD,276000,US,0,US,L
2025-05-05 22:27:36+00:00,Contra,data engineer,,['engineer'],120000,150000,2021,MI,FT,120000,SGD,89294,SG,50,SG,L
2025-05-05 22:27:36+00:00,Contra,data engineer,,['engineer'],120000,150000,2021,EN,FT,70000,USD,70000,US,100,US,M
2025-05-05 22:27:36+00:00,Contra,data engineer,,['engineer'],120000,150000,2021,MI,FT,81000,EUR,95746,DE,100,US,S
2025-05-05 22:27:36+00:00,Contra,data engineer,,['engineer'],120000,150000,2021,SE,FT,150000,USD,150000,US,100,US,L
2025-05-05 22:27:36+00:00,Contra,data engineer,,['engineer'],120000,150000,2021,SE,FT,115000,USD,115000,US,100,US,S
2025-05-05 22:27:36+00:00,Contra,data engineer,,['engineer'],120000,150000,2021,SE,FT,150000,USD,150000,US,100,US,M
2025-05-05 22:27:36+00:00,Contra,data engineer,,['engineer'],120000,150000,2021,EN,FT,2250000,INR,30428,IN,100,IN,L
2025-05-05 22:27:36+00:00,Contra,data engineer,,['engineer'],120000,150000,2021,SE,FT,82500,GBP,113476,GB,100,GB,M
2025-05-05 22:27:36+00:00,Contra,data engineer,,['engineer'],120000,150000,2021,SE,FT,75000,GBP,103160,GB,100,GB,S
2025-05-05 22:27:36+00:00,Contra,data engineer,,['engineer'],120000,150000,2021,MI,FT,38400,EUR,45391,NL,100,NL,L
2025-05-05 22:27:36+00:00,Contra,data engineer,,['engineer'],120000,150000,2021,MI,FT,34000,EUR,40189,GR,100,GR,M
2025-05-05 22:27:36+00:00,Contra,data engineer,,['engineer'],120000,150000,2021,MI,FT,200000,USD,200000,US,100,US,L
2025-05-05 22:27:36+00:00,Contra,data engineer,,['engineer'],120000,150000,2021,MI,FT,60000,USD,60000,ES,50,RO,M
2025-05-05 22:27:36+00:00,Contra,data engineer,,['engineer'],120000,150000,2021,SE,FT,200000,USD,200000,US,100,US,M
2025-05-05 22:27:36+00:00,Contra,data engineer,,['engineer'],120000,150000,2021,SE,FT,24000,USD,24000,BR,100,BR,M
2025-05-05 22:27:36+00:00,Contra,data engineer,,['engineer'],120000,150000,2021,MI,FT,7000000,JPY,63711,JP,50,JP,S
2025-05-05 22:27:36+00:00,Contra,data engineer,,['engineer'],120000,150000,2021,MI,FT,8500000,JPY,77364,JP,50,JP,S
2025-05-05 22:27:36+00:00,Contra,data engineer,,['engineer'],120000,150000,2021,SE,FT,150000,USD,150000,US,0,US,L
2025-05-05 22:27:36+00:00,Contra,data engineer,,['engineer'],120000,150000,2021,MI,FT,100000,USD,100000,US,100,US,L
2025-05-05 22:27:36+00:00,Contra,data engineer,,['engineer'],120000,150000,2021,MI,FT,90000,USD,90000,US,100,US,L
2025-05-05 22:27:36+00:00,Contra,data engineer,,['engineer'],120000,150000,2021,SE,FT,153000,USD,153000,US,100,US,L
2025-05-05 22:27:36+00:00,Contra,data engineer,,['engineer'],120000,150000,2021,SE,FT,160000,USD,160000,BR,100,US,S
2025-05-05 22:27:36+00:00,Contra,data engineer,,['engineer'],120000,150000,2021,SE,FT,159500,CAD,127221,CA,50,CA,L
2025-05-05 22:27:36+00:00,Contra,data engineer,,['engineer'],120000,150000,2021,MI,FT,24000,EUR,28369,MT,50,MT,L
2025-05-05 22:27:36+00:00,Contra,data engineer,,['engineer'],120000,150000,2021,EN,FT,80000,USD,80000,US,100,US,L
2025-05-05 22:27:36+00:00,Contra,data engineer,,['engineer'],120000,150000,2021,MI,FT,150000,USD,150000,US,100,US,L
2025-05-05 22:27:36+00:00,Contra,data engineer,,['engineer'],120000,150000,2021,MI,FT,170000,USD,170000,US,100,US,L
2025-05-05 22:27:36+00:00,Contra,data engineer,,['engineer'],120000,150000,2021,MI,FT,60000,GBP,82528,GB,100,GB,L
2025-05-05 22:27:36+00:00,Contra,data engineer,,['engineer'],120000,150000,2021,SE,FT,174000,USD,174000,US,100,US,L
2025-05-05 22:27:36+00:00,Contra,data engineer,,['engineer'],120000,150000,2021,MI,FT,1672000,INR,22611,IN,0,IN,L
2025-05-05 22:27:36+00:00,Contra,data engineer,,['engineer'],120000,150000,2021,MI,FT,22000,EUR,26005,RO,0,US,L
2025-05-05 22:27:36+00:00,Contra,data engineer,,['engineer'],120000,150000,2021,MI,FT,4000,USD,4000,IR,100,IR,M
2025-05-05 22:27:36+00:00,Contra,data engineer,,['engineer'],120000,150000,2021,SE,FT,65000,EUR,76833,RO,50,GB,S
2025-05-05 22:27:36+00:00,Contra,data engineer,,['engineer'],120000,150000,2021,MI,FT,18000,USD,18000,MD,0,MD,S
2025-05-05 22:27:36+00:00,Contra,data engineer,,['engineer'],120000,150000,2021,SE,FT,165000,USD,165000,US,0,US,M
2025-05-05 22:27:36+00:00,Contra,data engineer,,['engineer'],120000,150000,2021,MI,FL,20000,USD,20000,IT,0,US,L
2025-05-05 22:27:36+00:00,Contra,data engineer,,['engineer'],120000,150000,2021,MI,FT,48000,GBP,66022,HK,50,GB,S
2025-05-05 22:27:36+00:00,Contra,data engineer,,['engineer'],120000,150000,2021,EN,FT,435000,INR,5882,IN,0,CH,L
2025-05-05 22:27:36+00:00,Contra,data engineer,,['engineer'],120000,150000,2021,SE,FT,185000,USD,185000,US,100,US,L
2025-05-05 22:27:36+00:00,Contra,data engineer,,['engineer'],120000,150000,2021,EN,PT,180000,DKK,28609,DK,50,DK,S
2025-05-05 22:27:36+00:00,Contra,data engineer,,['engineer'],120000,150000,2021,EN,FT,1200000,INR,16228,IN,100,IN,L
2025-05-05 22:27:36+00:00,Contra,data engineer,,['engineer'],120000,150000,2021,SE,FT,256000,USD,256000,US,100,US,S
2025-05-05 22:27:36+00:00,Contra,data engineer,,['engineer'],120000,150000,2021,SE,FT,200000,USD,200000,US,100,US,L
2025-05-05 22:27:36+00:00,Contra,data engineer,,['engineer'],120000,150000,2021,MI,FT,180000,USD,180000,US,100,US,L
2025-05-05 22:27:36+00:00,Contra,data engineer,,['engineer'],120000,150000,2021,EN,FT,1600000,INR,21637,IN,50,IN,M
2025-05-05 22:27:36+00:00,Contra,data engineer,,['engineer'],120000,150000,2021,MI,FT,110000,USD,110000,US,100,US,L
2025-05-05 22:27:36+00:00,Contra,data engineer,,['engineer'],120000,150000,2021,MI,FT,52500,GBP,72212,GB,50,GB,L
2025-05-05 22:27:36+00:00,Contra,data engineer,,['engineer'],120000,150000,2021,MI,FT,108000,TRY,12103,TR,0,TR,M
2025-05-05 22:27:36+00:00,Contra,data engineer,,['engineer'],120000,150000,2021,SE,FT,70000,GBP,96282,GB,50,GB,L
2025-05-05 22:27:36+00:00,Contra,data engineer,,['engineer'],120000,150000,2021,EX,FT,600000,USD,600000,US,100,US,L
2025-05-05 22:27:36+00:00,Contra,data engineer,,['engineer'],120000,150000,2021,SE,FT,125000,CAD,99703,CA,50,CA,M
2025-05-05 22:27:36+00:00,Contra,data engineer,,['engineer'],120000,150000,2021,MI,FT,200000,USD,200000,US,100,US,L
2025-05-05 22:27:36+00:00,Contra,data engineer,,['engineer'],120000,150000,2021,SE,FT,160000,USD,160000,PR,50,US,S
2025-05-05 22:27:36+00:00,Contra,data engineer,,['engineer'],120000,150000,2021,MI,FT,93150,USD,93150,US,0,US,M
2025-05-05 22:27:36+00:00,Contra,data engineer,,['engineer'],120000,150000,2021,MI,FT,111775,USD,111775,US,0,US,M
2025-05-05 22:27:36+00:00,Contra,data engineer,,['engineer'],120000,150000,2021,MI,FT,250000,TRY,28016,TR,100,TR,M
2025-05-05 22:27:36+00:00,Contra,data engineer,,['engineer'],120000,150000,2021,EN,FT,55000,EUR,65013,DE,50,DE,M
2025-05-05 22:27:36+00:00,Contra,data engineer,,['engineer'],120000,150000,2021,EN,FT,72500,USD,72500,US,100,US,L
2025-05-05 22:27:36+00:00,Contra,data engineer,,['engineer'],120000,150000,2021,SE,FT,102000,BRL,18907,BR,0,BR,M
2025-05-05 22:27:36+00:00,Contra,data engineer,,['engineer'],120000,150000,2021,MI,FT,112000,USD,112000,US,100,US,L
2025-05-05 22:27:36+00:00,Contra,data engineer,,['engineer'],120000,150000,2021,MI,PT,59000,EUR,69741,NL,100,NL,L
2025-05-05 22:27:36+00:00,Contra,data engineer,,['engineer'],120000,150000,2022,SE,FT,135000,USD,135000,US,100,US,M
2025-05-05 22:27:36+00:00,Contra,data engineer,,['engineer'],120000,150000,2022,MI,FT,170000,USD,170000,US,100,US,M
2025-05-05 22:27:36+00:00,Contra,data engineer,,['engineer'],120000,150000,2022,MI,FT,150000,USD,150000,US,100,US,M
2025-05-05 22:27:36+00:00,Contra,data engineer,,['engineer'],120000,150000,2022,EN,FT,40000,GBP,52351,GB,100,GB,M
2025-05-05 22:27:36+00:00,Contra,data engineer,,['engineer'],120000,150000,2022,EX,FT,242000,USD,242000,US,100,US,M
2025-05-05 22:27:36+00:00,Contra,data engineer,,['engineer'],120000,150000,2022,EX,FT,200000,USD,200000,US,100,US,M
2025-05-05 22:27:36+00:00,Contra,data engineer,,['engineer'],120000,150000,2022,MI,FT,60000,GBP,78526,GB,0,GB,M
2025-05-05 22:27:36+00:00,Contra,data engineer,,['engineer'],120000,150000,2022,MI,FT,40000,GBP,52351,GB,0,GB,M
2025-05-05 22:27:36+00:00,Contra,data engineer,,['engineer'],120000,150000,2022,EN,FT,35000,GBP,45807,GB,100,GB,M
2025-05-05 22:27:36+00:00,Contra,data engineer,,['engineer'],120000,150000,2022,SE,FT,181940,USD,181940,US,0,US,M
2025-05-05 22:27:36+00:00,Contra,data engineer,,['engineer'],120000,150000,2022,SE,FT,132320,USD,132320,US,0,US,M
2025-05-05 22:27:36+00:00,Contra,data engineer,,['engineer'],120000,150000,2022,SE,FT,220110,USD,220110,US,0,US,M
2025-05-05 22:27:36+00:00,Contra,data engineer,,['engineer'],120000,150000,2022,SE,FT,160080,USD,160080,US,0,US,M
2025-05-05 22:27:36+00:00,Contra,data engineer,,['engineer'],120000,150000,2022,SE,FT,165400,USD,165400,US,100,US,M
2025-05-05 22:27:36+00:00,Contra,data engineer,,['engineer'],120000,150000,2022,SE,FT,132320,USD,132320,US,100,US,M
2025-05-05 22:27:36+00:00,Contra,data engineer,,['engineer'],120000,150000,2022,SE,FT,243900,USD,243900,US,100,US,M
2025-05-05 22:27:36+00:00,Contra,data engineer,,['engineer'],120000,150000,2022,SE,FT,128875,USD,128875,US,100,US,M
2025-05-05 22:27:36+00:00,Contra,data engineer,,['engineer'],120000,150000,2022,SE,FT,93700,USD,93700,US,100,US,M
2025-05-05 22:27:36+00:00,Contra,data engineer,,['engineer'],120000,150000,2022,SE,FT,156600,USD,156600,US,100,US,M
2025-05-05 22:27:36+00:00,Contra,data engineer,,['engineer'],120000,150000,2022,SE,FT,108800,USD,108800,US,0,US,M
2025-05-05 22:27:36+00:00,Contra,data engineer,,['engineer'],120000,150000,2022,SE,FT,113000,USD,113000,US,0,US,L
2025-05-05 22:27:36+00:00,Contra,data engineer,,['engineer'],120000,150000,2022,SE,FT,60000,GBP,78526,GB,0,GB,M
2025-05-05 22:27:36+00:00,Contra,data engineer,,['engineer'],120000,150000,2022,SE,FT,50000,GBP,65438,GB,0,GB,M
2025-05-05 22:27:36+00:00,Contra,data engineer,,['engineer'],120000,150000,2022,SE,FT,192400,USD,192400,CA,100,CA,M
2025-05-05 22:27:36+00:00,Contra,data engineer,,['engineer'],120000,150000,2022,SE,FT,90700,USD,90700,CA,100,CA,M
2025-05-05 22:27:36+00:00,Contra,data engineer,,['engineer'],120000,150000,2022,SE,FT,160000,USD,160000,US,0,US,L
2025-05-05 22:27:36+00:00,Contra,data engineer,,['engineer'],120000,150000,2022,SE,FT,136000,USD,136000,US,0,US,M
2025-05-05 22:27:36+00:00,Contra,data engineer,,['engineer'],120000,150000,2022,MI,FT,50000,EUR,54957,GR,0,GR,M
2025-05-05 22:27:36+00:00,Contra,data engineer,,['engineer'],120000,150000,2022,MI,FT,50000,EUR,54957,GR,0,GR,M
2025-05-05 22:27:36+00:00,Contra,data engineer,,['engineer'],120000,150000,2022,EX,FT,150000,CAD,118187,CA,100,CA,S
2025-05-05 22:27:36+00:00,Contra,data engineer,,['engineer'],120000,150000,2022,SE,FT,165400,USD,165400,US,100,US,M
2025-05-05 22:27:36+00:00,Contra,data engineer,,['engineer'],120000,150000,2022,SE,FT,208775,USD,208775,US,100,US,M
2025-05-05 22:27:36+00:00,Contra,data engineer,,['engineer'],120000,150000,2022,SE,FT,147800,USD,147800,US,100,US,M
2025-05-05 22:27:36+00:00,Contra,data engineer,,['engineer'],120000,150000,2022,SE,FT,136994,USD,136994,US,100,US,M
2025-05-05 22:27:36+00:00,Contra,data engineer,,['engineer'],120000,150000,2022,SE,FT,101570,USD,101570,US,100,US,M
2025-05-05 22:27:36+00:00,Contra,data engineer,,['engineer'],120000,150000,2022,SE,FT,132320,USD,132320,US,100,US,M
2025-05-05 22:27:36+00:00,Contra,data engineer,,['engineer'],120000,150000,2022,SE,FT,155000,USD,155000,US,100,US,M
2025-05-05 22:27:36+00:00,Contra,data engineer,,['engineer'],120000,150000,2022,MI,FT,90000,GBP,117789,GB,0,GB,M
2025-05-05 22:27:36+00:00,Contra,data engineer,,['engineer'],120000,150000,2022,SE,FT,209100,USD,209100,US,100,US,L
2025-05-05 22:27:36+00:00,Contra,data engineer,,['engineer'],120000,150000,2022,SE,FT,154600,USD,154600,US,100,US,L
2025-05-05 22:27:36+00:00,Contra,data engineer,,['engineer'],120000,150000,2022,SE,FT,175000,USD,175000,US,100,US,M
2025-05-05 22:27:36+00:00,Contra,data engineer,,['engineer'],120000,150000,2022,MI,FT,75000,GBP,98158,GB,0,GB,M
2025-05-05 22:27:36+00:00,Contra,data engineer,,['engineer'],120000,150000,2022,SE,FT,183600,USD,183600,US,100,US,L
2025-05-05 22:27:36+00:00,Contra,data engineer,,['engineer'],120000,150000,2022,MI,FT,60000,EUR,65949,GR,100,GR,M
2025-05-05 22:27:36+00:00,Contra,data engineer,,['engineer'],120000,150000,2022,MI,FT,45000,EUR,49461,GR,100,GR,M
2025-05-05 22:27:36+00:00,Contra,data engineer,,['engineer'],120000,150000,2022,MI,FT,60000,GBP,78526,GB,100,GB,M
2025-05-05 22:27:36+00:00,Contra,data engineer,,['engineer'],120000,150000,2022,MI,FT,45000,GBP,58894,GB,100,GB,M
2025-05-05 22:27:36+00:00,Contra,data engineer,,['engineer'],120000,150000,2022,SE,FT,60000,USD,60000,AR,100,MX,L
2025-05-05 22:27:36+00:00,Contra,data engineer,,['engineer'],120000,150000,2022,MI,FT,63900,USD,63900,US,0,US,M
2025-05-05 22:27:36+00:00,Contra,data engineer,,['engineer'],120000,150000,2022,MI,FT,82900,USD,82900,US,0,US,M
2025-05-05 22:27:36+00:00,Contra,data engineer,,['engineer'],120000,150000,2022,SE,FT,100800,USD,100800,US,100,US,L
2025-05-05 22:27:36+00:00,Contra,data engineer,,['engineer'],120000,150000,2022,MI,FT,45000,EUR,49461,ES,100,ES,M
2025-05-05 22:27:36+00:00,Contra,data engineer,,['engineer'],120000,150000,2022,MI,FT,80000,EUR,87932,ES,100,ES,M
2025-05-05 22:27:36+00:00,Contra,data engineer,,['engineer'],120000,150000,2022,MI,FT,70000,EUR,76940,ES,100,ES,M
2025-05-05 22:27:36+00:00,Contra,data engineer,,['engineer'],120000,150000,2022,MI,FT,80000,GBP,104702,GB,100,GB,M
2025-05-05 22:27:36+00:00,Contra,data engineer,,['engineer'],120000,150000,2022,MI,FT,70000,GBP,91614,GB,100,GB,M
2025-05-05 22:27:36+00:00,Contra,data engineer,,['engineer'],120000,150000,2022,MI,FT,60000,EUR,65949,ES,100,ES,M
2025-05-05 22:27:36+00:00,Contra,data engineer,,['engineer'],120000,150000,2022,MI,FT,80000,EUR,87932,GR,100,GR,M
2025-05-05 22:27:36+00:00,Contra,data engineer,,['engineer'],120000,150000,2022,MI,FT,75000,GBP,98158,GB,100,GB,M
2025-05-05 22:27:36+00:00,Contra,data engineer,,['engineer'],120000,150000,2022,MI,FT,60000,GBP,78526,GB,100,GB,M
2025-05-05 22:27:36+00:00,Contra,data engineer,,['engineer'],120000,150000,2022,MI,FT,70000,EUR,76940,GR,100,GR,M
2025-05-05 22:27:36+00:00,Contra,data engineer,,['engineer'],120000,150000,2022,SE,FT,209100,USD,209100,US,100,US,L
2025-05-05 22:27:36+00:00,Contra,data engineer,,['engineer'],120000,150000,2022,SE,FT,154600,USD,154600,US,100,US,L
2025-05-05 22:27:36+00:00,Contra,data engineer,,['engineer'],120000,150000,2022,SE,FT,180000,USD,180000,US,100,US,M
2025-05-05 22:27:36+00:00,Contra,data engineer,,['engineer'],120000,150000,2022,EN,FT,20000,EUR,21983,PT,100,PT,L
2025-05-05 22:27:36+00:00,Contra,data engineer,,['engineer'],120000,150000,2022,SE,FT,80000,USD,80000,US,100,US,M
2025-05-05 22:27:36+00:00,Contra,data engineer,,['engineer'],120000,150000,2022,EN,FT,125000,USD,125000,US,0,US,M
2025-05-05 22:27:36+00:00,Contra,data engineer,,['engineer'],120000,150000,2022,MI,FT,240000,CNY,37236,US,50,US,L
2025-05-05 22:27:36+00:00,Contra,data engineer,,['engineer'],120000,150000,2022,SE,FT,105000,USD,105000,US,100,US,M
2025-05-05 22:27:36+00:00,Contra,data engineer,,['engineer'],120000,150000,2022,MI,PT,50000,EUR,54957,DE,50,DE,L
2025-05-05 22:27:36+00:00,Contra,data engineer,,['engineer'],120000,150000,2022,EN,FT,120000,USD,120000,US,100,US,M
2025-05-05 22:27:36+00:00,Contra,data engineer,,['engineer'],120000,150000,2022,SE,FT,100000,USD,100000,US,100,US,M
2025-05-05 22:27:36+00:00,Contra,data engineer,,['engineer'],120000,150000,2022,EX,FT,324000,USD,324000,US,100,US,M
2025-05-05 22:27:36+00:00,Contra,data engineer,,['engineer'],120000,150000,2022,EX,FT,216000,USD,216000,US,100,US,M
2025-05-05 22:27:36+00:00,Contra,data engineer,,['engineer'],120000,150000,2022,SE,FT,210000,USD,210000,US,100,US,M
2025-05-05 22:27:36+00:00,Contra,data engineer,,['engineer'],120000,150000,2022,EN,FT,52800,EUR,58035,PK,100,DE,M
2025-05-05 22:27:36+00:00,Contra,data engineer,,['engineer'],120000,150000,2022,SE,FT,115000,USD,115000,US,100,US,M
2025-05-05 22:27:36+00:00,Contra,data engineer,,['engineer'],120000,150000,2022,EN,FT,150000,USD,150000,AU,100,AU,S
2025-05-05 22:27:36+00:00,Contra,data engineer,,['engineer'],120000,150000,2022,EN,FT,65000,USD,65000,US,100,US,S
2025-05-05 22:27:36+00:00,Contra,data engineer,,['engineer'],120000,150000,2022,MI,FT,62000,EUR,68147,FR,100,FR,M
2025-05-05 22:27:36+00:00,Contra,data engineer,,['engineer'],120000,150000,2022,EN,FT,10000,USD,10000,PT,100,LU,M
2025-05-05 22:27:36+00:00,Contra,data engineer,,['engineer'],120000,150000,2022,SE,FT,266400,USD,266400,US,100,US,M
2025-05-05 22:27:36+00:00,Contra,data engineer,,['engineer'],120000,150000,2022,SE,FT,213120,USD,213120,US,100,US,M
2025-05-05 22:27:36+00:00,Contra,data engineer,,['engineer'],120000,150000,2022,SE,FT,155000,USD,155000,US,100,US,M
2025-05-05 22:27:36+00:00,Contra,data engineer,,['engineer'],120000,150000,2022,MI,FT,206699,USD,206699,US,0,US,M
2025-05-05 22:27:36+00:00,Contra,data engineer,,['engineer'],120000,150000,2022,MI,FT,99100,USD,99100,US,0,US,M
2025-05-05 22:27:36+00:00,Contra,data engineer,,['engineer'],120000,150000,2022,SE,FT,130000,USD,130000,US,100,US,M
2025-05-05 22:27:36+00:00,Contra,data engineer,,['engineer'],120000,150000,2022,SE,FT,115000,USD,115000,US,100,US,M
2025-05-05 22:27:36+00:00,Contra,data engineer,,['engineer'],120000,150000,2022,SE,FT,110500,USD,110500,US,100,US,M
2025-05-05 22:27:36+00:00,Contra,data engineer,,['engineer'],120000,150000,2022,SE,FT,130000,USD,130000,US,100,US,M
2025-05-05 22:27:36+00:00,Contra,data engineer,,['engineer'],120000,150000,2022,SE,FT,160000,USD,160000,US,100,US,M
2025-05-05 22:27:36+00:00,Contra,data engineer,,['engineer'],120000,150000,2022,SE,FT,200100,USD,200100,US,100,US,M
2025-05-05 22:27:36+00:00,Contra,data engineer,,['engineer'],120000,150000,2022,SE,FT,160000,USD,160000,US,100,US,M
2025-05-05 22:27:36+00:00,Contra,data engineer,,['engineer'],120000,150000,2022,SE,FT,145000,USD,145000,US,100,US,M
2025-05-05 22:27:36+00:00,Contra,data engineer,,['engineer'],120000,150000,2022,SE,FT,70500,USD,70500,US,0,US,M
2025-05-05 22:27:36+00:00,Contra,data engineer,,['engineer'],120000,150000,2022,SE,FT,175100,USD,175100,US,100,US,M
2025-05-05 22:27:36+00:00,Contra,data engineer,,['engineer'],120000,150000,2022,SE,FT,140250,USD,140250,US,100,US,M
2025-05-05 22:27:36+00:00,Contra,data engineer,,['engineer'],120000,150000,2022,SE,FT,54000,USD,54000,US,0,US,M
2025-05-05 22:27:36+00:00,Contra,data engineer,,['engineer'],120000,150000,2022,SE,FT,100000,USD,100000,US,100,US,M
2025-05-05 22:27:36+00:00,Contra,data engineer,,['engineer'],120000,150000,2022,SE,FT,25000,USD,25000,US,100,US,M
2025-05-05 22:27:36+00:00,Contra,data engineer,,['engineer'],120000,150000,2022,SE,FT,220110,USD,220110,US,100,US,M
2025-05-05 22:27:36+00:00,Contra,data engineer,,['engineer'],120000,150000,2022,SE,FT,160080,USD,160080,US,100,US,M
2025-05-05 22:27:36+00:00,Contra,data engineer,,['engineer'],120000,150000,2022,SE,FT,192564,USD,192564,US,100,US,M
2025-05-05 22:27:36+00:00,Contra,data engineer,,['engineer'],120000,150000,2022,SE,FT,144854,USD,144854,US,100,US,M
2025-05-05 22:27:36+00:00,Contra,data engineer,,['engineer'],120000,150000,2022,SE,FT,154000,USD,154000,US,100,US,M
2025-05-05 22:27:36+00:00,Contra,data engineer,,['engineer'],120000,150000,2022,SE,FT,126000,USD,126000,US,100,US,M
2025-05-02 16:00:10+00:00,StackAdapt,machine learning developer,Canada,"['salesforce', 'developer', 'design', 'saas', 'system', 'security', 'training', 'technical', 'support', 'software', 'scrum', 'devops', 'cloud', 'css', 'ads', 'api', 'administrator', 'leader', 'management', 'lead', 'operations', 'operational', 'marketing', 'sales', 'health', 'digital nomad']",55000,85000,2020,SE,FT,260000,USD,260000,JP,0,JP,S
2025-05-02 16:00:10+00:00,StackAdapt,machine learning developer,Canada,"['salesforce', 'developer', 'design', 'saas', 'system', 'security', 'training', 'technical', 'support', 'software', 'scrum', 'devops', 'cloud', 'css', 'ads', 'api', 'administrator', 'leader', 'management', 'lead', 'operations', 'operational', 'marketing', 'sales', 'health', 'digital nomad']",55000,85000,2020,SE,FT,150000,USD,150000,US,50,US,L
2025-05-02 16:00:10+00:00,StackAdapt,machine learning developer,Canada,"['salesforce', 'developer', 'design', 'saas', 'system', 'security', 'training', 'technical', 'support', 'software', 'scrum', 'devops', 'cloud', 'css', 'ads', 'api', 'administrator', 'leader', 'management', 'lead', 'operations', 'operational', 'marketing', 'sales', 'health', 'digital nomad']",55000,85000,2020,MI,FT,299000,CNY,43331,CN,0,CN,M
2025-05-02 16:00:10+00:00,StackAdapt,machine learning developer,Canada,"['salesforce', 'developer', 'design', 'saas', 'system', 'security', 'training', 'technical', 'support', 'software', 'scrum', 'devops', 'cloud', 'css', 'ads', 'api', 'administrator', 'leader', 'management', 'lead', 'operations', 'operational', 'marketing', 'sales', 'health', 'digital nomad']",55000,85000,2020,SE,FT,157000,CAD,117104,CA,50,CA,L
2025-05-02 16:00:10+00:00,StackAdapt,machine learning developer,Canada,"['salesforce', 'developer', 'design', 'saas', 'system', 'security', 'training', 'technical', 'support', 'software', 'scrum', 'devops', 'cloud', 'css', 'ads', 'api', 'administrator', 'leader', 'management', 'lead', 'operations', 'operational', 'marketing', 'sales', 'health', 'digital nomad']",55000,85000,2020,EN,FT,250000,USD,250000,US,50,US,L
2025-05-02 16:00:10+00:00,StackAdapt,machine learning developer,Canada,"['salesforce', 'developer', 'design', 'saas', 'system', 'security', 'training', 'technical', 'support', 'software', 'scrum', 'devops', 'cloud', 'css', 'ads', 'api', 'administrator', 'leader', 'management', 'lead', 'operations', 'operational', 'marketing', 'sales', 'health', 'digital nomad']",55000,85000,2020,EN,FT,138000,USD,138000,US,100,US,S
2025-05-02 16:00:10+00:00,StackAdapt,machine learning developer,Canada,"['salesforce', 'developer', 'design', 'saas', 'system', 'security', 'training', 'technical', 'support', 'software', 'scrum', 'devops', 'cloud', 'css', 'ads', 'api', 'administrator', 'leader', 'management', 'lead', 'operations', 'operational', 'marketing', 'sales', 'health', 'digital nomad']",55000,85000,2020,MI,FT,44000,EUR,50180,PT,0,PT,M
2025-05-02 16:00:10+00:00,StackAdapt,machine learning developer,Canada,"['salesforce', 'developer', 'design', 'saas', 'system', 'security', 'training', 'technical', 'support', 'software', 'scrum', 'devops', 'cloud', 'css', 'ads', 'api', 'administrator', 'leader', 'management', 'lead', 'operations', 'operational', 'marketing', 'sales', 'health', 'digital nomad']",55000,85000,2020,SE,FT,40000,EUR,45618,HR,100,HR,S
2025-05-02 16:00:10+00:00,StackAdapt,machine learning developer,Canada,"['salesforce', 'developer', 'design', 'saas', 'system', 'security', 'training', 'technical', 'support', 'software', 'scrum', 'devops', 'cloud', 'css', 'ads', 'api', 'administrator', 'leader', 'management', 'lead', 'operations', 'operational', 'marketing', 'sales', 'health', 'digital nomad']",55000,85000,2021,MI,FT,40000,EUR,47282,ES,100,ES,S
2025-05-02 16:00:10+00:00,StackAdapt,machine learning developer,Canada,"['salesforce', 'developer', 'design', 'saas', 'system', 'security', 'training', 'technical', 'support', 'software', 'scrum', 'devops', 'cloud', 'css', 'ads', 'api', 'administrator', 'leader', 'management', 'lead', 'operations', 'operational', 'marketing', 'sales', 'health', 'digital nomad']",55000,85000,2021,SE,FT,80000,EUR,94564,DE,50,DE,L
2025-05-02 16:00:10+00:00,StackAdapt,machine learning developer,Canada,"['salesforce', 'developer', 'design', 'saas', 'system', 'security', 'training', 'technical', 'support', 'software', 'scrum', 'devops', 'cloud', 'css', 'ads', 'api', 'administrator', 'leader', 'management', 'lead', 'operations', 'operational', 'marketing', 'sales', 'health', 'digital nomad']",55000,85000,2021,EN,FT,225000,USD,225000,US,100,US,L
2025-05-02 16:00:10+00:00,StackAdapt,machine learning developer,Canada,"['salesforce', 'developer', 'design', 'saas', 'system', 'security', 'training', 'technical', 'support', 'software', 'scrum', 'devops', 'cloud', 'css', 'ads', 'api', 'administrator', 'leader', 'management', 'lead', 'operations', 'operational', 'marketing', 'sales', 'health', 'digital nomad']",55000,85000,2021,SE,FT,120000,USD,120000,US,50,US,S
2025-05-02 16:00:10+00:00,StackAdapt,machine learning developer,Canada,"['salesforce', 'developer', 'design', 'saas', 'system', 'security', 'training', 'technical', 'support', 'software', 'scrum', 'devops', 'cloud', 'css', 'ads', 'api', 'administrator', 'leader', 'management', 'lead', 'operations', 'operational', 'marketing', 'sales', 'health', 'digital nomad']",55000,85000,2021,EN,FT,20000,USD,20000,IN,100,IN,S
2025-05-02 16:00:10+00:00,StackAdapt,machine learning developer,Canada,"['salesforce', 'developer', 'design', 'saas', 'system', 'security', 'training', 'technical', 'support', 'software', 'scrum', 'devops', 'cloud', 'css', 'ads', 'api', 'administrator', 'leader', 'management', 'lead', 'operations', 'operational', 'marketing', 'sales', 'health', 'digital nomad']",55000,85000,2021,EN,FT,100000,USD,100000,IQ,50,IQ,S
2025-05-02 16:00:10+00:00,StackAdapt,machine learning developer,Canada,"['salesforce', 'developer', 'design', 'saas', 'system', 'security', 'training', 'technical', 'support', 'software', 'scrum', 'devops', 'cloud', 'css', 'ads', 'api', 'administrator', 'leader', 'management', 'lead', 'operations', 'operational', 'marketing', 'sales', 'health', 'digital nomad']",55000,85000,2021,MI,FT,38400,USD,38400,VN,100,US,M
2025-05-02 16:00:10+00:00,StackAdapt,machine learning developer,Canada,"['salesforce', 'developer', 'design', 'saas', 'system', 'security', 'training', 'technical', 'support', 'software', 'scrum', 'devops', 'cloud', 'css', 'ads', 'api', 'administrator', 'leader', 'management', 'lead', 'operations', 'operational', 'marketing', 'sales', 'health', 'digital nomad']",55000,85000,2021,SE,FT,70000,EUR,82744,BE,50,BE,M
2025-05-02 16:00:10+00:00,StackAdapt,machine learning developer,Canada,"['salesforce', 'developer', 'design', 'saas', 'system', 'security', 'training', 'technical', 'support', 'software', 'scrum', 'devops', 'cloud', 'css', 'ads', 'api', 'administrator', 'leader', 'management', 'lead', 'operations', 'operational', 'marketing', 'sales', 'health', 'digital nomad']",55000,85000,2021,MI,FT,423000,USD,423000,US,50,US,L
2025-05-02 16:00:10+00:00,StackAdapt,machine learning developer,Canada,"['salesforce', 'developer', 'design', 'saas', 'system', 'security', 'training', 'technical', 'support', 'software', 'scrum', 'devops', 'cloud', 'css', 'ads', 'api', 'administrator', 'leader', 'management', 'lead', 'operations', 'operational', 'marketing', 'sales', 'health', 'digital nomad']",55000,85000,2021,EN,FT,125000,USD,125000,US,100,US,S
2025-05-02 16:00:10+00:00,StackAdapt,machine learning developer,Canada,"['salesforce', 'developer', 'design', 'saas', 'system', 'security', 'training', 'technical', 'support', 'software', 'scrum', 'devops', 'cloud', 'css', 'ads', 'api', 'administrator', 'leader', 'management', 'lead', 'operations', 'operational', 'marketing', 'sales', 'health', 'digital nomad']",55000,85000,2021,EN,FT,81000,USD,81000,US,50,US,S
2025-05-02 16:00:10+00:00,StackAdapt,machine learning developer,Canada,"['salesforce', 'developer', 'design', 'saas', 'system', 'security', 'training', 'technical', 'support', 'software', 'scrum', 'devops', 'cloud', 'css', 'ads', 'api', 'administrator', 'leader', 'management', 'lead', 'operations', 'operational', 'marketing', 'sales', 'health', 'digital nomad']",55000,85000,2021,MI,FL,12000,USD,12000,PK,50,PK,M
2025-05-02 16:00:10+00:00,StackAdapt,machine learning developer,Canada,"['salesforce', 'developer', 'design', 'saas', 'system', 'security', 'training', 'technical', 'support', 'software', 'scrum', 'devops', 'cloud', 'css', 'ads', 'api', 'administrator', 'leader', 'management', 'lead', 'operations', 'operational', 'marketing', 'sales', 'health', 'digital nomad']",55000,85000,2021,MI,FT,74000,USD,74000,JP,50,JP,S
2025-05-02 16:00:10+00:00,StackAdapt,machine learning developer,Canada,"['salesforce', 'developer', 'design', 'saas', 'system', 'security', 'training', 'technical', 'support', 'software', 'scrum', 'devops', 'cloud', 'css', 'ads', 'api', 'administrator', 'leader', 'management', 'lead', 'operations', 'operational', 'marketing', 'sales', 'health', 'digital nomad']",55000,85000,2021,EN,FT,21844,USD,21844,CO,50,CO,M
2025-05-02 16:00:10+00:00,StackAdapt,machine learning developer,Canada,"['salesforce', 'developer', 'design', 'saas', 'system', 'security', 'training', 'technical', 'support', 'software', 'scrum', 'devops', 'cloud', 'css', 'ads', 'api', 'administrator', 'leader', 'management', 'lead', 'operations', 'operational', 'marketing', 'sales', 'health', 'digital nomad']",55000,85000,2021,SE,FT,1799997,INR,24342,IN,100,IN,L
2025-05-02 16:00:10+00:00,StackAdapt,machine learning developer,Canada,"['salesforce', 'developer', 'design', 'saas', 'system', 'security', 'training', 'technical', 'support', 'software', 'scrum', 'devops', 'cloud', 'css', 'ads', 'api', 'administrator', 'leader', 'management', 'lead', 'operations', 'operational', 'marketing', 'sales', 'health', 'digital nomad']",55000,85000,2021,SE,FT,195000,USD,195000,US,100,US,M
2025-05-02 16:00:10+00:00,StackAdapt,machine learning developer,Canada,"['salesforce', 'developer', 'design', 'saas', 'system', 'security', 'training', 'technical', 'support', 'software', 'scrum', 'devops', 'cloud', 'css', 'ads', 'api', 'administrator', 'leader', 'management', 'lead', 'operations', 'operational', 'marketing', 'sales', 'health', 'digital nomad']",55000,85000,2021,SE,FT,200000,USD,200000,US,100,US,L
2025-05-02 16:00:10+00:00,StackAdapt,machine learning developer,Canada,"['salesforce', 'developer', 'design', 'saas', 'system', 'security', 'training', 'technical', 'support', 'software', 'scrum', 'devops', 'cloud', 'css', 'ads', 'api', 'administrator', 'leader', 'management', 'lead', 'operations', 'operational', 'marketing', 'sales', 'health', 'digital nomad']",55000,85000,2021,MI,FT,21000,EUR,24823,SI,50,SI,L
2025-05-02 16:00:10+00:00,StackAdapt,machine learning developer,Canada,"['salesforce', 'developer', 'design', 'saas', 'system', 'security', 'training', 'technical', 'support', 'software', 'scrum', 'devops', 'cloud', 'css', 'ads', 'api', 'administrator', 'leader', 'management', 'lead', 'operations', 'operational', 'marketing', 'sales', 'health', 'digital nomad']",55000,85000,2021,EN,FT,21000,EUR,24823,DE,50,DE,M
2025-05-02 16:00:10+00:00,StackAdapt,machine learning developer,Canada,"['salesforce', 'developer', 'design', 'saas', 'system', 'security', 'training', 'technical', 'support', 'software', 'scrum', 'devops', 'cloud', 'css', 'ads', 'api', 'administrator', 'leader', 'management', 'lead', 'operations', 'operational', 'marketing', 'sales', 'health', 'digital nomad']",55000,85000,2021,MI,FT,75000,EUR,88654,BE,100,BE,M
2025-05-02 16:00:10+00:00,StackAdapt,machine learning developer,Canada,"['salesforce', 'developer', 'design', 'saas', 'system', 'security', 'training', 'technical', 'support', 'software', 'scrum', 'devops', 'cloud', 'css', 'ads', 'api', 'administrator', 'leader', 'management', 'lead', 'operations', 'operational', 'marketing', 'sales', 'health', 'digital nomad']",55000,85000,2021,MI,FT,180000,PLN,46597,PL,100,PL,L
2025-05-02 16:00:10+00:00,StackAdapt,machine learning developer,Canada,"['salesforce', 'developer', 'design', 'saas', 'system', 'security', 'training', 'technical', 'support', 'software', 'scrum', 'devops', 'cloud', 'css', 'ads', 'api', 'administrator', 'leader', 'management', 'lead', 'operations', 'operational', 'marketing', 'sales', 'health', 'digital nomad']",55000,85000,2021,SE,FT,225000,USD,225000,US,100,CA,L
2025-05-02 16:00:10+00:00,StackAdapt,machine learning developer,Canada,"['salesforce', 'developer', 'design', 'saas', 'system', 'security', 'training', 'technical', 'support', 'software', 'scrum', 'devops', 'cloud', 'css', 'ads', 'api', 'administrator', 'leader', 'management', 'lead', 'operations', 'operational', 'marketing', 'sales', 'health', 'digital nomad']",55000,85000,2021,SE,FT,185000,USD,185000,US,50,US,L
2025-05-02 16:00:10+00:00,StackAdapt,machine learning developer,Canada,"['salesforce', 'developer', 'design', 'saas', 'system', 'security', 'training', 'technical', 'support', 'software', 'scrum', 'devops', 'cloud', 'css', 'ads', 'api', 'administrator', 'leader', 'management', 'lead', 'operations', 'operational', 'marketing', 'sales', 'health', 'digital nomad']",55000,85000,2021,SE,FT,4900000,INR,66265,IN,0,IN,L
2025-05-02 16:00:10+00:00,StackAdapt,machine learning developer,Canada,"['salesforce', 'developer', 'design', 'saas', 'system', 'security', 'training', 'technical', 'support', 'software', 'scrum', 'devops', 'cloud', 'css', 'ads', 'api', 'administrator', 'leader', 'management', 'lead', 'operations', 'operational', 'marketing', 'sales', 'health', 'digital nomad']",55000,85000,2021,EN,FT,85000,USD,85000,NL,100,DE,S
2025-05-02 16:00:10+00:00,StackAdapt,machine learning developer,Canada,"['salesforce', 'developer', 'design', 'saas', 'system', 'security', 'training', 'technical', 'support', 'software', 'scrum', 'devops', 'cloud', 'css', 'ads', 'api', 'administrator', 'leader', 'management', 'lead', 'operations', 'operational', 'marketing', 'sales', 'health', 'digital nomad']",55000,85000,2021,MI,FT,43200,EUR,51064,IT,50,IT,L
2025-05-02 16:00:10+00:00,StackAdapt,machine learning developer,Canada,"['salesforce', 'developer', 'design', 'saas', 'system', 'security', 'training', 'technical', 'support', 'software', 'scrum', 'devops', 'cloud', 'css', 'ads', 'api', 'administrator', 'leader', 'management', 'lead', 'operations', 'operational', 'marketing', 'sales', 'health', 'digital nomad']",55000,85000,2022,SE,FT,189650,USD,189650,US,0,US,M
2025-05-02 16:00:10+00:00,StackAdapt,machine learning developer,Canada,"['salesforce', 'developer', 'design', 'saas', 'system', 'security', 'training', 'technical', 'support', 'software', 'scrum', 'devops', 'cloud', 'css', 'ads', 'api', 'administrator', 'leader', 'management', 'lead', 'operations', 'operational', 'marketing', 'sales', 'health', 'digital nomad']",55000,85000,2022,SE,FT,164996,USD,164996,US,0,US,M
2025-05-02 16:00:10+00:00,StackAdapt,machine learning developer,Canada,"['salesforce', 'developer', 'design', 'saas', 'system', 'security', 'training', 'technical', 'support', 'software', 'scrum', 'devops', 'cloud', 'css', 'ads', 'api', 'administrator', 'leader', 'management', 'lead', 'operations', 'operational', 'marketing', 'sales', 'health', 'digital nomad']",55000,85000,2022,EX,FT,6000000,INR,79039,IN,50,IN,L
2025-05-02 16:00:10+00:00,StackAdapt,machine learning developer,Canada,"['salesforce', 'developer', 'design', 'saas', 'system', 'security', 'training', 'technical', 'support', 'software', 'scrum', 'devops', 'cloud', 'css', 'ads', 'api', 'administrator', 'leader', 'management', 'lead', 'operations', 'operational', 'marketing', 'sales', 'health', 'digital nomad']",55000,85000,2022,EN,FT,28500,GBP,37300,GB,100,GB,L
2025-05-02 16:00:10+00:00,StackAdapt,machine learning developer,Canada,"['salesforce', 'developer', 'design', 'saas', 'system', 'security', 'training', 'technical', 'support', 'software', 'scrum', 'devops', 'cloud', 'css', 'ads', 'api', 'administrator', 'leader', 'management', 'lead', 'operations', 'operational', 'marketing', 'sales', 'health', 'digital nomad']",55000,85000,2022,MI,FT,95000,GBP,124333,GB,0,GB,M
2025-05-02 16:00:10+00:00,StackAdapt,machine learning developer,Canada,"['salesforce', 'developer', 'design', 'saas', 'system', 'security', 'training', 'technical', 'support', 'software', 'scrum', 'devops', 'cloud', 'css', 'ads', 'api', 'administrator', 'leader', 'management', 'lead', 'operations', 'operational', 'marketing', 'sales', 'health', 'digital nomad']",55000,85000,2022,MI,FT,75000,GBP,98158,GB,0,GB,M
2025-05-02 16:00:10+00:00,StackAdapt,machine learning developer,Canada,"['salesforce', 'developer', 'design', 'saas', 'system', 'security', 'training', 'technical', 'support', 'software', 'scrum', 'devops', 'cloud', 'css', 'ads', 'api', 'administrator', 'leader', 'management', 'lead', 'operations', 'operational', 'marketing', 'sales', 'health', 'digital nomad']",55000,85000,2022,MI,FT,80000,EUR,87932,FR,100,DE,M
2025-05-02 16:00:10+00:00,StackAdapt,machine learning developer,Canada,"['salesforce', 'developer', 'design', 'saas', 'system', 'security', 'training', 'technical', 'support', 'software', 'scrum', 'devops', 'cloud', 'css', 'ads', 'api', 'administrator', 'leader', 'management', 'lead', 'operations', 'operational', 'marketing', 'sales', 'health', 'digital nomad']",55000,85000,2022,MI,FT,160000,USD,160000,US,100,US,L
2025-05-02 16:00:10+00:00,StackAdapt,machine learning developer,Canada,"['salesforce', 'developer', 'design', 'saas', 'system', 'security', 'training', 'technical', 'support', 'software', 'scrum', 'devops', 'cloud', 'css', 'ads', 'api', 'administrator', 'leader', 'management', 'lead', 'operations', 'operational', 'marketing', 'sales', 'health', 'digital nomad']",55000,85000,2022,MI,FT,112300,USD,112300,US,100,US,L
2025-05-02 16:00:10+00:00,StackAdapt,machine learning developer,Canada,"['salesforce', 'developer', 'design', 'saas', 'system', 'security', 'training', 'technical', 'support', 'software', 'scrum', 'devops', 'cloud', 'css', 'ads', 'api', 'administrator', 'leader', 'management', 'lead', 'operations', 'operational', 'marketing', 'sales', 'health', 'digital nomad']",55000,85000,2022,SE,FT,189650,USD,189650,US,0,US,M
2025-05-02 16:00:10+00:00,StackAdapt,machine learning developer,Canada,"['salesforce', 'developer', 'design', 'saas', 'system', 'security', 'training', 'technical', 'support', 'software', 'scrum', 'devops', 'cloud', 'css', 'ads', 'api', 'administrator', 'leader', 'management', 'lead', 'operations', 'operational', 'marketing', 'sales', 'health', 'digital nomad']",55000,85000,2022,SE,FT,164996,USD,164996,US,0,US,M
2025-05-02 16:00:10+00:00,StackAdapt,machine learning developer,Canada,"['salesforce', 'developer', 'design', 'saas', 'system', 'security', 'training', 'technical', 'support', 'software', 'scrum', 'devops', 'cloud', 'css', 'ads', 'api', 'administrator', 'leader', 'management', 'lead', 'operations', 'operational', 'marketing', 'sales', 'health', 'digital nomad']",55000,85000,2022,MI,FT,100000,CAD,78791,CA,100,CA,M
2025-05-02 16:00:10+00:00,StackAdapt,machine learning developer,Canada,"['salesforce', 'developer', 'design', 'saas', 'system', 'security', 'training', 'technical', 'support', 'software', 'scrum', 'devops', 'cloud', 'css', 'ads', 'api', 'administrator', 'leader', 'management', 'lead', 'operations', 'operational', 'marketing', 'sales', 'health', 'digital nomad']",55000,85000,2022,MI,FT,120000,USD,120000,US,100,US,S
2025-05-02 16:00:10+00:00,StackAdapt,machine learning developer,Canada,"['salesforce', 'developer', 'design', 'saas', 'system', 'security', 'training', 'technical', 'support', 'software', 'scrum', 'devops', 'cloud', 'css', 'ads', 'api', 'administrator', 'leader', 'management', 'lead', 'operations', 'operational', 'marketing', 'sales', 'health', 'digital nomad']",55000,85000,2022,SE,FT,80000,EUR,87932,DE,0,DE,M
2025-05-02 16:00:10+00:00,StackAdapt,machine learning developer,Canada,"['salesforce', 'developer', 'design', 'saas', 'system', 'security', 'training', 'technical', 'support', 'software', 'scrum', 'devops', 'cloud', 'css', 'ads', 'api', 'administrator', 'leader', 'management', 'lead', 'operations', 'operational', 'marketing', 'sales', 'health', 'digital nomad']",55000,85000,2022,MI,FT,53000,EUR,58255,PT,50,PT,L
2025-05-02 16:00:10+00:00,StackAdapt,machine learning developer,Canada,"['salesforce', 'developer', 'design', 'saas', 'system', 'security', 'training', 'technical', 'support', 'software', 'scrum', 'devops', 'cloud', 'css', 'ads', 'api', 'administrator', 'leader', 'management', 'lead', 'operations', 'operational', 'marketing', 'sales', 'health', 'digital nomad']",55000,85000,2022,SE,FT,220000,USD,220000,US,100,US,M
2025-05-02 16:00:10+00:00,StackAdapt,machine learning developer,Canada,"['salesforce', 'developer', 'design', 'saas', 'system', 'security', 'training', 'technical', 'support', 'software', 'scrum', 'devops', 'cloud', 'css', 'ads', 'api', 'administrator', 'leader', 'management', 'lead', 'operations', 'operational', 'marketing', 'sales', 'health', 'digital nomad']",55000,85000,2022,SE,FT,120000,USD,120000,AE,100,AE,S
2025-05-02 16:00:10+00:00,StackAdapt,machine learning developer,Canada,"['salesforce', 'developer', 'design', 'saas', 'system', 'security', 'training', 'technical', 'support', 'software', 'scrum', 'devops', 'cloud', 'css', 'ads', 'api', 'administrator', 'leader', 'management', 'lead', 'operations', 'operational', 'marketing', 'sales', 'health', 'digital nomad']",55000,85000,2022,SE,FT,65000,USD,65000,AE,100,AE,S
2025-05-02 16:00:10+00:00,StackAdapt,machine learning developer,Canada,"['salesforce', 'developer', 'design', 'saas', 'system', 'security', 'training', 'technical', 'support', 'software', 'scrum', 'devops', 'cloud', 'css', 'ads', 'api', 'administrator', 'leader', 'management', 'lead', 'operations', 'operational', 'marketing', 'sales', 'health', 'digital nomad']",55000,85000,2022,SE,FT,120000,USD,120000,US,100,US,M
2025-05-02 16:00:10+00:00,StackAdapt,machine learning developer,Canada,"['salesforce', 'developer', 'design', 'saas', 'system', 'security', 'training', 'technical', 'support', 'software', 'scrum', 'devops', 'cloud', 'css', 'ads', 'api', 'administrator', 'leader', 'management', 'lead', 'operations', 'operational', 'marketing', 'sales', 'health', 'digital nomad']",55000,85000,2022,EN,CT,29000,EUR,31875,TN,100,CZ,M
2025-05-02 16:00:10+00:00,StackAdapt,machine learning developer,Canada,"['salesforce', 'developer', 'design', 'saas', 'system', 'security', 'training', 'technical', 'support', 'software', 'scrum', 'devops', 'cloud', 'css', 'ads', 'api', 'administrator', 'leader', 'management', 'lead', 'operations', 'operational', 'marketing', 'sales', 'health', 'digital nomad']",55000,85000,2022,SE,FT,100000,CAD,78791,CA,100,CA,M
2025-05-02 16:00:10+00:00,StackAdapt,machine learning developer,Canada,"['salesforce', 'developer', 'design', 'saas', 'system', 'security', 'training', 'technical', 'support', 'software', 'scrum', 'devops', 'cloud', 'css', 'ads', 'api', 'administrator', 'leader', 'management', 'lead', 'operations', 'operational', 'marketing', 'sales', 'health', 'digital nomad']",55000,85000,2022,MI,FT,153000,USD,153000,US,50,US,M
2025-05-02 16:00:10+00:00,StackAdapt,machine learning developer,Canada,"['salesforce', 'developer', 'design', 'saas', 'system', 'security', 'training', 'technical', 'support', 'software', 'scrum', 'devops', 'cloud', 'css', 'ads', 'api', 'administrator', 'leader', 'management', 'lead', 'operations', 'operational', 'marketing', 'sales', 'health', 'digital nomad']",55000,85000,2022,SE,FT,57000,EUR,62651,NL,100,NL,L
2025-05-02 16:00:10+00:00,StackAdapt,machine learning developer,Canada,"['salesforce', 'developer', 'design', 'saas', 'system', 'security', 'training', 'technical', 'support', 'software', 'scrum', 'devops', 'cloud', 'css', 'ads', 'api', 'administrator', 'leader', 'management', 'lead', 'operations', 'operational', 'marketing', 'sales', 'health', 'digital nomad']",55000,85000,2022,MI,FT,121000,AUD,87425,AU,100,AU,L
2025-05-02 16:00:10+00:00,StackAdapt,machine learning developer,Canada,"['salesforce', 'developer', 'design', 'saas', 'system', 'security', 'training', 'technical', 'support', 'software', 'scrum', 'devops', 'cloud', 'css', 'ads', 'api', 'administrator', 'leader', 'management', 'lead', 'operations', 'operational', 'marketing', 'sales', 'health', 'digital nomad']",55000,85000,2022,MI,FT,75000,USD,75000,BO,100,US,L
2025-05-02 16:00:10+00:00,StackAdapt,machine learning developer,Canada,"['salesforce', 'developer', 'design', 'saas', 'system', 'security', 'training', 'technical', 'support', 'software', 'scrum', 'devops', 'cloud', 'css', 'ads', 'api', 'administrator', 'leader', 'management', 'lead', 'operations', 'operational', 'marketing', 'sales', 'health', 'digital nomad']",55000,85000,2022,SE,FT,65000,EUR,71444,IE,100,IE,S
2025-05-02 16:00:10+00:00,StackAdapt,machine learning developer,Canada,"['salesforce', 'developer', 'design', 'saas', 'system', 'security', 'training', 'technical', 'support', 'software', 'scrum', 'devops', 'cloud', 'css', 'ads', 'api', 'administrator', 'leader', 'management', 'lead', 'operations', 'operational', 'marketing', 'sales', 'health', 'digital nomad']",55000,85000,2022,SE,FT,214000,USD,214000,US,100,US,M
2025-05-02 16:00:10+00:00,StackAdapt,machine learning developer,Canada,"['salesforce', 'developer', 'design', 'saas', 'system', 'security', 'training', 'technical', 'support', 'software', 'scrum', 'devops', 'cloud', 'css', 'ads', 'api', 'administrator', 'leader', 'management', 'lead', 'operations', 'operational', 'marketing', 'sales', 'health', 'digital nomad']",55000,85000,2022,SE,FT,192600,USD,192600,US,100,US,M
2025-04-29 10:36:20+00:00,Kodify Media Group,data engineer,,['quality assurance'],60000,70000,2020,SE,FT,85000,GBP,109024,GB,50,GB,M
2025-04-29 10:36:20+00:00,Kodify Media Group,data engineer,,['quality assurance'],60000,70000,2020,SE,FT,125000,USD,125000,NZ,50,NZ,S
2025-04-29 10:36:20+00:00,Kodify Media Group,data engineer,,['quality assurance'],60000,70000,2020,EN,FT,4450000,JPY,41689,JP,100,JP,S
2025-04-29 10:36:20+00:00,Kodify Media Group,data engineer,,['quality assurance'],60000,70000,2020,SE,FT,100000,EUR,114047,PL,100,GB,S
2025-04-29 10:36:20+00:00,Kodify Media Group,data engineer,,['quality assurance'],60000,70000,2020,MI,FT,56000,USD,56000,PT,100,US,M
2025-04-29 10:36:20+00:00,Kodify Media Group,data engineer,,['quality assurance'],60000,70000,2020,SE,FT,42000,EUR,47899,GR,50,GR,L
2025-04-29 10:36:20+00:00,Kodify Media Group,data engineer,,['quality assurance'],60000,70000,2020,SE,FT,720000,MXN,33511,MX,0,MX,S
2025-04-29 10:36:20+00:00,Kodify Media Group,data engineer,,['quality assurance'],60000,70000,2020,MI,FT,51999,EUR,59303,DE,100,DE,S
2025-04-29 10:36:20+00:00,Kodify Media Group,data engineer,,['quality assurance'],60000,70000,2020,EN,FT,70000,USD,70000,US,100,US,L
2025-04-29 10:36:20+00:00,Kodify Media Group,data engineer,,['quality assurance'],60000,70000,2020,MI,FT,65000,EUR,74130,AT,50,AT,L
2025-04-29 10:36:20+00:00,Kodify Media Group,data engineer,,['quality assurance'],60000,70000,2020,EX,FT,70000,EUR,79833,ES,50,ES,L
2025-04-29 10:36:20+00:00,Kodify Media Group,data engineer,,['quality assurance'],60000,70000,2020,MI,FT,106000,USD,106000,US,100,US,L
2025-04-29 10:36:20+00:00,Kodify Media Group,data engineer,,['quality assurance'],60000,70000,2020,MI,FT,88000,GBP,112872,GB,50,GB,L
2025-04-29 10:36:20+00:00,Kodify Media Group,data engineer,,['quality assurance'],60000,70000,2020,EN,PT,14000,EUR,15966,DE,100,DE,S
2025-04-29 10:36:20+00:00,Kodify Media Group,data engineer,,['quality assurance'],60000,70000,2020,SE,FT,188000,USD,188000,US,100,US,L
2025-04-29 10:36:20+00:00,Kodify Media Group,data engineer,,['quality assurance'],60000,70000,2020,MI,FT,61500,EUR,70139,FR,50,FR,L
2025-04-29 10:36:20+00:00,Kodify Media Group,data engineer,,['quality assurance'],60000,70000,2020,EN,FT,48000,EUR,54742,PK,100,DE,L
2025-04-29 10:36:20+00:00,Kodify Media Group,data engineer,,['quality assurance'],60000,70000,2020,SE,FL,60000,USD,60000,RU,100,US,S
2025-04-29 10:36:20+00:00,Kodify Media Group,data engineer,,['quality assurance'],60000,70000,2020,MI,FT,110000,USD,110000,US,100,US,L
2025-04-29 10:36:20+00:00,Kodify Media Group,data engineer,,['quality assurance'],60000,70000,2020,MI,FT,130800,USD,130800,ES,100,US,M
2025-04-29 10:36:20+00:00,Kodify Media Group,data engineer,,['quality assurance'],60000,70000,2021,MI,CT,270000,USD,270000,US,100,US,L
2025-04-29 10:36:20+00:00,Kodify Media Group,data engineer,,['quality assurance'],60000,70000,2021,MI,FT,140000,USD,140000,US,100,US,L
2025-04-29 10:36:20+00:00,Kodify Media Group,data engineer,,['quality assurance'],60000,70000,2021,MI,FT,110000,PLN,28476,PL,100,PL,L
2025-04-29 10:36:20+00:00,Kodify Media Group,data engineer,,['quality assurance'],60000,70000,2021,SE,FT,276000,USD,276000,US,0,US,L
2025-04-29 10:36:20+00:00,Kodify Media Group,data engineer,,['quality assurance'],60000,70000,2021,MI,FT,120000,SGD,89294,SG,50,SG,L
2025-04-29 10:36:20+00:00,Kodify Media Group,data engineer,,['quality assurance'],60000,70000,2021,EN,FT,70000,USD,70000,US,100,US,M
2025-04-29 10:36:20+00:00,Kodify Media Group,data engineer,,['quality assurance'],60000,70000,2021,MI,FT,81000,EUR,95746,DE,100,US,S
2025-04-29 10:36:20+00:00,Kodify Media Group,data engineer,,['quality assurance'],60000,70000,2021,SE,FT,150000,USD,150000,US,100,US,L
2025-04-29 10:36:20+00:00,Kodify Media Group,data engineer,,['quality assurance'],60000,70000,2021,SE,FT,115000,USD,115000,US,100,US,S
2025-04-29 10:36:20+00:00,Kodify Media Group,data engineer,,['quality assurance'],60000,70000,2021,SE,FT,150000,USD,150000,US,100,US,M
2025-04-29 10:36:20+00:00,Kodify Media Group,data engineer,,['quality assurance'],60000,70000,2021,EN,FT,2250000,INR,30428,IN,100,IN,L
2025-04-29 10:36:20+00:00,Kodify Media Group,data engineer,,['quality assurance'],60000,70000,2021,SE,FT,82500,GBP,113476,GB,100,GB,M
2025-04-29 10:36:20+00:00,Kodify Media Group,data engineer,,['quality assurance'],60000,70000,2021,SE,FT,75000,GBP,103160,GB,100,GB,S
2025-04-29 10:36:20+00:00,Kodify Media Group,data engineer,,['quality assurance'],60000,70000,2021,MI,FT,38400,EUR,45391,NL,100,NL,L
2025-04-29 10:36:20+00:00,Kodify Media Group,data engineer,,['quality assurance'],60000,70000,2021,MI,FT,34000,EUR,40189,GR,100,GR,M
2025-04-29 10:36:20+00:00,Kodify Media Group,data engineer,,['quality assurance'],60000,70000,2021,MI,FT,200000,USD,200000,US,100,US,L
2025-04-29 10:36:20+00:00,Kodify Media Group,data engineer,,['quality assurance'],60000,70000,2021,MI,FT,60000,USD,60000,ES,50,RO,M
2025-04-29 10:36:20+00:00,Kodify Media Group,data engineer,,['quality assurance'],60000,70000,2021,SE,FT,200000,USD,200000,US,100,US,M
2025-04-29 10:36:20+00:00,Kodify Media Group,data engineer,,['quality assurance'],60000,70000,2021,SE,FT,24000,USD,24000,BR,100,BR,M
2025-04-29 10:36:20+00:00,Kodify Media Group,data engineer,,['quality assurance'],60000,70000,2021,MI,FT,7000000,JPY,63711,JP,50,JP,S
2025-04-29 10:36:20+00:00,Kodify Media Group,data engineer,,['quality assurance'],60000,70000,2021,MI,FT,8500000,JPY,77364,JP,50,JP,S
2025-04-29 10:36:20+00:00,Kodify Media Group,data engineer,,['quality assurance'],60000,70000,2021,SE,FT,150000,USD,150000,US,0,US,L
2025-04-29 10:36:20+00:00,Kodify Media Group,data engineer,,['quality assurance'],60000,70000,2021,MI,FT,100000,USD,100000,US,100,US,L
2025-04-29 10:36:20+00:00,Kodify Media Group,data engineer,,['quality assurance'],60000,70000,2021,MI,FT,90000,USD,90000,US,100,US,L
2025-04-29 10:36:20+00:00,Kodify Media Group,data engineer,,['quality assurance'],60000,70000,2021,SE,FT,153000,USD,153000,US,100,US,L
2025-04-29 10:36:20+00:00,Kodify Media Group,data engineer,,['quality assurance'],60000,70000,2021,SE,FT,160000,USD,160000,BR,100,US,S
2025-04-29 10:36:20+00:00,Kodify Media Group,data engineer,,['quality assurance'],60000,70000,2021,SE,FT,159500,CAD,127221,CA,50,CA,L
2025-04-29 10:36:20+00:00,Kodify Media Group,data engineer,,['quality assurance'],60000,70000,2021,MI,FT,24000,EUR,28369,MT,50,MT,L
2025-04-29 10:36:20+00:00,Kodify Media Group,data engineer,,['quality assurance'],60000,70000,2021,EN,FT,80000,USD,80000,US,100,US,L
2025-04-29 10:36:20+00:00,Kodify Media Group,data engineer,,['quality assurance'],60000,70000,2021,MI,FT,150000,USD,150000,US,100,US,L
2025-04-29 10:36:20+00:00,Kodify Media Group,data engineer,,['quality assurance'],60000,70000,2021,MI,FT,170000,USD,170000,US,100,US,L
2025-04-29 10:36:20+00:00,Kodify Media Group,data engineer,,['quality assurance'],60000,70000,2021,MI,FT,60000,GBP,82528,GB,100,GB,L
2025-04-29 10:36:20+00:00,Kodify Media Group,data engineer,,['quality assurance'],60000,70000,2021,SE,FT,174000,USD,174000,US,100,US,L
2025-04-29 10:36:20+00:00,Kodify Media Group,data engineer,,['quality assurance'],60000,70000,2021,MI,FT,1672000,INR,22611,IN,0,IN,L
2025-04-29 10:36:20+00:00,Kodify Media Group,data engineer,,['quality assurance'],60000,70000,2021,MI,FT,22000,EUR,26005,RO,0,US,L
2025-04-29 10:36:20+00:00,Kodify Media Group,data engineer,,['quality assurance'],60000,70000,2021,MI,FT,4000,USD,4000,IR,100,IR,M
2025-04-29 10:36:20+00:00,Kodify Media Group,data engineer,,['quality assurance'],60000,70000,2021,SE,FT,65000,EUR,76833,RO,50,GB,S
2025-04-29 10:36:20+00:00,Kodify Media Group,data engineer,,['quality assurance'],60000,70000,2021,MI,FT,18000,USD,18000,MD,0,MD,S
2025-04-29 10:36:20+00:00,Kodify Media Group,data engineer,,['quality assurance'],60000,70000,2021,SE,FT,165000,USD,165000,US,0,US,M
2025-04-29 10:36:20+00:00,Kodify Media Group,data engineer,,['quality assurance'],60000,70000,2021,MI,FL,20000,USD,20000,IT,0,US,L
2025-04-29 10:36:20+00:00,Kodify Media Group,data engineer,,['quality assurance'],60000,70000,2021,MI,FT,48000,GBP,66022,HK,50,GB,S
2025-04-29 10:36:20+00:00,Kodify Media Group,data engineer,,['quality assurance'],60000,70000,2021,EN,FT,435000,INR,5882,IN,0,CH,L
2025-04-29 10:36:20+00:00,Kodify Media Group,data engineer,,['quality assurance'],60000,70000,2021,SE,FT,185000,USD,185000,US,100,US,L
2025-04-29 10:36:20+00:00,Kodify Media Group,data engineer,,['quality assurance'],60000,70000,2021,EN,PT,180000,DKK,28609,DK,50,DK,S
2025-04-29 10:36:20+00:00,Kodify Media Group,data engineer,,['quality assurance'],60000,70000,2021,EN,FT,1200000,INR,16228,IN,100,IN,L
2025-04-29 10:36:20+00:00,Kodify Media Group,data engineer,,['quality assurance'],60000,70000,2021,SE,FT,256000,USD,256000,US,100,US,S
2025-04-29 10:36:20+00:00,Kodify Media Group,data engineer,,['quality assurance'],60000,70000,2021,SE,FT,200000,USD,200000,US,100,US,L
2025-04-29 10:36:20+00:00,Kodify Media Group,data engineer,,['quality assurance'],60000,70000,2021,MI,FT,180000,USD,180000,US,100,US,L
2025-04-29 10:36:20+00:00,Kodify Media Group,data engineer,,['quality assurance'],60000,70000,2021,EN,FT,1600000,INR,21637,IN,50,IN,M
2025-04-29 10:36:20+00:00,Kodify Media Group,data engineer,,['quality assurance'],60000,70000,2021,MI,FT,110000,USD,110000,US,100,US,L
2025-04-29 10:36:20+00:00,Kodify Media Group,data engineer,,['quality assurance'],60000,70000,2021,MI,FT,52500,GBP,72212,GB,50,GB,L
2025-04-29 10:36:20+00:00,Kodify Media Group,data engineer,,['quality assurance'],60000,70000,2021,MI,FT,108000,TRY,12103,TR,0,TR,M
2025-04-29 10:36:20+00:00,Kodify Media Group,data engineer,,['quality assurance'],60000,70000,2021,SE,FT,70000,GBP,96282,GB,50,GB,L
2025-04-29 10:36:20+00:00,Kodify Media Group,data engineer,,['quality assurance'],60000,70000,2021,EX,FT,600000,USD,600000,US,100,US,L
2025-04-29 10:36:20+00:00,Kodify Media Group,data engineer,,['quality assurance'],60000,70000,2021,SE,FT,125000,CAD,99703,CA,50,CA,M
2025-04-29 10:36:20+00:00,Kodify Media Group,data engineer,,['quality assurance'],60000,70000,2021,MI,FT,200000,USD,200000,US,100,US,L
2025-04-29 10:36:20+00:00,Kodify Media Group,data engineer,,['quality assurance'],60000,70000,2021,SE,FT,160000,USD,160000,PR,50,US,S
2025-04-29 10:36:20+00:00,Kodify Media Group,data engineer,,['quality assurance'],60000,70000,2021,MI,FT,93150,USD,93150,US,0,US,M
2025-04-29 10:36:20+00:00,Kodify Media Group,data engineer,,['quality assurance'],60000,70000,2021,MI,FT,111775,USD,111775,US,0,US,M
2025-04-29 10:36:20+00:00,Kodify Media Group,data engineer,,['quality assurance'],60000,70000,2021,MI,FT,250000,TRY,28016,TR,100,TR,M
2025-04-29 10:36:20+00:00,Kodify Media Group,data engineer,,['quality assurance'],60000,70000,2021,EN,FT,55000,EUR,65013,DE,50,DE,M
2025-04-29 10:36:20+00:00,Kodify Media Group,data engineer,,['quality assurance'],60000,70000,2021,EN,FT,72500,USD,72500,US,100,US,L
2025-04-29 10:36:20+00:00,Kodify Media Group,data engineer,,['quality assurance'],60000,70000,2021,SE,FT,102000,BRL,18907,BR,0,BR,M
2025-04-29 10:36:20+00:00,Kodify Media Group,data engineer,,['quality assurance'],60000,70000,2021,MI,FT,112000,USD,112000,US,100,US,L
2025-04-29 10:36:20+00:00,Kodify Media Group,data engineer,,['quality assurance'],60000,70000,2021,MI,PT,59000,EUR,69741,NL,100,NL,L
2025-04-29 10:36:20+00:00,Kodify Media Group,data engineer,,['quality assurance'],60000,70000,2022,SE,FT,135000,USD,135000,US,100,US,M
2025-04-29 10:36:20+00:00,Kodify Media Group,data engineer,,['quality assurance'],60000,70000,2022,MI,FT,170000,USD,170000,US,100,US,M
2025-04-29 10:36:20+00:00,Kodify Media Group,data engineer,,['quality assurance'],60000,70000,2022,MI,FT,150000,USD,150000,US,100,US,M
2025-04-29 10:36:20+00:00,Kodify Media Group,data engineer,,['quality assurance'],60000,70000,2022,EN,FT,40000,GBP,52351,GB,100,GB,M
2025-04-29 10:36:20+00:00,Kodify Media Group,data engineer,,['quality assurance'],60000,70000,2022,EX,FT,242000,USD,242000,US,100,US,M
2025-04-29 10:36:20+00:00,Kodify Media Group,data engineer,,['quality assurance'],60000,70000,2022,EX,FT,200000,USD,200000,US,100,US,M
2025-04-29 10:36:20+00:00,Kodify Media Group,data engineer,,['quality assurance'],60000,70000,2022,MI,FT,60000,GBP,78526,GB,0,GB,M
2025-04-29 10:36:20+00:00,Kodify Media Group,data engineer,,['quality assurance'],60000,70000,2022,MI,FT,40000,GBP,52351,GB,0,GB,M
2025-04-29 10:36:20+00:00,Kodify Media Group,data engineer,,['quality assurance'],60000,70000,2022,EN,FT,35000,GBP,45807,GB,100,GB,M
2025-04-29 10:36:20+00:00,Kodify Media Group,data engineer,,['quality assurance'],60000,70000,2022,SE,FT,181940,USD,181940,US,0,US,M
2025-04-29 10:36:20+00:00,Kodify Media Group,data engineer,,['quality assurance'],60000,70000,2022,SE,FT,132320,USD,132320,US,0,US,M
2025-04-29 10:36:20+00:00,Kodify Media Group,data engineer,,['quality assurance'],60000,70000,2022,SE,FT,220110,USD,220110,US,0,US,M
2025-04-29 10:36:20+00:00,Kodify Media Group,data engineer,,['quality assurance'],60000,70000,2022,SE,FT,160080,USD,160080,US,0,US,M
2025-04-29 10:36:20+00:00,Kodify Media Group,data engineer,,['quality assurance'],60000,70000,2022,SE,FT,165400,USD,165400,US,100,US,M
2025-04-29 10:36:20+00:00,Kodify Media Group,data engineer,,['quality assurance'],60000,70000,2022,SE,FT,132320,USD,132320,US,100,US,M
2025-04-29 10:36:20+00:00,Kodify Media Group,data engineer,,['quality assurance'],60000,70000,2022,SE,FT,243900,USD,243900,US,100,US,M
2025-04-29 10:36:20+00:00,Kodify Media Group,data engineer,,['quality assurance'],60000,70000,2022,SE,FT,128875,USD,128875,US,100,US,M
2025-04-29 10:36:20+00:00,Kodify Media Group,data engineer,,['quality assurance'],60000,70000,2022,SE,FT,93700,USD,93700,US,100,US,M
2025-04-29 10:36:20+00:00,Kodify Media Group,data engineer,,['quality assurance'],60000,70000,2022,SE,FT,156600,USD,156600,US,100,US,M
2025-04-29 10:36:20+00:00,Kodify Media Group,data engineer,,['quality assurance'],60000,70000,2022,SE,FT,108800,USD,108800,US,0,US,M
2025-04-29 10:36:20+00:00,Kodify Media Group,data engineer,,['quality assurance'],60000,70000,2022,SE,FT,113000,USD,113000,US,0,US,L
2025-04-29 10:36:20+00:00,Kodify Media Group,data engineer,,['quality assurance'],60000,70000,2022,SE,FT,60000,GBP,78526,GB,0,GB,M
2025-04-29 10:36:20+00:00,Kodify Media Group,data engineer,,['quality assurance'],60000,70000,2022,SE,FT,50000,GBP,65438,GB,0,GB,M
2025-04-29 10:36:20+00:00,Kodify Media Group,data engineer,,['quality assurance'],60000,70000,2022,SE,FT,192400,USD,192400,CA,100,CA,M
2025-04-29 10:36:20+00:00,Kodify Media Group,data engineer,,['quality assurance'],60000,70000,2022,SE,FT,90700,USD,90700,CA,100,CA,M
2025-04-29 10:36:20+00:00,Kodify Media Group,data engineer,,['quality assurance'],60000,70000,2022,SE,FT,160000,USD,160000,US,0,US,L
2025-04-29 10:36:20+00:00,Kodify Media Group,data engineer,,['quality assurance'],60000,70000,2022,SE,FT,136000,USD,136000,US,0,US,M
2025-04-29 10:36:20+00:00,Kodify Media Group,data engineer,,['quality assurance'],60000,70000,2022,MI,FT,50000,EUR,54957,GR,0,GR,M
2025-04-29 10:36:20+00:00,Kodify Media Group,data engineer,,['quality assurance'],60000,70000,2022,MI,FT,50000,EUR,54957,GR,0,GR,M
2025-04-29 10:36:20+00:00,Kodify Media Group,data engineer,,['quality assurance'],60000,70000,2022,EX,FT,150000,CAD,118187,CA,100,CA,S
2025-04-29 10:36:20+00:00,Kodify Media Group,data engineer,,['quality assurance'],60000,70000,2022,SE,FT,165400,USD,165400,US,100,US,M
2025-04-29 10:36:20+00:00,Kodify Media Group,data engineer,,['quality assurance'],60000,70000,2022,SE,FT,208775,USD,208775,US,100,US,M
2025-04-29 10:36:20+00:00,Kodify Media Group,data engineer,,['quality assurance'],60000,70000,2022,SE,FT,147800,USD,147800,US,100,US,M
2025-04-29 10:36:20+00:00,Kodify Media Group,data engineer,,['quality assurance'],60000,70000,2022,SE,FT,136994,USD,136994,US,100,US,M
2025-04-29 10:36:20+00:00,Kodify Media Group,data engineer,,['quality assurance'],60000,70000,2022,SE,FT,101570,USD,101570,US,100,US,M
2025-04-29 10:36:20+00:00,Kodify Media Group,data engineer,,['quality assurance'],60000,70000,2022,SE,FT,132320,USD,132320,US,100,US,M
2025-04-29 10:36:20+00:00,Kodify Media Group,data engineer,,['quality assurance'],60000,70000,2022,SE,FT,155000,USD,155000,US,100,US,M
2025-04-29 10:36:20+00:00,Kodify Media Group,data engineer,,['quality assurance'],60000,70000,2022,MI,FT,90000,GBP,117789,GB,0,GB,M
2025-04-29 10:36:20+00:00,Kodify Media Group,data engineer,,['quality assurance'],60000,70000,2022,SE,FT,209100,USD,209100,US,100,US,L
2025-04-29 10:36:20+00:00,Kodify Media Group,data engineer,,['quality assurance'],60000,70000,2022,SE,FT,154600,USD,154600,US,100,US,L
2025-04-29 10:36:20+00:00,Kodify Media Group,data engineer,,['quality assurance'],60000,70000,2022,SE,FT,175000,USD,175000,US,100,US,M
2025-04-29 10:36:20+00:00,Kodify Media Group,data engineer,,['quality assurance'],60000,70000,2022,MI,FT,75000,GBP,98158,GB,0,GB,M
2025-04-29 10:36:20+00:00,Kodify Media Group,data engineer,,['quality assurance'],60000,70000,2022,SE,FT,183600,USD,183600,US,100,US,L
2025-04-29 10:36:20+00:00,Kodify Media Group,data engineer,,['quality assurance'],60000,70000,2022,MI,FT,60000,EUR,65949,GR,100,GR,M
2025-04-29 10:36:20+00:00,Kodify Media Group,data engineer,,['quality assurance'],60000,70000,2022,MI,FT,45000,EUR,49461,GR,100,GR,M
2025-04-29 10:36:20+00:00,Kodify Media Group,data engineer,,['quality assurance'],60000,70000,2022,MI,FT,60000,GBP,78526,GB,100,GB,M
2025-04-29 10:36:20+00:00,Kodify Media Group,data engineer,,['quality assurance'],60000,70000,2022,MI,FT,45000,GBP,58894,GB,100,GB,M
2025-04-29 10:36:20+00:00,Kodify Media Group,data engineer,,['quality assurance'],60000,70000,2022,SE,FT,60000,USD,60000,AR,100,MX,L
2025-04-29 10:36:20+00:00,Kodify Media Group,data engineer,,['quality assurance'],60000,70000,2022,MI,FT,63900,USD,63900,US,0,US,M
2025-04-29 10:36:20+00:00,Kodify Media Group,data engineer,,['quality assurance'],60000,70000,2022,MI,FT,82900,USD,82900,US,0,US,M
2025-04-29 10:36:20+00:00,Kodify Media Group,data engineer,,['quality assurance'],60000,70000,2022,SE,FT,100800,USD,100800,US,100,US,L
2025-04-29 10:36:20+00:00,Kodify Media Group,data engineer,,['quality assurance'],60000,70000,2022,MI,FT,45000,EUR,49461,ES,100,ES,M
2025-04-29 10:36:20+00:00,Kodify Media Group,data engineer,,['quality assurance'],60000,70000,2022,MI,FT,80000,EUR,87932,ES,100,ES,M
2025-04-29 10:36:20+00:00,Kodify Media Group,data engineer,,['quality assurance'],60000,70000,2022,MI,FT,70000,EUR,76940,ES,100,ES,M
2025-04-29 10:36:20+00:00,Kodify Media Group,data engineer,,['quality assurance'],60000,70000,2022,MI,FT,80000,GBP,104702,GB,100,GB,M
2025-04-29 10:36:20+00:00,Kodify Media Group,data engineer,,['quality assurance'],60000,70000,2022,MI,FT,70000,GBP,91614,GB,100,GB,M
2025-04-29 10:36:20+00:00,Kodify Media Group,data engineer,,['quality assurance'],60000,70000,2022,MI,FT,60000,EUR,65949,ES,100,ES,M
2025-04-29 10:36:20+00:00,Kodify Media Group,data engineer,,['quality assurance'],60000,70000,2022,MI,FT,80000,EUR,87932,GR,100,GR,M
2025-04-29 10:36:20+00:00,Kodify Media Group,data engineer,,['quality assurance'],60000,70000,2022,MI,FT,75000,GBP,98158,GB,100,GB,M
2025-04-29 10:36:20+00:00,Kodify Media Group,data engineer,,['quality assurance'],60000,70000,2022,MI,FT,60000,GBP,78526,GB,100,GB,M
2025-04-29 10:36:20+00:00,Kodify Media Group,data engineer,,['quality assurance'],60000,70000,2022,MI,FT,70000,EUR,76940,GR,100,GR,M
2025-04-29 10:36:20+00:00,Kodify Media Group,data engineer,,['quality assurance'],60000,70000,2022,SE,FT,209100,USD,209100,US,100,US,L
2025-04-29 10:36:20+00:00,Kodify Media Group,data engineer,,['quality assurance'],60000,70000,2022,SE,FT,154600,USD,154600,US,100,US,L
2025-04-29 10:36:20+00:00,Kodify Media Group,data engineer,,['quality assurance'],60000,70000,2022,SE,FT,180000,USD,180000,US,100,US,M
2025-04-29 10:36:20+00:00,Kodify Media Group,data engineer,,['quality assurance'],60000,70000,2022,EN,FT,20000,EUR,21983,PT,100,PT,L
2025-04-29 10:36:20+00:00,Kodify Media Group,data engineer,,['quality assurance'],60000,70000,2022,SE,FT,80000,USD,80000,US,100,US,M
2025-04-29 10:36:20+00:00,Kodify Media Group,data engineer,,['quality assurance'],60000,70000,2022,EN,FT,125000,USD,125000,US,0,US,M
2025-04-29 10:36:20+00:00,Kodify Media Group,data engineer,,['quality assurance'],60000,70000,2022,MI,FT,240000,CNY,37236,US,50,US,L
2025-04-29 10:36:20+00:00,Kodify Media Group,data engineer,,['quality assurance'],60000,70000,2022,SE,FT,105000,USD,105000,US,100,US,M
2025-04-29 10:36:20+00:00,Kodify Media Group,data engineer,,['quality assurance'],60000,70000,2022,MI,PT,50000,EUR,54957,DE,50,DE,L
2025-04-29 10:36:20+00:00,Kodify Media Group,data engineer,,['quality assurance'],60000,70000,2022,EN,FT,120000,USD,120000,US,100,US,M
2025-04-29 10:36:20+00:00,Kodify Media Group,data engineer,,['quality assurance'],60000,70000,2022,SE,FT,100000,USD,100000,US,100,US,M
2025-04-29 10:36:20+00:00,Kodify Media Group,data engineer,,['quality assurance'],60000,70000,2022,EX,FT,324000,USD,324000,US,100,US,M
2025-04-29 10:36:20+00:00,Kodify Media Group,data engineer,,['quality assurance'],60000,70000,2022,EX,FT,216000,USD,216000,US,100,US,M
2025-04-29 10:36:20+00:00,Kodify Media Group,data engineer,,['quality assurance'],60000,70000,2022,SE,FT,210000,USD,210000,US,100,US,M
2025-04-29 10:36:20+00:00,Kodify Media Group,data engineer,,['quality assurance'],60000,70000,2022,EN,FT,52800,EUR,58035,PK,100,DE,M
2025-04-29 10:36:20+00:00,Kodify Media Group,data engineer,,['quality assurance'],60000,70000,2022,SE,FT,115000,USD,115000,US,100,US,M
2025-04-29 10:36:20+00:00,Kodify Media Group,data engineer,,['quality assurance'],60000,70000,2022,EN,FT,150000,USD,150000,AU,100,AU,S
2025-04-29 10:36:20+00:00,Kodify Media Group,data engineer,,['quality assurance'],60000,70000,2022,EN,FT,65000,USD,65000,US,100,US,S
2025-04-29 10:36:20+00:00,Kodify Media Group,data engineer,,['quality assurance'],60000,70000,2022,MI,FT,62000,EUR,68147,FR,100,FR,M
2025-04-29 10:36:20+00:00,Kodify Media Group,data engineer,,['quality assurance'],60000,70000,2022,EN,FT,10000,USD,10000,PT,100,LU,M
2025-04-29 10:36:20+00:00,Kodify Media Group,data engineer,,['quality assurance'],60000,70000,2022,SE,FT,266400,USD,266400,US,100,US,M
2025-04-29 10:36:20+00:00,Kodify Media Group,data engineer,,['quality assurance'],60000,70000,2022,SE,FT,213120,USD,213120,US,100,US,M
2025-04-29 10:36:20+00:00,Kodify Media Group,data engineer,,['quality assurance'],60000,70000,2022,SE,FT,155000,USD,155000,US,100,US,M
2025-04-29 10:36:20+00:00,Kodify Media Group,data engineer,,['quality assurance'],60000,70000,2022,MI,FT,206699,USD,206699,US,0,US,M
2025-04-29 10:36:20+00:00,Kodify Media Group,data engineer,,['quality assurance'],60000,70000,2022,MI,FT,99100,USD,99100,US,0,US,M
2025-04-29 10:36:20+00:00,Kodify Media Group,data engineer,,['quality assurance'],60000,70000,2022,SE,FT,130000,USD,130000,US,100,US,M
2025-04-29 10:36:20+00:00,Kodify Media Group,data engineer,,['quality assurance'],60000,70000,2022,SE,FT,115000,USD,115000,US,100,US,M
2025-04-29 10:36:20+00:00,Kodify Media Group,data engineer,,['quality assurance'],60000,70000,2022,SE,FT,110500,USD,110500,US,100,US,M
2025-04-29 10:36:20+00:00,Kodify Media Group,data engineer,,['quality assurance'],60000,70000,2022,SE,FT,130000,USD,130000,US,100,US,M
2025-04-29 10:36:20+00:00,Kodify Media Group,data engineer,,['quality assurance'],60000,70000,2022,SE,FT,160000,USD,160000,US,100,US,M
2025-04-29 10:36:20+00:00,Kodify Media Group,data engineer,,['quality assurance'],60000,70000,2022,SE,FT,200100,USD,200100,US,100,US,M
2025-04-29 10:36:20+00:00,Kodify Media Group,data engineer,,['quality assurance'],60000,70000,2022,SE,FT,160000,USD,160000,US,100,US,M
2025-04-29 10:36:20+00:00,Kodify Media Group,data engineer,,['quality assurance'],60000,70000,2022,SE,FT,145000,USD,145000,US,100,US,M
2025-04-29 10:36:20+00:00,Kodify Media Group,data engineer,,['quality assurance'],60000,70000,2022,SE,FT,70500,USD,70500,US,0,US,M
2025-04-29 10:36:20+00:00,Kodify Media Group,data engineer,,['quality assurance'],60000,70000,2022,SE,FT,175100,USD,175100,US,100,US,M
2025-04-29 10:36:20+00:00,Kodify Media Group,data engineer,,['quality assurance'],60000,70000,2022,SE,FT,140250,USD,140250,US,100,US,M
2025-04-29 10:36:20+00:00,Kodify Media Group,data engineer,,['quality assurance'],60000,70000,2022,SE,FT,54000,USD,54000,US,0,US,M
2025-04-29 10:36:20+00:00,Kodify Media Group,data engineer,,['quality assurance'],60000,70000,2022,SE,FT,100000,USD,100000,US,100,US,M
2025-04-29 10:36:20+00:00,Kodify Media Group,data engineer,,['quality assurance'],60000,70000,2022,SE,FT,25000,USD,25000,US,100,US,M
2025-04-29 10:36:20+00:00,Kodify Media Group,data engineer,,['quality assurance'],60000,70000,2022,SE,FT,220110,USD,220110,US,100,US,M
2025-04-29 10:36:20+00:00,Kodify Media Group,data engineer,,['quality assurance'],60000,70000,2022,SE,FT,160080,USD,160080,US,100,US,M
2025-04-29 10:36:20+00:00,Kodify Media Group,data engineer,,['quality assurance'],60000,70000,2022,SE,FT,192564,USD,192564,US,100,US,M
2025-04-29 10:36:20+00:00,Kodify Media Group,data engineer,,['quality assurance'],60000,70000,2022,SE,FT,144854,USD,144854,US,100,US,M
2025-04-29 10:36:20+00:00,Kodify Media Group,data engineer,,['quality assurance'],60000,70000,2022,SE,FT,154000,USD,154000,US,100,US,M
2025-04-29 10:36:20+00:00,Kodify Media Group,data engineer,,['quality assurance'],60000,70000,2022,SE,FT,126000,USD,126000,US,100,US,M
2025-04-26 16:00:02+00:00,KPA,data analyst,Remote,"['analyst', 'saas', 'salesforce', 'training', 'consulting', 'technical', 'support', 'software', 'content', 'operations', 'excel', 'health']",70000,115000,2020,MI,FT,20000,USD,20000,HN,0,HN,S
2025-04-26 16:00:02+00:00,KPA,data analyst,Remote,"['analyst', 'saas', 'salesforce', 'training', 'consulting', 'technical', 'support', 'software', 'content', 'operations', 'excel', 'health']",70000,115000,2020,EN,FT,72000,USD,72000,US,100,US,L
2025-04-26 16:00:02+00:00,KPA,data analyst,Remote,"['analyst', 'saas', 'salesforce', 'training', 'consulting', 'technical', 'support', 'software', 'content', 'operations', 'excel', 'health']",70000,115000,2020,MI,FT,135000,USD,135000,US,100,US,L
2025-04-26 16:00:02+00:00,KPA,data analyst,Remote,"['analyst', 'saas', 'salesforce', 'training', 'consulting', 'technical', 'support', 'software', 'content', 'operations', 'excel', 'health']",70000,115000,2020,MI,FT,87000,USD,87000,US,100,US,L
2025-04-26 16:00:02+00:00,KPA,data analyst,Remote,"['analyst', 'saas', 'salesforce', 'training', 'consulting', 'technical', 'support', 'software', 'content', 'operations', 'excel', 'health']",70000,115000,2020,MI,FT,85000,USD,85000,US,100,US,L
2025-04-26 16:00:02+00:00,KPA,data analyst,Remote,"['analyst', 'saas', 'salesforce', 'training', 'consulting', 'technical', 'support', 'software', 'content', 'operations', 'excel', 'health']",70000,115000,2020,MI,FT,8000,USD,8000,PK,50,PK,L
2025-04-26 16:00:02+00:00,KPA,data analyst,Remote,"['analyst', 'saas', 'salesforce', 'training', 'consulting', 'technical', 'support', 'software', 'content', 'operations', 'excel', 'health']",70000,115000,2020,MI,FT,450000,INR,6072,IN,100,IN,L
2025-04-26 16:00:02+00:00,KPA,data analyst,Remote,"['analyst', 'saas', 'salesforce', 'training', 'consulting', 'technical', 'support', 'software', 'content', 'operations', 'excel', 'health']",70000,115000,2020,MI,FT,98000,USD,98000,US,0,US,M
2025-04-26 16:00:02+00:00,KPA,data analyst,Remote,"['analyst', 'saas', 'salesforce', 'training', 'consulting', 'technical', 'support', 'software', 'content', 'operations', 'excel', 'health']",70000,115000,2020,EN,CT,100000,USD,100000,US,100,US,L
2025-04-26 16:00:02+00:00,KPA,data analyst,Remote,"['analyst', 'saas', 'salesforce', 'training', 'consulting', 'technical', 'support', 'software', 'content', 'operations', 'excel', 'health']",70000,115000,2020,MI,FT,41000,EUR,46759,FR,50,FR,L
2025-04-26 16:00:02+00:00,KPA,data analyst,Remote,"['analyst', 'saas', 'salesforce', 'training', 'consulting', 'technical', 'support', 'software', 'content', 'operations', 'excel', 'health']",70000,115000,2020,EN,FT,10000,USD,10000,NG,100,NG,S
2025-04-26 16:00:02+00:00,KPA,data analyst,Remote,"['analyst', 'saas', 'salesforce', 'training', 'consulting', 'technical', 'support', 'software', 'content', 'operations', 'excel', 'health']",70000,115000,2020,EN,FT,450000,INR,6072,IN,0,IN,S
2025-04-26 16:00:02+00:00,KPA,data analyst,Remote,"['analyst', 'saas', 'salesforce', 'training', 'consulting', 'technical', 'support', 'software', 'content', 'operations', 'excel', 'health']",70000,115000,2020,EN,FT,91000,USD,91000,US,100,US,L
2025-04-26 16:00:02+00:00,KPA,data analyst,Remote,"['analyst', 'saas', 'salesforce', 'training', 'consulting', 'technical', 'support', 'software', 'content', 'operations', 'excel', 'health']",70000,115000,2021,EX,FT,150000,USD,150000,IN,100,US,L
2025-04-26 16:00:02+00:00,KPA,data analyst,Remote,"['analyst', 'saas', 'salesforce', 'training', 'consulting', 'technical', 'support', 'software', 'content', 'operations', 'excel', 'health']",70000,115000,2021,EX,FT,235000,USD,235000,US,100,US,L
2025-04-26 16:00:02+00:00,KPA,data analyst,Remote,"['analyst', 'saas', 'salesforce', 'training', 'consulting', 'technical', 'support', 'software', 'content', 'operations', 'excel', 'health']",70000,115000,2021,MI,FT,100000,USD,100000,US,100,US,M
2025-04-26 16:00:02+00:00,KPA,data analyst,Remote,"['analyst', 'saas', 'salesforce', 'training', 'consulting', 'technical', 'support', 'software', 'content', 'operations', 'excel', 'health']",70000,115000,2021,EN,FT,80000,USD,80000,US,100,US,M
2025-04-26 16:00:02+00:00,KPA,data analyst,Remote,"['analyst', 'saas', 'salesforce', 'training', 'consulting', 'technical', 'support', 'software', 'content', 'operations', 'excel', 'health']",70000,115000,2021,SE,FT,67000,EUR,79197,DE,100,DE,L
2025-04-26 16:00:02+00:00,KPA,data analyst,Remote,"['analyst', 'saas', 'salesforce', 'training', 'consulting', 'technical', 'support', 'software', 'content', 'operations', 'excel', 'health']",70000,115000,2021,EN,FT,50000,EUR,59102,FR,50,FR,M
2025-04-26 16:00:02+00:00,KPA,data analyst,Remote,"['analyst', 'saas', 'salesforce', 'training', 'consulting', 'technical', 'support', 'software', 'content', 'operations', 'excel', 'health']",70000,115000,2021,MI,FT,110000,USD,110000,US,100,US,L
2025-04-26 16:00:02+00:00,KPA,data analyst,Remote,"['analyst', 'saas', 'salesforce', 'training', 'consulting', 'technical', 'support', 'software', 'content', 'operations', 'excel', 'health']",70000,115000,2021,SE,FT,170000,USD,170000,US,100,US,L
2025-04-26 16:00:02+00:00,KPA,data analyst,Remote,"['analyst', 'saas', 'salesforce', 'training', 'consulting', 'technical', 'support', 'software', 'content', 'operations', 'excel', 'health']",70000,115000,2021,SE,FT,80000,USD,80000,BG,100,US,S
2025-04-26 16:00:02+00:00,KPA,data analyst,Remote,"['analyst', 'saas', 'salesforce', 'training', 'consulting', 'technical', 'support', 'software', 'content', 'operations', 'excel', 'health']",70000,115000,2021,SE,FT,75000,EUR,88654,GR,100,DK,L
2025-04-26 16:00:02+00:00,KPA,data analyst,Remote,"['analyst', 'saas', 'salesforce', 'training', 'consulting', 'technical', 'support', 'software', 'content', 'operations', 'excel', 'health']",70000,115000,2021,MI,FT,1450000,INR,19609,IN,100,IN,L
2025-04-26 16:00:02+00:00,KPA,data analyst,Remote,"['analyst', 'saas', 'salesforce', 'training', 'consulting', 'technical', 'support', 'software', 'content', 'operations', 'excel', 'health']",70000,115000,2021,MI,FT,450000,USD,450000,US,100,US,L
2025-04-26 16:00:02+00:00,KPA,data analyst,Remote,"['analyst', 'saas', 'salesforce', 'training', 'consulting', 'technical', 'support', 'software', 'content', 'operations', 'excel', 'health']",70000,115000,2021,MI,FT,75000,USD,75000,US,0,US,L
2025-04-26 16:00:02+00:00,KPA,data analyst,Remote,"['analyst', 'saas', 'salesforce', 'training', 'consulting', 'technical', 'support', 'software', 'content', 'operations', 'excel', 'health']",70000,115000,2021,MI,FT,11000000,HUF,36259,HU,50,US,L
2025-04-26 16:00:02+00:00,KPA,data analyst,Remote,"['analyst', 'saas', 'salesforce', 'training', 'consulting', 'technical', 'support', 'software', 'content', 'operations', 'excel', 'health']",70000,115000,2021,MI,FT,62000,USD,62000,US,0,US,L
2025-04-26 16:00:02+00:00,KPA,data analyst,Remote,"['analyst', 'saas', 'salesforce', 'training', 'consulting', 'technical', 'support', 'software', 'content', 'operations', 'excel', 'health']",70000,115000,2021,MI,FT,37456,GBP,51519,GB,50,GB,L
2025-04-26 16:00:02+00:00,KPA,data analyst,Remote,"['analyst', 'saas', 'salesforce', 'training', 'consulting', 'technical', 'support', 'software', 'content', 'operations', 'excel', 'health']",70000,115000,2021,EN,FT,90000,USD,90000,US,100,US,S
2025-04-26 16:00:02+00:00,KPA,data analyst,Remote,"['analyst', 'saas', 'salesforce', 'training', 'consulting', 'technical', 'support', 'software', 'content', 'operations', 'excel', 'health']",70000,115000,2021,EN,FT,50000,USD,50000,US,100,US,M
2025-04-26 16:00:02+00:00,KPA,data analyst,Remote,"['analyst', 'saas', 'salesforce', 'training', 'consulting', 'technical', 'support', 'software', 'content', 'operations', 'excel', 'health']",70000,115000,2021,EN,PT,8760,EUR,10354,ES,50,ES,M
2025-04-26 16:00:02+00:00,KPA,data analyst,Remote,"['analyst', 'saas', 'salesforce', 'training', 'consulting', 'technical', 'support', 'software', 'content', 'operations', 'excel', 'health']",70000,115000,2021,MI,FT,90000,USD,90000,US,100,US,M
2025-04-26 16:00:02+00:00,KPA,data analyst,Remote,"['analyst', 'saas', 'salesforce', 'training', 'consulting', 'technical', 'support', 'software', 'content', 'operations', 'excel', 'health']",70000,115000,2021,MI,FT,135000,USD,135000,US,100,US,L
2025-04-26 16:00:02+00:00,KPA,data analyst,Remote,"['analyst', 'saas', 'salesforce', 'training', 'consulting', 'technical', 'support', 'software', 'content', 'operations', 'excel', 'health']",70000,115000,2021,SE,FT,120000,USD,120000,US,100,US,M
2025-04-26 16:00:02+00:00,KPA,data analyst,Remote,"['analyst', 'saas', 'salesforce', 'training', 'consulting', 'technical', 'support', 'software', 'content', 'operations', 'excel', 'health']",70000,115000,2021,EX,FT,230000,USD,230000,RU,50,RU,L
2025-04-26 16:00:02+00:00,KPA,data analyst,Remote,"['analyst', 'saas', 'salesforce', 'training', 'consulting', 'technical', 'support', 'software', 'content', 'operations', 'excel', 'health']",70000,115000,2021,EN,FT,55000,USD,55000,US,50,US,S
2025-04-26 16:00:02+00:00,KPA,data analyst,Remote,"['analyst', 'saas', 'salesforce', 'training', 'consulting', 'technical', 'support', 'software', 'content', 'operations', 'excel', 'health']",70000,115000,2021,EN,FT,60000,USD,60000,US,100,US,S
2025-04-26 16:00:02+00:00,KPA,data analyst,Remote,"['analyst', 'saas', 'salesforce', 'training', 'consulting', 'technical', 'support', 'software', 'content', 'operations', 'excel', 'health']",70000,115000,2021,SE,FT,45000,GBP,61896,GB,50,GB,L
2025-04-26 16:00:02+00:00,KPA,data analyst,Remote,"['analyst', 'saas', 'salesforce', 'training', 'consulting', 'technical', 'support', 'software', 'content', 'operations', 'excel', 'health']",70000,115000,2021,SE,FT,50000,USD,50000,VN,100,GB,M
2025-04-26 16:00:02+00:00,KPA,data analyst,Remote,"['analyst', 'saas', 'salesforce', 'training', 'consulting', 'technical', 'support', 'software', 'content', 'operations', 'excel', 'health']",70000,115000,2021,EN,FT,9272,USD,9272,KE,100,KE,S
2025-04-26 16:00:02+00:00,KPA,data analyst,Remote,"['analyst', 'saas', 'salesforce', 'training', 'consulting', 'technical', 'support', 'software', 'content', 'operations', 'excel', 'health']",70000,115000,2021,SE,FT,120000,USD,120000,US,0,US,L
2025-04-26 16:00:02+00:00,KPA,data analyst,Remote,"['analyst', 'saas', 'salesforce', 'training', 'consulting', 'technical', 'support', 'software', 'content', 'operations', 'excel', 'health']",70000,115000,2021,SE,FT,140000,USD,140000,US,100,US,L
2025-04-26 16:00:02+00:00,KPA,data analyst,Remote,"['analyst', 'saas', 'salesforce', 'training', 'consulting', 'technical', 'support', 'software', 'content', 'operations', 'excel', 'health']",70000,115000,2021,SE,FT,90000,CAD,71786,CA,100,CA,M
2025-04-26 16:00:02+00:00,KPA,data analyst,Remote,"['analyst', 'saas', 'salesforce', 'training', 'consulting', 'technical', 'support', 'software', 'content', 'operations', 'excel', 'health']",70000,115000,2021,SE,FT,200000,USD,200000,US,100,US,L
2025-04-26 16:00:02+00:00,KPA,data analyst,Remote,"['analyst', 'saas', 'salesforce', 'training', 'consulting', 'technical', 'support', 'software', 'content', 'operations', 'excel', 'health']",70000,115000,2021,MI,FT,80000,USD,80000,US,100,US,L
2025-04-26 16:00:02+00:00,KPA,data analyst,Remote,"['analyst', 'saas', 'salesforce', 'training', 'consulting', 'technical', 'support', 'software', 'content', 'operations', 'excel', 'health']",70000,115000,2021,SE,FT,170000,USD,170000,US,100,US,M
2025-04-26 16:00:02+00:00,KPA,data analyst,Remote,"['analyst', 'saas', 'salesforce', 'training', 'consulting', 'technical', 'support', 'software', 'content', 'operations', 'excel', 'health']",70000,115000,2021,MI,FT,93000,USD,93000,US,100,US,L
2025-04-26 16:00:02+00:00,KPA,data analyst,Remote,"['analyst', 'saas', 'salesforce', 'training', 'consulting', 'technical', 'support', 'software', 'content', 'operations', 'excel', 'health']",70000,115000,2021,SE,FT,54000,EUR,63831,DE,50,DE,L
2025-04-26 16:00:02+00:00,KPA,data analyst,Remote,"['analyst', 'saas', 'salesforce', 'training', 'consulting', 'technical', 'support', 'software', 'content', 'operations', 'excel', 'health']",70000,115000,2021,EN,FT,50000,EUR,59102,LU,100,LU,L
2025-04-26 16:00:02+00:00,KPA,data analyst,Remote,"['analyst', 'saas', 'salesforce', 'training', 'consulting', 'technical', 'support', 'software', 'content', 'operations', 'excel', 'health']",70000,115000,2021,SE,FT,87000,EUR,102839,SI,100,SI,L
2025-04-26 16:00:02+00:00,KPA,data analyst,Remote,"['analyst', 'saas', 'salesforce', 'training', 'consulting', 'technical', 'support', 'software', 'content', 'operations', 'excel', 'health']",70000,115000,2022,SE,FT,155000,USD,155000,US,100,US,M
2025-04-26 16:00:02+00:00,KPA,data analyst,Remote,"['analyst', 'saas', 'salesforce', 'training', 'consulting', 'technical', 'support', 'software', 'content', 'operations', 'excel', 'health']",70000,115000,2022,SE,FT,120600,USD,120600,US,100,US,M
2025-04-26 16:00:02+00:00,KPA,data analyst,Remote,"['analyst', 'saas', 'salesforce', 'training', 'consulting', 'technical', 'support', 'software', 'content', 'operations', 'excel', 'health']",70000,115000,2022,SE,FT,102100,USD,102100,US,100,US,M
2025-04-26 16:00:02+00:00,KPA,data analyst,Remote,"['analyst', 'saas', 'salesforce', 'training', 'consulting', 'technical', 'support', 'software', 'content', 'operations', 'excel', 'health']",70000,115000,2022,SE,FT,84900,USD,84900,US,100,US,M
2025-04-26 16:00:02+00:00,KPA,data analyst,Remote,"['analyst', 'saas', 'salesforce', 'training', 'consulting', 'technical', 'support', 'software', 'content', 'operations', 'excel', 'health']",70000,115000,2022,SE,FT,99000,USD,99000,US,0,US,M
2025-04-26 16:00:02+00:00,KPA,data analyst,Remote,"['analyst', 'saas', 'salesforce', 'training', 'consulting', 'technical', 'support', 'software', 'content', 'operations', 'excel', 'health']",70000,115000,2022,SE,FT,116000,USD,116000,US,0,US,M
2025-04-26 16:00:02+00:00,KPA,data analyst,Remote,"['analyst', 'saas', 'salesforce', 'training', 'consulting', 'technical', 'support', 'software', 'content', 'operations', 'excel', 'health']",70000,115000,2022,MI,FT,106260,USD,106260,US,0,US,M
2025-04-26 16:00:02+00:00,KPA,data analyst,Remote,"['analyst', 'saas', 'salesforce', 'training', 'consulting', 'technical', 'support', 'software', 'content', 'operations', 'excel', 'health']",70000,115000,2022,MI,FT,126500,USD,126500,US,0,US,M
2025-04-26 16:00:02+00:00,KPA,data analyst,Remote,"['analyst', 'saas', 'salesforce', 'training', 'consulting', 'technical', 'support', 'software', 'content', 'operations', 'excel', 'health']",70000,115000,2022,SE,FT,90320,USD,90320,US,100,US,M
2025-04-26 16:00:02+00:00,KPA,data analyst,Remote,"['analyst', 'saas', 'salesforce', 'training', 'consulting', 'technical', 'support', 'software', 'content', 'operations', 'excel', 'health']",70000,115000,2022,SE,FT,124190,USD,124190,US,100,US,M
2025-04-26 16:00:02+00:00,KPA,data analyst,Remote,"['analyst', 'saas', 'salesforce', 'training', 'consulting', 'technical', 'support', 'software', 'content', 'operations', 'excel', 'health']",70000,115000,2022,EX,FT,130000,USD,130000,US,100,US,M
2025-04-26 16:00:02+00:00,KPA,data analyst,Remote,"['analyst', 'saas', 'salesforce', 'training', 'consulting', 'technical', 'support', 'software', 'content', 'operations', 'excel', 'health']",70000,115000,2022,EX,FT,110000,USD,110000,US,100,US,M
2025-04-26 16:00:02+00:00,KPA,data analyst,Remote,"['analyst', 'saas', 'salesforce', 'training', 'consulting', 'technical', 'support', 'software', 'content', 'operations', 'excel', 'health']",70000,115000,2022,SE,FT,170000,USD,170000,US,100,US,M
2025-04-26 16:00:02+00:00,KPA,data analyst,Remote,"['analyst', 'saas', 'salesforce', 'training', 'consulting', 'technical', 'support', 'software', 'content', 'operations', 'excel', 'health']",70000,115000,2022,MI,FT,115500,USD,115500,US,100,US,M
2025-04-26 16:00:02+00:00,KPA,data analyst,Remote,"['analyst', 'saas', 'salesforce', 'training', 'consulting', 'technical', 'support', 'software', 'content', 'operations', 'excel', 'health']",70000,115000,2022,SE,FT,112900,USD,112900,US,100,US,M
2025-04-26 16:00:02+00:00,KPA,data analyst,Remote,"['analyst', 'saas', 'salesforce', 'training', 'consulting', 'technical', 'support', 'software', 'content', 'operations', 'excel', 'health']",70000,115000,2022,SE,FT,90320,USD,90320,US,100,US,M
2025-04-26 16:00:02+00:00,KPA,data analyst,Remote,"['analyst', 'saas', 'salesforce', 'training', 'consulting', 'technical', 'support', 'software', 'content', 'operations', 'excel', 'health']",70000,115000,2022,SE,FT,112900,USD,112900,US,100,US,M
2025-04-26 16:00:02+00:00,KPA,data analyst,Remote,"['analyst', 'saas', 'salesforce', 'training', 'consulting', 'technical', 'support', 'software', 'content', 'operations', 'excel', 'health']",70000,115000,2022,SE,FT,90320,USD,90320,US,100,US,M
2025-04-26 16:00:02+00:00,KPA,data analyst,Remote,"['analyst', 'saas', 'salesforce', 'training', 'consulting', 'technical', 'support', 'software', 'content', 'operations', 'excel', 'health']",70000,115000,2022,MI,FT,167000,USD,167000,US,100,US,M
2025-04-26 16:00:02+00:00,KPA,data analyst,Remote,"['analyst', 'saas', 'salesforce', 'training', 'consulting', 'technical', 'support', 'software', 'content', 'operations', 'excel', 'health']",70000,115000,2022,SE,FT,136600,USD,136600,US,100,US,M
2025-04-26 16:00:02+00:00,KPA,data analyst,Remote,"['analyst', 'saas', 'salesforce', 'training', 'consulting', 'technical', 'support', 'software', 'content', 'operations', 'excel', 'health']",70000,115000,2022,SE,FT,109280,USD,109280,US,100,US,M
2025-04-26 16:00:02+00:00,KPA,data analyst,Remote,"['analyst', 'saas', 'salesforce', 'training', 'consulting', 'technical', 'support', 'software', 'content', 'operations', 'excel', 'health']",70000,115000,2022,EX,FT,175000,USD,175000,US,100,US,M
2025-04-26 16:00:02+00:00,KPA,data analyst,Remote,"['analyst', 'saas', 'salesforce', 'training', 'consulting', 'technical', 'support', 'software', 'content', 'operations', 'excel', 'health']",70000,115000,2022,SE,FT,135000,USD,135000,US,100,US,M
2025-04-26 16:00:02+00:00,KPA,data analyst,Remote,"['analyst', 'saas', 'salesforce', 'training', 'consulting', 'technical', 'support', 'software', 'content', 'operations', 'excel', 'health']",70000,115000,2022,SE,FT,130000,USD,130000,CA,100,CA,M
2025-04-26 16:00:02+00:00,KPA,data analyst,Remote,"['analyst', 'saas', 'salesforce', 'training', 'consulting', 'technical', 'support', 'software', 'content', 'operations', 'excel', 'health']",70000,115000,2022,SE,FT,61300,USD,61300,CA,100,CA,M
2025-04-26 16:00:02+00:00,KPA,data analyst,Remote,"['analyst', 'saas', 'salesforce', 'training', 'consulting', 'technical', 'support', 'software', 'content', 'operations', 'excel', 'health']",70000,115000,2022,SE,FT,130000,USD,130000,CA,100,CA,M
2025-04-26 16:00:02+00:00,KPA,data analyst,Remote,"['analyst', 'saas', 'salesforce', 'training', 'consulting', 'technical', 'support', 'software', 'content', 'operations', 'excel', 'health']",70000,115000,2022,SE,FT,61300,USD,61300,CA,100,CA,M
2025-04-26 16:00:02+00:00,KPA,data analyst,Remote,"['analyst', 'saas', 'salesforce', 'training', 'consulting', 'technical', 'support', 'software', 'content', 'operations', 'excel', 'health']",70000,115000,2022,MI,FT,58000,USD,58000,US,0,US,S
2025-04-26 16:00:02+00:00,KPA,data analyst,Remote,"['analyst', 'saas', 'salesforce', 'training', 'consulting', 'technical', 'support', 'software', 'content', 'operations', 'excel', 'health']",70000,115000,2022,EX,FT,135000,USD,135000,US,100,US,M
2025-04-26 16:00:02+00:00,KPA,data analyst,Remote,"['analyst', 'saas', 'salesforce', 'training', 'consulting', 'technical', 'support', 'software', 'content', 'operations', 'excel', 'health']",70000,115000,2022,SE,FT,132000,USD,132000,US,0,US,M
2025-04-26 16:00:02+00:00,KPA,data analyst,Remote,"['analyst', 'saas', 'salesforce', 'training', 'consulting', 'technical', 'support', 'software', 'content', 'operations', 'excel', 'health']",70000,115000,2022,SE,FT,128875,USD,128875,US,100,US,M
2025-04-26 16:00:02+00:00,KPA,data analyst,Remote,"['analyst', 'saas', 'salesforce', 'training', 'consulting', 'technical', 'support', 'software', 'content', 'operations', 'excel', 'health']",70000,115000,2022,SE,FT,93700,USD,93700,US,100,US,M
2025-04-26 16:00:02+00:00,KPA,data analyst,Remote,"['analyst', 'saas', 'salesforce', 'training', 'consulting', 'technical', 'support', 'software', 'content', 'operations', 'excel', 'health']",70000,115000,2022,SE,FT,164000,USD,164000,US,0,US,M
2025-04-26 16:00:02+00:00,KPA,data analyst,Remote,"['analyst', 'saas', 'salesforce', 'training', 'consulting', 'technical', 'support', 'software', 'content', 'operations', 'excel', 'health']",70000,115000,2022,SE,FT,112900,USD,112900,US,100,US,M
2025-04-26 16:00:02+00:00,KPA,data analyst,Remote,"['analyst', 'saas', 'salesforce', 'training', 'consulting', 'technical', 'support', 'software', 'content', 'operations', 'excel', 'health']",70000,115000,2022,SE,FT,90320,USD,90320,US,100,US,M
2025-04-26 16:00:02+00:00,KPA,data analyst,Remote,"['analyst', 'saas', 'salesforce', 'training', 'consulting', 'technical', 'support', 'software', 'content', 'operations', 'excel', 'health']",70000,115000,2022,SE,FT,145000,USD,145000,US,100,US,M
2025-04-26 16:00:02+00:00,KPA,data analyst,Remote,"['analyst', 'saas', 'salesforce', 'training', 'consulting', 'technical', 'support', 'software', 'content', 'operations', 'excel', 'health']",70000,115000,2022,SE,FT,105400,USD,105400,US,100,US,M
2025-04-26 16:00:02+00:00,KPA,data analyst,Remote,"['analyst', 'saas', 'salesforce', 'training', 'consulting', 'technical', 'support', 'software', 'content', 'operations', 'excel', 'health']",70000,115000,2022,SE,FT,115934,USD,115934,US,0,US,M
2025-04-26 16:00:02+00:00,KPA,data analyst,Remote,"['analyst', 'saas', 'salesforce', 'training', 'consulting', 'technical', 'support', 'software', 'content', 'operations', 'excel', 'health']",70000,115000,2022,SE,FT,81666,USD,81666,US,0,US,M
2025-04-26 16:00:02+00:00,KPA,data analyst,Remote,"['analyst', 'saas', 'salesforce', 'training', 'consulting', 'technical', 'support', 'software', 'content', 'operations', 'excel', 'health']",70000,115000,2022,MI,FT,58000,USD,58000,US,0,US,S
2025-04-26 16:00:02+00:00,KPA,data analyst,Remote,"['analyst', 'saas', 'salesforce', 'training', 'consulting', 'technical', 'support', 'software', 'content', 'operations', 'excel', 'health']",70000,115000,2022,MI,FT,40000,GBP,52351,GB,100,GB,M
2025-04-26 16:00:02+00:00,KPA,data analyst,Remote,"['analyst', 'saas', 'salesforce', 'training', 'consulting', 'technical', 'support', 'software', 'content', 'operations', 'excel', 'health']",70000,115000,2022,MI,FT,30000,GBP,39263,GB,100,GB,M
2025-04-26 16:00:02+00:00,KPA,data analyst,Remote,"['analyst', 'saas', 'salesforce', 'training', 'consulting', 'technical', 'support', 'software', 'content', 'operations', 'excel', 'health']",70000,115000,2022,MI,FT,40000,EUR,43966,ES,100,ES,M
2025-04-26 16:00:02+00:00,KPA,data analyst,Remote,"['analyst', 'saas', 'salesforce', 'training', 'consulting', 'technical', 'support', 'software', 'content', 'operations', 'excel', 'health']",70000,115000,2022,MI,FT,30000,EUR,32974,ES,100,ES,M
2025-04-26 16:00:02+00:00,KPA,data analyst,Remote,"['analyst', 'saas', 'salesforce', 'training', 'consulting', 'technical', 'support', 'software', 'content', 'operations', 'excel', 'health']",70000,115000,2022,MI,FT,40000,EUR,43966,GR,100,GR,M
2025-04-26 16:00:02+00:00,KPA,data analyst,Remote,"['analyst', 'saas', 'salesforce', 'training', 'consulting', 'technical', 'support', 'software', 'content', 'operations', 'excel', 'health']",70000,115000,2022,MI,FT,30000,EUR,32974,GR,100,GR,M
2025-04-26 16:00:02+00:00,KPA,data analyst,Remote,"['analyst', 'saas', 'salesforce', 'training', 'consulting', 'technical', 'support', 'software', 'content', 'operations', 'excel', 'health']",70000,115000,2022,MI,FT,1400000,INR,18442,IN,100,IN,M
2025-04-26 16:00:02+00:00,KPA,data analyst,Remote,"['analyst', 'saas', 'salesforce', 'training', 'consulting', 'technical', 'support', 'software', 'content', 'operations', 'excel', 'health']",70000,115000,2022,EN,FT,100000,USD,100000,US,50,US,L
2025-04-26 16:00:02+00:00,KPA,data analyst,Remote,"['analyst', 'saas', 'salesforce', 'training', 'consulting', 'technical', 'support', 'software', 'content', 'operations', 'excel', 'health']",70000,115000,2022,MI,FT,135000,USD,135000,US,100,US,M
2025-04-26 16:00:02+00:00,KPA,data analyst,Remote,"['analyst', 'saas', 'salesforce', 'training', 'consulting', 'technical', 'support', 'software', 'content', 'operations', 'excel', 'health']",70000,115000,2022,MI,FT,50000,USD,50000,US,100,US,M
2025-04-26 16:00:02+00:00,KPA,data analyst,Remote,"['analyst', 'saas', 'salesforce', 'training', 'consulting', 'technical', 'support', 'software', 'content', 'operations', 'excel', 'health']",70000,115000,2022,SE,FT,200000,USD,200000,MY,100,US,M
2025-04-26 16:00:02+00:00,KPA,data analyst,Remote,"['analyst', 'saas', 'salesforce', 'training', 'consulting', 'technical', 'support', 'software', 'content', 'operations', 'excel', 'health']",70000,115000,2022,MI,FT,75000,USD,75000,CA,100,CA,S
2025-04-26 16:00:02+00:00,KPA,data analyst,Remote,"['analyst', 'saas', 'salesforce', 'training', 'consulting', 'technical', 'support', 'software', 'content', 'operations', 'excel', 'health']",70000,115000,2022,MI,FT,30000,EUR,32974,EE,100,EE,S
2025-04-26 16:00:02+00:00,KPA,data analyst,Remote,"['analyst', 'saas', 'salesforce', 'training', 'consulting', 'technical', 'support', 'software', 'content', 'operations', 'excel', 'health']",70000,115000,2022,MI,FT,90000,CAD,70912,CA,50,CA,L
2025-04-26 16:00:02+00:00,KPA,data analyst,Remote,"['analyst', 'saas', 'salesforce', 'training', 'consulting', 'technical', 'support', 'software', 'content', 'operations', 'excel', 'health']",70000,115000,2022,EN,FT,20000,USD,20000,PK,0,PK,M
2025-04-26 16:00:02+00:00,KPA,data analyst,Remote,"['analyst', 'saas', 'salesforce', 'training', 'consulting', 'technical', 'support', 'software', 'content', 'operations', 'excel', 'health']",70000,115000,2022,MI,FT,20000,USD,20000,GR,100,GR,S
2025-04-26 16:00:02+00:00,KPA,data analyst,Remote,"['analyst', 'saas', 'salesforce', 'training', 'consulting', 'technical', 'support', 'software', 'content', 'operations', 'excel', 'health']",70000,115000,2022,SE,FT,405000,USD,405000,US,100,US,L
2025-04-26 16:00:02+00:00,KPA,data analyst,Remote,"['analyst', 'saas', 'salesforce', 'training', 'consulting', 'technical', 'support', 'software', 'content', 'operations', 'excel', 'health']",70000,115000,2022,SE,FT,135000,USD,135000,US,100,US,M
2025-04-26 16:00:02+00:00,KPA,data analyst,Remote,"['analyst', 'saas', 'salesforce', 'training', 'consulting', 'technical', 'support', 'software', 'content', 'operations', 'excel', 'health']",70000,115000,2022,SE,FT,100000,USD,100000,US,100,US,M
2025-04-26 16:00:02+00:00,KPA,data analyst,Remote,"['analyst', 'saas', 'salesforce', 'training', 'consulting', 'technical', 'support', 'software', 'content', 'operations', 'excel', 'health']",70000,115000,2022,SE,FT,90320,USD,90320,US,100,US,M
2025-04-26 16:00:02+00:00,KPA,data analyst,Remote,"['analyst', 'saas', 'salesforce', 'training', 'consulting', 'technical', 'support', 'software', 'content', 'operations', 'excel', 'health']",70000,115000,2022,MI,FT,85000,USD,85000,CA,0,CA,M
2025-04-26 16:00:02+00:00,KPA,data analyst,Remote,"['analyst', 'saas', 'salesforce', 'training', 'consulting', 'technical', 'support', 'software', 'content', 'operations', 'excel', 'health']",70000,115000,2022,MI,FT,75000,USD,75000,CA,0,CA,M
2025-04-26 16:00:02+00:00,KPA,data analyst,Remote,"['analyst', 'saas', 'salesforce', 'training', 'consulting', 'technical', 'support', 'software', 'content', 'operations', 'excel', 'health']",70000,115000,2022,SE,FT,112900,USD,112900,US,100,US,M
2025-04-26 16:00:02+00:00,KPA,data analyst,Remote,"['analyst', 'saas', 'salesforce', 'training', 'consulting', 'technical', 'support', 'software', 'content', 'operations', 'excel', 'health']",70000,115000,2022,SE,FT,115934,USD,115934,US,100,US,M
2025-04-26 16:00:02+00:00,KPA,data analyst,Remote,"['analyst', 'saas', 'salesforce', 'training', 'consulting', 'technical', 'support', 'software', 'content', 'operations', 'excel', 'health']",70000,115000,2022,SE,FT,81666,USD,81666,US,100,US,M
2025-04-26 16:00:02+00:00,KPA,data analyst,Remote,"['analyst', 'saas', 'salesforce', 'training', 'consulting', 'technical', 'support', 'software', 'content', 'operations', 'excel', 'health']",70000,115000,2022,SE,FT,99050,USD,99050,US,100,US,M
2025-04-26 16:00:02+00:00,KPA,data analyst,Remote,"['analyst', 'saas', 'salesforce', 'training', 'consulting', 'technical', 'support', 'software', 'content', 'operations', 'excel', 'health']",70000,115000,2022,SE,FT,205300,USD,205300,US,0,US,M
2025-04-26 16:00:02+00:00,KPA,data analyst,Remote,"['analyst', 'saas', 'salesforce', 'training', 'consulting', 'technical', 'support', 'software', 'content', 'operations', 'excel', 'health']",70000,115000,2022,SE,FT,184700,USD,184700,US,0,US,M
2025-04-26 16:00:02+00:00,KPA,data analyst,Remote,"['analyst', 'saas', 'salesforce', 'training', 'consulting', 'technical', 'support', 'software', 'content', 'operations', 'excel', 'health']",70000,115000,2022,SE,FT,116150,USD,116150,US,100,US,M
2025-04-26 16:00:02+00:00,KPA,data analyst,Remote,"['analyst', 'saas', 'salesforce', 'training', 'consulting', 'technical', 'support', 'software', 'content', 'operations', 'excel', 'health']",70000,115000,2022,SE,FT,170000,USD,170000,US,100,US,M
2025-04-26 16:00:02+00:00,KPA,data analyst,Remote,"['analyst', 'saas', 'salesforce', 'training', 'consulting', 'technical', 'support', 'software', 'content', 'operations', 'excel', 'health']",70000,115000,2022,MI,FT,50000,GBP,65438,GB,0,GB,M
2025-04-26 16:00:02+00:00,KPA,data analyst,Remote,"['analyst', 'saas', 'salesforce', 'training', 'consulting', 'technical', 'support', 'software', 'content', 'operations', 'excel', 'health']",70000,115000,2022,SE,FT,80000,USD,80000,US,100,US,M
2025-04-26 16:00:02+00:00,KPA,data analyst,Remote,"['analyst', 'saas', 'salesforce', 'training', 'consulting', 'technical', 'support', 'software', 'content', 'operations', 'excel', 'health']",70000,115000,2022,SE,FT,100000,USD,100000,US,100,US,M
2025-04-26 16:00:02+00:00,KPA,data analyst,Remote,"['analyst', 'saas', 'salesforce', 'training', 'consulting', 'technical', 'support', 'software', 'content', 'operations', 'excel', 'health']",70000,115000,2022,SE,FT,69000,USD,69000,US,100,US,M
2025-04-26 16:00:02+00:00,KPA,data analyst,Remote,"['analyst', 'saas', 'salesforce', 'training', 'consulting', 'technical', 'support', 'software', 'content', 'operations', 'excel', 'health']",70000,115000,2022,SE,FT,150075,USD,150075,US,100,US,M
2025-04-26 16:00:02+00:00,KPA,data analyst,Remote,"['analyst', 'saas', 'salesforce', 'training', 'consulting', 'technical', 'support', 'software', 'content', 'operations', 'excel', 'health']",70000,115000,2022,SE,FT,126500,USD,126500,US,100,US,M
2025-04-26 16:00:02+00:00,KPA,data analyst,Remote,"['analyst', 'saas', 'salesforce', 'training', 'consulting', 'technical', 'support', 'software', 'content', 'operations', 'excel', 'health']",70000,115000,2022,SE,FT,106260,USD,106260,US,100,US,M
2025-04-26 16:00:02+00:00,KPA,data analyst,Remote,"['analyst', 'saas', 'salesforce', 'training', 'consulting', 'technical', 'support', 'software', 'content', 'operations', 'excel', 'health']",70000,115000,2022,SE,FT,105000,USD,105000,US,100,US,M
2025-04-26 16:00:02+00:00,KPA,data analyst,Remote,"['analyst', 'saas', 'salesforce', 'training', 'consulting', 'technical', 'support', 'software', 'content', 'operations', 'excel', 'health']",70000,115000,2022,SE,FT,110925,USD,110925,US,100,US,M
2025-04-26 16:00:02+00:00,KPA,data analyst,Remote,"['analyst', 'saas', 'salesforce', 'training', 'consulting', 'technical', 'support', 'software', 'content', 'operations', 'excel', 'health']",70000,115000,2022,MI,FT,35000,GBP,45807,GB,0,GB,M
2025-04-26 16:00:02+00:00,KPA,data analyst,Remote,"['analyst', 'saas', 'salesforce', 'training', 'consulting', 'technical', 'support', 'software', 'content', 'operations', 'excel', 'health']",70000,115000,2022,SE,FT,99000,USD,99000,US,0,US,M
2025-04-26 16:00:02+00:00,KPA,data analyst,Remote,"['analyst', 'saas', 'salesforce', 'training', 'consulting', 'technical', 'support', 'software', 'content', 'operations', 'excel', 'health']",70000,115000,2022,SE,FT,60000,USD,60000,US,100,US,M
2025-04-26 16:00:02+00:00,KPA,data analyst,Remote,"['analyst', 'saas', 'salesforce', 'training', 'consulting', 'technical', 'support', 'software', 'content', 'operations', 'excel', 'health']",70000,115000,2022,SE,FT,150260,USD,150260,US,100,US,M
2025-04-26 16:00:02+00:00,KPA,data analyst,Remote,"['analyst', 'saas', 'salesforce', 'training', 'consulting', 'technical', 'support', 'software', 'content', 'operations', 'excel', 'health']",70000,115000,2022,SE,FT,109280,USD,109280,US,100,US,M
2025-04-26 16:00:02+00:00,KPA,data analyst,Remote,"['analyst', 'saas', 'salesforce', 'training', 'consulting', 'technical', 'support', 'software', 'content', 'operations', 'excel', 'health']",70000,115000,2022,SE,FT,170000,USD,170000,US,100,US,M
2025-04-26 16:00:02+00:00,KPA,data analyst,Remote,"['analyst', 'saas', 'salesforce', 'training', 'consulting', 'technical', 'support', 'software', 'content', 'operations', 'excel', 'health']",70000,115000,2022,EN,FT,67000,USD,67000,CA,0,CA,M
2025-04-26 16:00:02+00:00,KPA,data analyst,Remote,"['analyst', 'saas', 'salesforce', 'training', 'consulting', 'technical', 'support', 'software', 'content', 'operations', 'excel', 'health']",70000,115000,2022,EN,FT,52000,USD,52000,CA,0,CA,M
2025-04-26 16:00:02+00:00,KPA,data analyst,Remote,"['analyst', 'saas', 'salesforce', 'training', 'consulting', 'technical', 'support', 'software', 'content', 'operations', 'excel', 'health']",70000,115000,2022,SE,FT,129000,USD,129000,US,0,US,M
2025-04-26 16:00:02+00:00,KPA,data analyst,Remote,"['analyst', 'saas', 'salesforce', 'training', 'consulting', 'technical', 'support', 'software', 'content', 'operations', 'excel', 'health']",70000,115000,2022,SE,FT,150000,USD,150000,US,100,US,M
